case_id,category,split,replay_verified,tx_hash,frame_index,depth,parent,call_tree,kind,target_address,target_role,function,decoded,value,gas,outcome,args_preview,events_preview,is_gt_vuln_function,role,essential,annotator,notes
C03,access_control,test,no,0x3f1973fe56de5ecd59a815d3b14741cf48385903b0ccfe248f7f10c2765061f7,1,0,,[CREATE] 0x4985DB..7238.new <unknown>(),CREATE,0x4985DB6Fa42F6a30Ea7D20CB19591A0552C67238,attack_contract,new <unknown>,yes,,823108,Return,,,,,,,
C03,access_control,test,no,0x3f1973fe56de5ecd59a815d3b14741cf48385903b0ccfe248f7f10c2765061f7,2,1,1,  [STATICCALL] 0x9A1aEF..2a54.balanceOf(),STATICCALL,0x9A1aEF8C9ADA4224aD774aFdaC07C24955C92a54,victim,balanceOf,yes,,2496,Return,0x6a8C4448763C08aDEb80ADEbF7A29b9477Fa0628,,,,,,
C03,access_control,test,no,0x3f1973fe56de5ecd59a815d3b14741cf48385903b0ccfe248f7f10c2765061f7,3,1,1,  [CALL] 0x9A1aEF..2a54.mint(),CALL,0x9A1aEF8C9ADA4224aD774aFdaC07C24955C92a54,victim,mint,yes,,32440,Return,"0x4985DB6Fa42F6a30Ea7D20CB19591A0552C67238, 146965900202189951396348800 [1.469e26], """"","Transfer(from: 0x0000000000000000000000000000000000000000, to: 0x4985DB6Fa42F6a30Ea7D20CB19591A0552C67238, amount: 146965900202189951396348800 [1.469e26]) | top...",yes,,,,
C03,access_control,test,no,0x3f1973fe56de5ecd59a815d3b14741cf48385903b0ccfe248f7f10c2765061f7,4,1,1,  [STATICCALL] 0x9A1aEF..2a54.balanceOf(),STATICCALL,0x9A1aEF8C9ADA4224aD774aFdaC07C24955C92a54,victim,balanceOf,yes,,496,Return,0x4985DB6Fa42F6a30Ea7D20CB19591A0552C67238,,,,,,
C03,access_control,test,no,0x3f1973fe56de5ecd59a815d3b14741cf48385903b0ccfe248f7f10c2765061f7,5,1,1,  [CALL] 0x9A1aEF..2a54.approve(),CALL,0x9A1aEF8C9ADA4224aD774aFdaC07C24955C92a54,victim,approve,yes,,24607,Return,"0x10ED43C718714eb63d5aA57B78B54704E256024E, 146965900202189951396348800 [1.469e26]","Approval(owner: 0x4985DB6Fa42F6a30Ea7D20CB19591A0552C67238, spender: 0x10ED43C718714eb63d5aA57B78B54704E256024E, amount: 146965900202189951396348800 [1.469e26])",,,,,
C03,access_control,test,no,0x3f1973fe56de5ecd59a815d3b14741cf48385903b0ccfe248f7f10c2765061f7,6,1,1,  [CALL] 0x10ED43..024E.swapExactTokensForTokensSupportingFeeOnTransferTokens(),CALL,0x10ED43C718714eb63d5aA57B78B54704E256024E,,swapExactTokensForTokensSupportingFeeOnTransferTokens,yes,,89932,Stop,"146965900202189951396348800 [1.469e26], 0, [0x9A1aEF8C9ADA4224aD774aFdaC07C24955C92a54, 0x55d398326f99059fF775485246999027B3197955], 0x9bf2c7C21f3C488A1855Dcd49...",,,,,,
C03,access_control,test,no,0x3f1973fe56de5ecd59a815d3b14741cf48385903b0ccfe248f7f10c2765061f7,7,2,6,    [CALL] 0x9A1aEF..2a54.transferFrom(),CALL,0x9A1aEF8C9ADA4224aD774aFdaC07C24955C92a54,victim,transferFrom,yes,,8979,Return,"0x4985DB6Fa42F6a30Ea7D20CB19591A0552C67238, 0x6a8C4448763C08aDEb80ADEbF7A29b9477Fa0628, 146965900202189951396348800 [1.469e26]","Transfer(from: 0x4985DB6Fa42F6a30Ea7D20CB19591A0552C67238, to: 0x6a8C4448763C08aDEb80ADEbF7A29b9477Fa0628, amount: 146965900202189951396348800 [1.469e26]) | App...",,,,,
C03,access_control,test,no,0x3f1973fe56de5ecd59a815d3b14741cf48385903b0ccfe248f7f10c2765061f7,8,2,6,    [STATICCALL] 0x55d398..7955.balanceOf(),STATICCALL,0x55d398326f99059fF775485246999027B3197955,,balanceOf,yes,,2531,Return,0x9bf2c7C21f3C488A1855Dcd49158841C23e5c35b,,,,,,
C03,access_control,test,no,0x3f1973fe56de5ecd59a815d3b14741cf48385903b0ccfe248f7f10c2765061f7,9,2,6,    [STATICCALL] 0x6a8C44..0628.getReserves(),STATICCALL,0x6a8C4448763C08aDEb80ADEbF7A29b9477Fa0628,,getReserves,yes,,2893,Return,,,,,,,
C03,access_control,test,no,0x3f1973fe56de5ecd59a815d3b14741cf48385903b0ccfe248f7f10c2765061f7,10,2,6,    [STATICCALL] 0x9A1aEF..2a54.balanceOf(),STATICCALL,0x9A1aEF8C9ADA4224aD774aFdaC07C24955C92a54,victim,balanceOf,yes,,496,Return,0x6a8C4448763C08aDEb80ADEbF7A29b9477Fa0628,,,,,,
C03,access_control,test,no,0x3f1973fe56de5ecd59a815d3b14741cf48385903b0ccfe248f7f10c2765061f7,11,2,6,    [CALL] 0x6a8C44..0628.swap(),CALL,0x6a8C4448763C08aDEb80ADEbF7A29b9477Fa0628,,swap,yes,,62310,Stop,"90488670389646322334139 [9.048e22], 0, 0x9bf2c7C21f3C488A1855Dcd49158841C23e5c35b, 0x","Sync(: 1814309180744788417728 [1.814e21], : 149905218206233750424275776 [1.499e26]) | Swap(param0: 0x10ED43C718714eb63d5aA57B78B54704E256024E, param1: 0, param2...",,,,,
C03,access_control,test,no,0x3f1973fe56de5ecd59a815d3b14741cf48385903b0ccfe248f7f10c2765061f7,12,3,11,      [CALL] 0x55d398..7955.transfer(),CALL,0x55d398326f99059fF775485246999027B3197955,,transfer,yes,,27971,Return,"0x9bf2c7C21f3C488A1855Dcd49158841C23e5c35b, 90488670389646322334139 [9.048e22]","Transfer(from: 0x6a8C4448763C08aDEb80ADEbF7A29b9477Fa0628, to: 0x9bf2c7C21f3C488A1855Dcd49158841C23e5c35b, amount: 90488670389646322334139 [9.048e22])",,,,,
C03,access_control,test,no,0x3f1973fe56de5ecd59a815d3b14741cf48385903b0ccfe248f7f10c2765061f7,13,3,11,      [STATICCALL] 0x55d398..7955.balanceOf(),STATICCALL,0x55d398326f99059fF775485246999027B3197955,,balanceOf,yes,,531,Return,0x6a8C4448763C08aDEb80ADEbF7A29b9477Fa0628,,,,,,
C03,access_control,test,no,0x3f1973fe56de5ecd59a815d3b14741cf48385903b0ccfe248f7f10c2765061f7,14,3,11,      [STATICCALL] 0x9A1aEF..2a54.balanceOf(),STATICCALL,0x9A1aEF8C9ADA4224aD774aFdaC07C24955C92a54,victim,balanceOf,yes,,496,Return,0x6a8C4448763C08aDEb80ADEbF7A29b9477Fa0628,,,,,,
C03,access_control,test,no,0x3f1973fe56de5ecd59a815d3b14741cf48385903b0ccfe248f7f10c2765061f7,15,2,6,    [STATICCALL] 0x55d398..7955.balanceOf(),STATICCALL,0x55d398326f99059fF775485246999027B3197955,,balanceOf,yes,,531,Return,0x9bf2c7C21f3C488A1855Dcd49158841C23e5c35b,,,,,,
C06,arbitrary_external_call,test,yes,0x23fcf9d4517f7cc39815b09b0a80c023ab2c8196c826c93b4100f2e26b701286,1,0,,[CALL] 0x65c210..1F06.performOperations(),CALL,0x65c210c59B43EB68112b7a4f75C8393C36491F06,attack_contract,performOperations,yes,,51877,Return,"[30], [0], [0x000000000000000000000000b05cabcd99cf9a73b19805edefc5f67ca5d1895e00000000000000000000000000000000000000000000000000000000000000a0000000000000000000...",,,,,,
C06,arbitrary_external_call,test,yes,0x23fcf9d4517f7cc39815b09b0a80c023ab2c8196c826c93b4100f2e26b701286,2,1,1,  [DELEGATECALL] 0x45e15d..148B.performOperations(),DELEGATECALL,0x45e15d1e4F92f28A916F4f2971Ad9adc278e148B,victim,performOperations,yes,,49088,Return,"[30], [0], [0x000000000000000000000000b05cabcd99cf9a73b19805edefc5f67ca5d1895e00000000000000000000000000000000000000000000000000000000000000a0000000000000000000...",,yes,,,,
C06,arbitrary_external_call,test,yes,0x23fcf9d4517f7cc39815b09b0a80c023ab2c8196c826c93b4100f2e26b701286,3,2,2,    [CALL] 0xB05cAB..895E.transferFrom(),CALL,0xB05cABCd99cf9a73b19805edefC5f67CA5d1895E,,transferFrom,yes,,37241,Return,"0x9CBF099ff424979439dFBa03F00B5961784c06ce, 0x94641c01a4937f2C8eF930580cF396142a2942DC, 1385238431763437306795 [1.385e21]","Transfer(from: 0x9CBF099ff424979439dFBa03F00B5961784c06ce, to: 0x94641c01a4937f2C8eF930580cF396142a2942DC, amount: 1385238431763437306795 [1.385e21])",,,,,
C09,arithmetic,dev,yes,0x33479bcfbc792aa0f8103ab0d7a3784788b5b0e1467c81ffbed1b7682660b4fa,1,0,,[CALL] 0x897679..A9EE.74a97af6(),CALL,0x89767960B76b009416Bc7ff4A4B79051eeD0A9EE,attack_contract,74a97af6,no,,128649,Return,00000000000000000000000000000000000000000000000000000000000000800000000000000000000000003ad416233f87a8ed4778ef92237655cfa4ece41500000000000000000000000000000000...,,,,,,
C09,arithmetic,dev,yes,0x33479bcfbc792aa0f8103ab0d7a3784788b5b0e1467c81ffbed1b7682660b4fa,2,1,1,  [CALL] 0x2D85F5..13c5.74a97af6(),CALL,0x2D85F5C295760b0AFe0b271b94254a8c58B513c5,,74a97af6,no,,115866,Return,0000000000000000000000000000000000000000000000000000000000000080000000000000000000000000a4aafee01a8bd3808fb9dfd6352d5015fe42720e00000000000000000000000000000000...,,,,,,
C09,arithmetic,dev,yes,0x33479bcfbc792aa0f8103ab0d7a3784788b5b0e1467c81ffbed1b7682660b4fa,3,2,2,    [CALL] 0xB3FB1D..85dE.withdraw(),CALL,0xB3FB1D01B07A706736Ca175f827e4F56021b85dE,victim,withdraw,yes,,106332,Stop,8792873290680252648282 [8.792e21],"Withdrawn(param0: 0x2D85F5C295760b0AFe0b271b94254a8c58B513c5, param1: 8792873290680252648282 [8.792e21])",yes,,,,
C09,arithmetic,dev,yes,0x33479bcfbc792aa0f8103ab0d7a3784788b5b0e1467c81ffbed1b7682660b4fa,4,3,3,      [CALL] 0xB1BbeE..D042.transfer(),CALL,0xB1BbeEa2dA2905E6B0A30203aEf55c399C53D042,,transfer,yes,,29840,Return,"0x2D85F5C295760b0AFe0b271b94254a8c58B513c5, 8792873290680252648282 [8.792e21]","Transfer(from: 0xB3FB1D01B07A706736Ca175f827e4F56021b85dE, to: 0x2D85F5C295760b0AFe0b271b94254a8c58B513c5, amount: 8792873290680252648282 [8.792e21])",,,,,
C16,business_logic,test,yes,0xc310a0affe2169d1f6feec1c63dbc7f7c62a887fa48795d327d4d2da2d6b111d,1,0,,[CALL] 0xeBC291..Bf99.863df8af(),CALL,0xeBC29199C817Dc47BA12E3F86102564D640CBf99,attack_contract,863df8af,no,,2015830,Stop,,,,,,,
C16,business_logic,test,yes,0xc310a0affe2169d1f6feec1c63dbc7f7c62a887fa48795d327d4d2da2d6b111d,2,1,1,  [CALL] 0x6B1754..1d0F.decimals(),CALL,0x6B175474E89094C44Da98b954EedeAC495271d0F,,decimals,yes,,240,Return,,,,,,,
C16,business_logic,test,yes,0xc310a0affe2169d1f6feec1c63dbc7f7c62a887fa48795d327d4d2da2d6b111d,3,1,1,  [CALL] 0x6B1754..1d0F.decimals(),CALL,0x6B175474E89094C44Da98b954EedeAC495271d0F,,decimals,yes,,240,Return,,,,,,,
C16,business_logic,test,yes,0xc310a0affe2169d1f6feec1c63dbc7f7c62a887fa48795d327d4d2da2d6b111d,4,1,1,  [STATICCALL] 0x6B1754..1d0F.balanceOf(),STATICCALL,0x6B175474E89094C44Da98b954EedeAC495271d0F,,balanceOf,yes,,2602,Return,0x27182842E098f60e3D576794A5bFFb0777E025d3,,,,,,
C16,business_logic,test,yes,0xc310a0affe2169d1f6feec1c63dbc7f7c62a887fa48795d327d4d2da2d6b111d,5,1,1,  [CALL] 0x7d2768..c7A9.flashLoan(),CALL,0x7d2768dE32b0b80b7a3454c06BdAc94A69DDc7A9,,flashLoan,yes,,1993387,Return,"0xeBC29199C817Dc47BA12E3F86102564D640CBf99, [0x6B175474E89094C44Da98b954EedeAC495271d0F], [30000000000000000000000000 [3e25]], [0], 0xeBC29199C817Dc47BA12E3F861...",,,,,,
C16,business_logic,test,yes,0xc310a0affe2169d1f6feec1c63dbc7f7c62a887fa48795d327d4d2da2d6b111d,6,2,5,    [DELEGATECALL] 0xC6845a..5baf.flashLoan(),DELEGATECALL,0xC6845a5C768BF8D7681249f8927877Efda425baf,,flashLoan,yes,,1988162,Stop,"0xeBC29199C817Dc47BA12E3F86102564D640CBf99, [0x6B175474E89094C44Da98b954EedeAC495271d0F], [30000000000000000000000000 [3e25]], [0], 0xeBC29199C817Dc47BA12E3F861...","ReserveDataUpdated(param0: 0x6B175474E89094C44Da98b954EedeAC495271d0F, param1: 1959998735747773165680402 [1.959e24], param2: 105012559700472614291509045 [1.05e2...",,,,,
C16,business_logic,test,yes,0xc310a0affe2169d1f6feec1c63dbc7f7c62a887fa48795d327d4d2da2d6b111d,7,3,6,      [CALL] 0x028171..68A3.transferUnderlyingTo(),CALL,0x028171bCA77440897B824Ca71D1c56caC55b68A3,,transferUnderlyingTo,yes,,37076,Return,"0xeBC29199C817Dc47BA12E3F86102564D640CBf99, 30000000000000000000000000 [3e25]",,,,,,
C16,business_logic,test,yes,0xc310a0affe2169d1f6feec1c63dbc7f7c62a887fa48795d327d4d2da2d6b111d,8,4,7,        [DELEGATECALL] 0x7b2a3C..7bD0.transferUnderlyingTo(),DELEGATECALL,0x7b2a3CF972C3193F26CdeC6217D27379b6417bD0,,transferUnderlyingTo,yes,,31962,Return,"0xeBC29199C817Dc47BA12E3F86102564D640CBf99, 30000000000000000000000000 [3e25]",,,,,,
C16,business_logic,test,yes,0xc310a0affe2169d1f6feec1c63dbc7f7c62a887fa48795d327d4d2da2d6b111d,9,5,8,          [CALL] 0x6B1754..1d0F.transfer(),CALL,0x6B175474E89094C44Da98b954EedeAC495271d0F,,transfer,yes,,30174,Return,"0xeBC29199C817Dc47BA12E3F86102564D640CBf99, 30000000000000000000000000 [3e25]","Transfer(from: 0x028171bCA77440897B824Ca71D1c56caC55b68A3, to: 0xeBC29199C817Dc47BA12E3F86102564D640CBf99, amount: 30000000000000000000000000 [3e25])",,,,,
C16,business_logic,test,yes,0xc310a0affe2169d1f6feec1c63dbc7f7c62a887fa48795d327d4d2da2d6b111d,10,3,6,      [CALL] 0xeBC291..Bf99.executeOperation(),CALL,0xeBC29199C817Dc47BA12E3F86102564D640CBf99,attack_contract,executeOperation,yes,,1798478,Return,"[0x6B175474E89094C44Da98b954EedeAC495271d0F], [30000000000000000000000000 [3e25]], [27000000000000000000000 [2.7e22]], 0xeBC29199C817Dc47BA12E3F86102564D640CBf9...",,,,,,
C16,business_logic,test,yes,0xc310a0affe2169d1f6feec1c63dbc7f7c62a887fa48795d327d4d2da2d6b111d,11,4,10,        [CALL] 0x6B1754..1d0F.approve(),CALL,0x6B175474E89094C44Da98b954EedeAC495271d0F,,approve,yes,,24514,Return,"0x7d2768dE32b0b80b7a3454c06BdAc94A69DDc7A9, 115792089237316195423570985008687907853269984665640564039457584007913129639935 [1.157e77]","Approval(owner: 0xeBC29199C817Dc47BA12E3F86102564D640CBf99, spender: 0x7d2768dE32b0b80b7a3454c06BdAc94A69DDc7A9, amount: 115792089237316195423570985008687907853...",,,,,
C16,business_logic,test,yes,0xc310a0affe2169d1f6feec1c63dbc7f7c62a887fa48795d327d4d2da2d6b111d,12,4,10,        [CREATE] 0x583c21..6c72.new <unknown>(),CREATE,0x583c21631c48D442B5C0E605d624f54A0B366c72,,new <unknown>,yes,,982878,Return,,,,,,,
C16,business_logic,test,yes,0xc310a0affe2169d1f6feec1c63dbc7f7c62a887fa48795d327d4d2da2d6b111d,13,5,12,          [CREATE] 0xA0b3ee..f12b.new <unknown>(),CREATE,0xA0b3ee897f233F385E5D61086c32685257d4f12b,,new <unknown>,yes,,408243,Return,,,,,,,
C16,business_logic,test,yes,0xc310a0affe2169d1f6feec1c63dbc7f7c62a887fa48795d327d4d2da2d6b111d,14,4,10,        [CALL] 0x6B1754..1d0F.transfer(),CALL,0x6B175474E89094C44Da98b954EedeAC495271d0F,,transfer,yes,,25374,Return,"0x583c21631c48D442B5C0E605d624f54A0B366c72, 30000000000000000000000000 [3e25]","Transfer(from: 0xeBC29199C817Dc47BA12E3F86102564D640CBf99, to: 0x583c21631c48D442B5C0E605d624f54A0B366c72, amount: 30000000000000000000000000 [3e25])",,,,,
C16,business_logic,test,yes,0xc310a0affe2169d1f6feec1c63dbc7f7c62a887fa48795d327d4d2da2d6b111d,15,4,10,        [CALL] 0x583c21..6c72.9f443549(),CALL,0x583c21631c48D442B5C0E605d624f54A0B366c72,,9f443549,no,,706385,Return,000000000000000000000000ebc29199c817dc47ba12e3f86102564d640cbf990000000000000000000000000000000000000000000000000000000001c9c38000000000000000000000000000000000...,,,,,,
C16,business_logic,test,yes,0xc310a0affe2169d1f6feec1c63dbc7f7c62a887fa48795d327d4d2da2d6b111d,16,5,15,          [CALL] 0x6B1754..1d0F.decimals(),CALL,0x6B175474E89094C44Da98b954EedeAC495271d0F,,decimals,yes,,240,Return,,,,,,,
C16,business_logic,test,yes,0xc310a0affe2169d1f6feec1c63dbc7f7c62a887fa48795d327d4d2da2d6b111d,17,5,15,          [STATICCALL] 0x6B1754..1d0F.balanceOf(),STATICCALL,0x6B175474E89094C44Da98b954EedeAC495271d0F,,balanceOf,yes,,602,Return,0x583c21631c48D442B5C0E605d624f54A0B366c72,,,,,,
C16,business_logic,test,yes,0xc310a0affe2169d1f6feec1c63dbc7f7c62a887fa48795d327d4d2da2d6b111d,18,5,15,          [CALL] 0x6B1754..1d0F.decimals(),CALL,0x6B175474E89094C44Da98b954EedeAC495271d0F,,decimals,yes,,240,Return,,,,,,,
C16,business_logic,test,yes,0xc310a0affe2169d1f6feec1c63dbc7f7c62a887fa48795d327d4d2da2d6b111d,19,5,15,          [CALL] 0x6B1754..1d0F.approve(),CALL,0x6B175474E89094C44Da98b954EedeAC495271d0F,,approve,yes,,24514,Return,"0x27182842E098f60e3D576794A5bFFb0777E025d3, 115792089237316195423570985008687907853269984665640564039457584007913129639935 [1.157e77]","Approval(owner: 0x583c21631c48D442B5C0E605d624f54A0B366c72, spender: 0x27182842E098f60e3D576794A5bFFb0777E025d3, amount: 115792089237316195423570985008687907853...",,,,,
C16,business_logic,test,yes,0xc310a0affe2169d1f6feec1c63dbc7f7c62a887fa48795d327d4d2da2d6b111d,20,5,15,          [CALL] 0x6B1754..1d0F.decimals(),CALL,0x6B175474E89094C44Da98b954EedeAC495271d0F,,decimals,yes,,240,Return,,,,,,,
C16,business_logic,test,yes,0xc310a0affe2169d1f6feec1c63dbc7f7c62a887fa48795d327d4d2da2d6b111d,21,5,15,          [CALL] 0xe025E3..D9DC.deposit(),CALL,0xe025E3ca2bE02316033184551D4d3Aa22024D9DC,victim,deposit,yes,,96703,Return,"0, 20000000000000000000000000 [2e25]",,,,,,
C16,business_logic,test,yes,0xc310a0affe2169d1f6feec1c63dbc7f7c62a887fa48795d327d4d2da2d6b111d,22,6,21,            [CALL] 0x271828..25d3.e9c4a3ac(),CALL,0x27182842E098f60e3D576794A5bFFb0777E025d3,,e9c4a3ac,no,,93913,Return,e2bbb1580000000000000000000000000000000000000000000000000000000000000000000000000000000000000000000000000000000000108b2a2c28029094000000583c21631c48d442b5c0e605...,,,,,,
C16,business_logic,test,yes,0xc310a0affe2169d1f6feec1c63dbc7f7c62a887fa48795d327d4d2da2d6b111d,23,7,22,              [DELEGATECALL] 0xbb0D4b..4c0a.e2bbb158(),DELEGATECALL,0xbb0D4bb654a21054aF95456a3B29c63e8D1F4c0a,,e2bbb158,no,,86568,Stop,0000000000000000000000000000000000000000000000000000000000000000000000000000000000000000000000000000000000108b2a2c28029094000000583c21631c48d442b5c0e605d624f54a...,"RequestDeposit(param0: 0x583c21631c48D442B5C0E605d624f54A0B366c72, param1: 20000000000000000000000000 [2e25]) | Deposit(param0: 0x6B175474E89094C44Da98b954EedeA...",,,,,
C16,business_logic,test,yes,0xc310a0affe2169d1f6feec1c63dbc7f7c62a887fa48795d327d4d2da2d6b111d,24,8,23,                [STATICCALL] 0x6B1754..1d0F.balanceOf(),STATICCALL,0x6B175474E89094C44Da98b954EedeAC495271d0F,,balanceOf,yes,,602,Return,0x27182842E098f60e3D576794A5bFFb0777E025d3,,,,,,
C16,business_logic,test,yes,0xc310a0affe2169d1f6feec1c63dbc7f7c62a887fa48795d327d4d2da2d6b111d,25,8,23,                [CALL] 0x6B1754..1d0F.transferFrom(),CALL,0x6B175474E89094C44Da98b954EedeAC495271d0F,,transferFrom,yes,,6618,Return,"0x583c21631c48D442B5C0E605d624f54A0B366c72, 0x27182842E098f60e3D576794A5bFFb0777E025d3, 20000000000000000000000000 [2e25]","Transfer(from: 0x583c21631c48D442B5C0E605d624f54A0B366c72, to: 0x27182842E098f60e3D576794A5bFFb0777E025d3, amount: 20000000000000000000000000 [2e25])",,,,,
C16,business_logic,test,yes,0xc310a0affe2169d1f6feec1c63dbc7f7c62a887fa48795d327d4d2da2d6b111d,26,8,23,                [STATICCALL] 0x6B1754..1d0F.balanceOf(),STATICCALL,0x6B175474E89094C44Da98b954EedeAC495271d0F,,balanceOf,yes,,602,Return,0x27182842E098f60e3D576794A5bFFb0777E025d3,,,,,,
C16,business_logic,test,yes,0xc310a0affe2169d1f6feec1c63dbc7f7c62a887fa48795d327d4d2da2d6b111d,27,8,23,                [DELEGATECALL] 0x42ec0e..eE89.computeInterestRate(),DELEGATECALL,0x42ec0eb1d2746A9f2739D7501C5d5608bdE9eE89,,computeInterestRate,yes,,882,Return,"0x6B175474E89094C44Da98b954EedeAC495271d0F, 373591832 [3.735e8]",,,,,,
C16,business_logic,test,yes,0xc310a0affe2169d1f6feec1c63dbc7f7c62a887fa48795d327d4d2da2d6b111d,28,8,23,                [CALL] 0xe025E3..D9DC.03ddf252(),CALL,0xe025E3ca2bE02316033184551D4d3Aa22024D9DC,victim,03ddf252,no,,2004,Return,ad1be2c89b69c2b068fc378daa952ba7f163c4a11628f55a4df523b3ef0000000000000000000000000000000000000000000000000000000000000000000000000000000000000000583c21631c48d4...,"Transfer(from: 0x0000000000000000000000000000000000000000, to: 0x583c21631c48D442B5C0E605d624f54A0B366c72, amount: 19568124398774981141467060 [1.956e25])",,,,,
C16,business_logic,test,yes,0xc310a0affe2169d1f6feec1c63dbc7f7c62a887fa48795d327d4d2da2d6b111d,29,5,15,          [CALL] 0x6B1754..1d0F.decimals(),CALL,0x6B175474E89094C44Da98b954EedeAC495271d0F,,decimals,yes,,240,Return,,,,,,,
C16,business_logic,test,yes,0xc310a0affe2169d1f6feec1c63dbc7f7c62a887fa48795d327d4d2da2d6b111d,30,5,15,          [CALL] 0xe025E3..D9DC.mint(),CALL,0xe025E3ca2bE02316033184551D4d3Aa22024D9DC,victim,mint,yes,,120569,Return,"0, 200000000000000000000000000 [2e26]",,,,,,
C16,business_logic,test,yes,0xc310a0affe2169d1f6feec1c63dbc7f7c62a887fa48795d327d4d2da2d6b111d,31,6,30,            [CALL] 0x271828..25d3.e9c4a3ac(),CALL,0x27182842E098f60e3D576794A5bFFb0777E025d3,,e9c4a3ac,no,,120279,Return,1b2ef1ca0000000000000000000000000000000000000000000000000000000000000000000000000000000000000000000000000000000000a56fa5b99019a5c8000000583c21631c48d442b5c0e605...,,,,,,
C16,business_logic,test,yes,0xc310a0affe2169d1f6feec1c63dbc7f7c62a887fa48795d327d4d2da2d6b111d,32,7,31,              [DELEGATECALL] 0xbb0D4b..4c0a.1b2ef1ca(),DELEGATECALL,0xbb0D4bb654a21054aF95456a3B29c63e8D1F4c0a,,1b2ef1ca,no,,119434,Stop,0000000000000000000000000000000000000000000000000000000000000000000000000000000000000000000000000000000000a56fa5b99019a5c8000000583c21631c48d442b5c0e605d624f54a...,"RequestMint(param0: 0x583c21631c48D442B5C0E605d624f54A0B366c72, param1: 200000000000000000000000000 [2e26]) | Deposit(param0: 0x6B175474E89094C44Da98b954EedeAC4...",,,,,
C16,business_logic,test,yes,0xc310a0affe2169d1f6feec1c63dbc7f7c62a887fa48795d327d4d2da2d6b111d,33,8,32,                [STATICCALL] 0x6B1754..1d0F.balanceOf(),STATICCALL,0x6B175474E89094C44Da98b954EedeAC495271d0F,,balanceOf,yes,,602,Return,0x27182842E098f60e3D576794A5bFFb0777E025d3,,,,,,
C16,business_logic,test,yes,0xc310a0affe2169d1f6feec1c63dbc7f7c62a887fa48795d327d4d2da2d6b111d,34,8,32,                [DELEGATECALL] 0x42ec0e..eE89.computeInterestRate(),DELEGATECALL,0x42ec0eb1d2746A9f2739D7501C5d5608bdE9eE89,,computeInterestRate,yes,,882,Return,"0x6B175474E89094C44Da98b954EedeAC495271d0F, 373591832 [3.735e8]",,,,,,
C16,business_logic,test,yes,0xc310a0affe2169d1f6feec1c63dbc7f7c62a887fa48795d327d4d2da2d6b111d,35,8,32,                [CALL] 0xe025E3..D9DC.03ddf252(),CALL,0xe025E3ca2bE02316033184551D4d3Aa22024D9DC,victim,03ddf252,no,,2004,Return,ad1be2c89b69c2b068fc378daa952ba7f163c4a11628f55a4df523b3ef0000000000000000000000000000000000000000000000000000000000000000000000000000000000000000583c21631c48d4...,"Transfer(from: 0x0000000000000000000000000000000000000000, to: 0x583c21631c48D442B5C0E605d624f54A0B366c72, amount: 195681243987749811414670603 [1.956e26])",,,,,
C16,business_logic,test,yes,0xc310a0affe2169d1f6feec1c63dbc7f7c62a887fa48795d327d4d2da2d6b111d,36,8,32,                [DELEGATECALL] 0x42ec0e..eE89.computeInterestRate(),DELEGATECALL,0x42ec0eb1d2746A9f2739D7501C5d5608bdE9eE89,,computeInterestRate,yes,,1099,Return,"0x6B175474E89094C44Da98b954EedeAC495271d0F, 3759074833 [3.759e9]",,,,,,
C16,business_logic,test,yes,0xc310a0affe2169d1f6feec1c63dbc7f7c62a887fa48795d327d4d2da2d6b111d,37,8,32,                [CALL] 0x6085Bc..4686.03ddf252(),CALL,0x6085Bc95F506c326DCBCD7A6dd6c79FBc18d4686,,03ddf252,no,,2004,Return,ad1be2c89b69c2b068fc378daa952ba7f163c4a11628f55a4df523b3ef0000000000000000000000000000000000000000000000000000000000000000000000000000000000000000583c21631c48d4...,"Transfer(from: 0x0000000000000000000000000000000000000000, to: 0x583c21631c48D442B5C0E605d624f54A0B366c72, amount: 200000000000000000000000000 [2e26])",,,,,
C16,business_logic,test,yes,0xc310a0affe2169d1f6feec1c63dbc7f7c62a887fa48795d327d4d2da2d6b111d,38,8,32,                [DELEGATECALL] 0x3297c8..31a6.requireLiquidity(),DELEGATECALL,0x3297c8db9360f87a7f7826f52A4FA143988931a6,,requireLiquidity,yes,,31617,Stop,0x583c21631c48D442B5C0E605d624f54A0B366c72,,,,,,
C16,business_logic,test,yes,0xc310a0affe2169d1f6feec1c63dbc7f7c62a887fa48795d327d4d2da2d6b111d,39,9,38,                  [STATICCALL] 0x6B1754..1d0F.balanceOf(),STATICCALL,0x6B175474E89094C44Da98b954EedeAC495271d0F,,balanceOf,yes,,602,Return,0x27182842E098f60e3D576794A5bFFb0777E025d3,,,,,,
C16,business_logic,test,yes,0xc310a0affe2169d1f6feec1c63dbc7f7c62a887fa48795d327d4d2da2d6b111d,40,9,38,                  [STATICCALL] 0x773616..F1f4.latestAnswer(),STATICCALL,0x773616E4d11A78F511299002da57A0a94577F1f4,,latestAnswer,yes,,14592,Return,,,,,,,
C16,business_logic,test,yes,0xc310a0affe2169d1f6feec1c63dbc7f7c62a887fa48795d327d4d2da2d6b111d,41,10,40,                    [STATICCALL] 0x158228..33FC.latestAnswer(),STATICCALL,0x158228e08C52F3e2211Ccbc8ec275FA93f6033FC,,latestAnswer,yes,,7096,Return,,,,,,,
C16,business_logic,test,yes,0xc310a0affe2169d1f6feec1c63dbc7f7c62a887fa48795d327d4d2da2d6b111d,42,5,15,          [CALL] 0x6B1754..1d0F.decimals(),CALL,0x6B175474E89094C44Da98b954EedeAC495271d0F,,decimals,yes,,240,Return,,,,,,,
C16,business_logic,test,yes,0xc310a0affe2169d1f6feec1c63dbc7f7c62a887fa48795d327d4d2da2d6b111d,43,5,15,          [CALL] 0x6085Bc..4686.repay(),CALL,0x6085Bc95F506c326DCBCD7A6dd6c79FBc18d4686,,repay,yes,,40912,Return,"0, 10000000000000000000000000 [1e25]",,,,,,
C16,business_logic,test,yes,0xc310a0affe2169d1f6feec1c63dbc7f7c62a887fa48795d327d4d2da2d6b111d,44,6,43,            [CALL] 0x271828..25d3.e9c4a3ac(),CALL,0x27182842E098f60e3D576794A5bFFb0777E025d3,,e9c4a3ac,no,,40622,Return,d8aed1450000000000000000000000000000000000000000000000000000000000000000000000000000000000000000000000000000000000084595161401484a000000583c21631c48d442b5c0e605...,,,,,,
C16,business_logic,test,yes,0xc310a0affe2169d1f6feec1c63dbc7f7c62a887fa48795d327d4d2da2d6b111d,45,7,44,              [DELEGATECALL] 0x29DaDd..FF79.d8aed145(),DELEGATECALL,0x29DaDdfdA3442693c21A50351a2B4820DDbBFF79,,d8aed145,no,,33277,Stop,0000000000000000000000000000000000000000000000000000000000000000000000000000000000000000000000000000000000084595161401484a000000583c21631c48d442b5c0e605d624f54a...,"RequestRepay(param0: 0x583c21631c48D442B5C0E605d624f54A0B366c72, param1: 10000000000000000000000000 [1e25]) | Repay(param0: 0x6B175474E89094C44Da98b954EedeAC495...",,,,,
C16,business_logic,test,yes,0xc310a0affe2169d1f6feec1c63dbc7f7c62a887fa48795d327d4d2da2d6b111d,46,8,45,                [STATICCALL] 0x6B1754..1d0F.balanceOf(),STATICCALL,0x6B175474E89094C44Da98b954EedeAC495271d0F,,balanceOf,yes,,602,Return,0x27182842E098f60e3D576794A5bFFb0777E025d3,,,,,,
C16,business_logic,test,yes,0xc310a0affe2169d1f6feec1c63dbc7f7c62a887fa48795d327d4d2da2d6b111d,47,8,45,                [CALL] 0x6B1754..1d0F.transferFrom(),CALL,0x6B175474E89094C44Da98b954EedeAC495271d0F,,transferFrom,yes,,3818,Return,"0x583c21631c48D442B5C0E605d624f54A0B366c72, 0x27182842E098f60e3D576794A5bFFb0777E025d3, 10000000000000000000000000 [1e25]","Transfer(from: 0x583c21631c48D442B5C0E605d624f54A0B366c72, to: 0x27182842E098f60e3D576794A5bFFb0777E025d3, amount: 10000000000000000000000000 [1e25])",,,,,
C16,business_logic,test,yes,0xc310a0affe2169d1f6feec1c63dbc7f7c62a887fa48795d327d4d2da2d6b111d,48,8,45,                [STATICCALL] 0x6B1754..1d0F.balanceOf(),STATICCALL,0x6B175474E89094C44Da98b954EedeAC495271d0F,,balanceOf,yes,,602,Return,0x27182842E098f60e3D576794A5bFFb0777E025d3,,,,,,
C16,business_logic,test,yes,0xc310a0affe2169d1f6feec1c63dbc7f7c62a887fa48795d327d4d2da2d6b111d,49,8,45,                [DELEGATECALL] 0x42ec0e..eE89.computeInterestRate(),DELEGATECALL,0x42ec0eb1d2746A9f2739D7501C5d5608bdE9eE89,,computeInterestRate,yes,,1099,Return,"0x6B175474E89094C44Da98b954EedeAC495271d0F, 3573673832 [3.573e9]",,,,,,
C16,business_logic,test,yes,0xc310a0affe2169d1f6feec1c63dbc7f7c62a887fa48795d327d4d2da2d6b111d,50,8,45,                [CALL] 0x6085Bc..4686.03ddf252(),CALL,0x6085Bc95F506c326DCBCD7A6dd6c79FBc18d4686,,03ddf252,no,,2004,Return,ad1be2c89b69c2b068fc378daa952ba7f163c4a11628f55a4df523b3ef000000000000000000000000583c21631c48d442b5c0e605d624f54a0b366c7200000000000000000000000000000000000000...,"Transfer(from: 0x583c21631c48D442B5C0E605d624f54A0B366c72, to: 0x0000000000000000000000000000000000000000, amount: 10000000000000000000000000 [1e25])",,,,,
C16,business_logic,test,yes,0xc310a0affe2169d1f6feec1c63dbc7f7c62a887fa48795d327d4d2da2d6b111d,51,5,15,          [CALL] 0x6B1754..1d0F.decimals(),CALL,0x6B175474E89094C44Da98b954EedeAC495271d0F,,decimals,yes,,240,Return,,,,,,,
C16,business_logic,test,yes,0xc310a0affe2169d1f6feec1c63dbc7f7c62a887fa48795d327d4d2da2d6b111d,52,5,15,          [CALL] 0xe025E3..D9DC.mint(),CALL,0xe025E3ca2bE02316033184551D4d3Aa22024D9DC,victim,mint,yes,,48754,Return,"0, 200000000000000000000000000 [2e26]",,,,,,
C16,business_logic,test,yes,0xc310a0affe2169d1f6feec1c63dbc7f7c62a887fa48795d327d4d2da2d6b111d,53,6,52,            [CALL] 0x271828..25d3.e9c4a3ac(),CALL,0x27182842E098f60e3D576794A5bFFb0777E025d3,,e9c4a3ac,no,,48464,Return,1b2ef1ca0000000000000000000000000000000000000000000000000000000000000000000000000000000000000000000000000000000000a56fa5b99019a5c8000000583c21631c48d442b5c0e605...,,,,,,
C16,business_logic,test,yes,0xc310a0affe2169d1f6feec1c63dbc7f7c62a887fa48795d327d4d2da2d6b111d,54,7,53,              [DELEGATECALL] 0xbb0D4b..4c0a.1b2ef1ca(),DELEGATECALL,0xbb0D4bb654a21054aF95456a3B29c63e8D1F4c0a,,1b2ef1ca,no,,47619,Stop,0000000000000000000000000000000000000000000000000000000000000000000000000000000000000000000000000000000000a56fa5b99019a5c8000000583c21631c48d442b5c0e605d624f54a...,"RequestMint(param0: 0x583c21631c48D442B5C0E605d624f54A0B366c72, param1: 200000000000000000000000000 [2e26]) | Deposit(param0: 0x6B175474E89094C44Da98b954EedeAC4...",,,,,
C16,business_logic,test,yes,0xc310a0affe2169d1f6feec1c63dbc7f7c62a887fa48795d327d4d2da2d6b111d,55,8,54,                [STATICCALL] 0x6B1754..1d0F.balanceOf(),STATICCALL,0x6B175474E89094C44Da98b954EedeAC495271d0F,,balanceOf,yes,,602,Return,0x27182842E098f60e3D576794A5bFFb0777E025d3,,,,,,
C16,business_logic,test,yes,0xc310a0affe2169d1f6feec1c63dbc7f7c62a887fa48795d327d4d2da2d6b111d,56,8,54,                [DELEGATECALL] 0x42ec0e..eE89.computeInterestRate(),DELEGATECALL,0x42ec0eb1d2746A9f2739D7501C5d5608bdE9eE89,,computeInterestRate,yes,,1099,Return,"0x6B175474E89094C44Da98b954EedeAC495271d0F, 3573673832 [3.573e9]",,,,,,
C16,business_logic,test,yes,0xc310a0affe2169d1f6feec1c63dbc7f7c62a887fa48795d327d4d2da2d6b111d,57,8,54,                [CALL] 0xe025E3..D9DC.03ddf252(),CALL,0xe025E3ca2bE02316033184551D4d3Aa22024D9DC,victim,03ddf252,no,,2004,Return,ad1be2c89b69c2b068fc378daa952ba7f163c4a11628f55a4df523b3ef0000000000000000000000000000000000000000000000000000000000000000000000000000000000000000583c21631c48d4...,"Transfer(from: 0x0000000000000000000000000000000000000000, to: 0x583c21631c48D442B5C0E605d624f54A0B366c72, amount: 195681243987749811414670603 [1.956e26])",,,,,
C16,business_logic,test,yes,0xc310a0affe2169d1f6feec1c63dbc7f7c62a887fa48795d327d4d2da2d6b111d,58,8,54,                [DELEGATECALL] 0x42ec0e..eE89.computeInterestRate(),DELEGATECALL,0x42ec0eb1d2746A9f2739D7501C5d5608bdE9eE89,,computeInterestRate,yes,,1099,Return,"0x6B175474E89094C44Da98b954EedeAC495271d0F, 3907870363 [3.907e9]",,,,,,
C16,business_logic,test,yes,0xc310a0affe2169d1f6feec1c63dbc7f7c62a887fa48795d327d4d2da2d6b111d,59,8,54,                [CALL] 0x6085Bc..4686.03ddf252(),CALL,0x6085Bc95F506c326DCBCD7A6dd6c79FBc18d4686,,03ddf252,no,,2004,Return,ad1be2c89b69c2b068fc378daa952ba7f163c4a11628f55a4df523b3ef0000000000000000000000000000000000000000000000000000000000000000000000000000000000000000583c21631c48d4...,"Transfer(from: 0x0000000000000000000000000000000000000000, to: 0x583c21631c48D442B5C0E605d624f54A0B366c72, amount: 200000000000000000000000000 [2e26])",,,,,
C16,business_logic,test,yes,0xc310a0affe2169d1f6feec1c63dbc7f7c62a887fa48795d327d4d2da2d6b111d,60,8,54,                [DELEGATECALL] 0x3297c8..31a6.requireLiquidity(),DELEGATECALL,0x3297c8db9360f87a7f7826f52A4FA143988931a6,,requireLiquidity,yes,,12617,Stop,0x583c21631c48D442B5C0E605d624f54A0B366c72,,,,,,
C16,business_logic,test,yes,0xc310a0affe2169d1f6feec1c63dbc7f7c62a887fa48795d327d4d2da2d6b111d,61,9,60,                  [STATICCALL] 0x6B1754..1d0F.balanceOf(),STATICCALL,0x6B175474E89094C44Da98b954EedeAC495271d0F,,balanceOf,yes,,602,Return,0x27182842E098f60e3D576794A5bFFb0777E025d3,,,,,,
C16,business_logic,test,yes,0xc310a0affe2169d1f6feec1c63dbc7f7c62a887fa48795d327d4d2da2d6b111d,62,9,60,                  [STATICCALL] 0x773616..F1f4.latestAnswer(),STATICCALL,0x773616E4d11A78F511299002da57A0a94577F1f4,,latestAnswer,yes,,2092,Return,,,,,,,
C16,business_logic,test,yes,0xc310a0affe2169d1f6feec1c63dbc7f7c62a887fa48795d327d4d2da2d6b111d,63,10,62,                    [STATICCALL] 0x158228..33FC.latestAnswer(),STATICCALL,0x158228e08C52F3e2211Ccbc8ec275FA93f6033FC,,latestAnswer,yes,,1096,Return,,,,,,,
C16,business_logic,test,yes,0xc310a0affe2169d1f6feec1c63dbc7f7c62a887fa48795d327d4d2da2d6b111d,64,5,15,          [CALL] 0xe025E3..D9DC.donateToReserves(),CALL,0xe025E3ca2bE02316033184551D4d3Aa22024D9DC,victim,donateToReserves,yes,,19037,Return,"0, 100000000000000000000000000 [1e26]",,yes,,,,
C16,business_logic,test,yes,0xc310a0affe2169d1f6feec1c63dbc7f7c62a887fa48795d327d4d2da2d6b111d,65,6,64,            [CALL] 0x271828..25d3.e9c4a3ac(),CALL,0x27182842E098f60e3D576794A5bFFb0777E025d3,,e9c4a3ac,no,,18747,Return,36f022aa000000000000000000000000000000000000000000000000000000000000000000000000000000000000000000000000000000000052b7d2dcc80cd2e4000000583c21631c48d442b5c0e605...,,,,,,
C16,business_logic,test,yes,0xc310a0affe2169d1f6feec1c63dbc7f7c62a887fa48795d327d4d2da2d6b111d,66,7,65,              [DELEGATECALL] 0xbb0D4b..4c0a.36f022aa(),DELEGATECALL,0xbb0D4bb654a21054aF95456a3B29c63e8D1F4c0a,,36f022aa,no,,17902,Stop,000000000000000000000000000000000000000000000000000000000000000000000000000000000000000000000000000000000052b7d2dcc80cd2e4000000583c21631c48d442b5c0e605d624f54a...,"RequestDonate(param0: 0x583c21631c48D442B5C0E605d624f54A0B366c72, param1: 100000000000000000000000000 [1e26]) | Withdraw(param0: 0x6B175474E89094C44Da98b954Eede...",,,,,
C16,business_logic,test,yes,0xc310a0affe2169d1f6feec1c63dbc7f7c62a887fa48795d327d4d2da2d6b111d,67,8,66,                [STATICCALL] 0x6B1754..1d0F.balanceOf(),STATICCALL,0x6B175474E89094C44Da98b954EedeAC495271d0F,,balanceOf,yes,,602,Return,0x27182842E098f60e3D576794A5bFFb0777E025d3,,,,,,
C16,business_logic,test,yes,0xc310a0affe2169d1f6feec1c63dbc7f7c62a887fa48795d327d4d2da2d6b111d,68,8,66,                [CALL] 0xe025E3..D9DC.03ddf252(),CALL,0xe025E3ca2bE02316033184551D4d3Aa22024D9DC,victim,03ddf252,no,,2004,Return,ad1be2c89b69c2b068fc378daa952ba7f163c4a11628f55a4df523b3ef000000000000000000000000583c21631c48d442b5c0e605d624f54a0b366c7200000000000000000000000000000000000000...,"Transfer(from: 0x583c21631c48D442B5C0E605d624f54A0B366c72, to: 0x0000000000000000000000000000000000000000, amount: 100000000000000000000000000 [1e26])",,,,,
C16,business_logic,test,yes,0xc310a0affe2169d1f6feec1c63dbc7f7c62a887fa48795d327d4d2da2d6b111d,69,5,15,          [CALL] 0xA0b3ee..f12b.a515d3c6(),CALL,0xA0b3ee897f233F385E5D61086c32685257d4f12b,,a515d3c6,no,,341634,Return,000000000000000000000000ebc29199c817dc47ba12e3f86102564d640cbf990000000000000000000000000000000000000000000000000000000001c9c38000000000000000000000000000000000...,,,,,,
C16,business_logic,test,yes,0xc310a0affe2169d1f6feec1c63dbc7f7c62a887fa48795d327d4d2da2d6b111d,70,6,69,            [CALL] 0xf43ce1..5b34.checkLiquidation(),CALL,0xf43ce1d09050BAfd6980dD43Cde2aB9F18C85b34,,checkLiquidation,yes,,58174,Return,"0xA0b3ee897f233F385E5D61086c32685257d4f12b, 0x583c21631c48D442B5C0E605d624f54A0B366c72, 0x6B175474E89094C44Da98b954EedeAC495271d0F, 0x6B175474E89094C44Da98b954E...",,,,,,
C16,business_logic,test,yes,0xc310a0affe2169d1f6feec1c63dbc7f7c62a887fa48795d327d4d2da2d6b111d,71,7,70,              [CALL] 0x271828..25d3.e9c4a3ac(),CALL,0x27182842E098f60e3D576794A5bFFb0777E025d3,,e9c4a3ac,no,,57854,Return,1a96d9d5000000000000000000000000a0b3ee897f233f385e5d61086c32685257d4f12b000000000000000000000000583c21631c48d442b5c0e605d624f54a0b366c72000000000000000000000000...,,,,,,
C16,business_logic,test,yes,0xc310a0affe2169d1f6feec1c63dbc7f7c62a887fa48795d327d4d2da2d6b111d,72,8,71,                [DELEGATECALL] 0xd737eE..eD98.1a96d9d5(),DELEGATECALL,0xd737eE2bB39F49C62a436002A77f2710cc45eD98,,1a96d9d5,no,,52665,Return,000000000000000000000000a0b3ee897f233f385e5d61086c32685257d4f12b000000000000000000000000583c21631c48d442b5c0e605d624f54a0b366c720000000000000000000000006b175474...,,,,,,
C16,business_logic,test,yes,0xc310a0affe2169d1f6feec1c63dbc7f7c62a887fa48795d327d4d2da2d6b111d,73,9,72,                  [DELEGATECALL] 0x3297c8..31a6.getPrice(),DELEGATECALL,0x3297c8db9360f87a7f7826f52A4FA143988931a6,,getPrice,yes,,7749,Return,0x6B175474E89094C44Da98b954EedeAC495271d0F,,,,,,
C16,business_logic,test,yes,0xc310a0affe2169d1f6feec1c63dbc7f7c62a887fa48795d327d4d2da2d6b111d,74,10,73,                    [STATICCALL] 0x6B1754..1d0F.balanceOf(),STATICCALL,0x6B175474E89094C44Da98b954EedeAC495271d0F,,balanceOf,yes,,602,Return,0x27182842E098f60e3D576794A5bFFb0777E025d3,,,,,,
C16,business_logic,test,yes,0xc310a0affe2169d1f6feec1c63dbc7f7c62a887fa48795d327d4d2da2d6b111d,75,10,73,                    [STATICCALL] 0x773616..F1f4.latestAnswer(),STATICCALL,0x773616E4d11A78F511299002da57A0a94577F1f4,,latestAnswer,yes,,2092,Return,,,,,,,
C16,business_logic,test,yes,0xc310a0affe2169d1f6feec1c63dbc7f7c62a887fa48795d327d4d2da2d6b111d,76,11,75,                      [STATICCALL] 0x158228..33FC.latestAnswer(),STATICCALL,0x158228e08C52F3e2211Ccbc8ec275FA93f6033FC,,latestAnswer,yes,,1096,Return,,,,,,,
C16,business_logic,test,yes,0xc310a0affe2169d1f6feec1c63dbc7f7c62a887fa48795d327d4d2da2d6b111d,77,9,72,                  [DELEGATECALL] 0x3297c8..31a6.getPrice(),DELEGATECALL,0x3297c8db9360f87a7f7826f52A4FA143988931a6,,getPrice,yes,,7749,Return,0x6B175474E89094C44Da98b954EedeAC495271d0F,,,,,,
C16,business_logic,test,yes,0xc310a0affe2169d1f6feec1c63dbc7f7c62a887fa48795d327d4d2da2d6b111d,78,10,77,                    [STATICCALL] 0x6B1754..1d0F.balanceOf(),STATICCALL,0x6B175474E89094C44Da98b954EedeAC495271d0F,,balanceOf,yes,,602,Return,0x27182842E098f60e3D576794A5bFFb0777E025d3,,,,,,
C16,business_logic,test,yes,0xc310a0affe2169d1f6feec1c63dbc7f7c62a887fa48795d327d4d2da2d6b111d,79,10,77,                    [STATICCALL] 0x773616..F1f4.latestAnswer(),STATICCALL,0x773616E4d11A78F511299002da57A0a94577F1f4,,latestAnswer,yes,,2092,Return,,,,,,,
C16,business_logic,test,yes,0xc310a0affe2169d1f6feec1c63dbc7f7c62a887fa48795d327d4d2da2d6b111d,80,11,79,                      [STATICCALL] 0x158228..33FC.latestAnswer(),STATICCALL,0x158228e08C52F3e2211Ccbc8ec275FA93f6033FC,,latestAnswer,yes,,1096,Return,,,,,,,
C16,business_logic,test,yes,0xc310a0affe2169d1f6feec1c63dbc7f7c62a887fa48795d327d4d2da2d6b111d,81,9,72,                  [STATICCALL] 0x6B1754..1d0F.balanceOf(),STATICCALL,0x6B175474E89094C44Da98b954EedeAC495271d0F,,balanceOf,yes,,602,Return,0x27182842E098f60e3D576794A5bFFb0777E025d3,,,,,,
C16,business_logic,test,yes,0xc310a0affe2169d1f6feec1c63dbc7f7c62a887fa48795d327d4d2da2d6b111d,82,9,72,                  [STATICCALL] 0x6B1754..1d0F.balanceOf(),STATICCALL,0x6B175474E89094C44Da98b954EedeAC495271d0F,,balanceOf,yes,,602,Return,0x27182842E098f60e3D576794A5bFFb0777E025d3,,,,,,
C16,business_logic,test,yes,0xc310a0affe2169d1f6feec1c63dbc7f7c62a887fa48795d327d4d2da2d6b111d,83,9,72,                  [DELEGATECALL] 0x3297c8..31a6.computeLiquidity(),DELEGATECALL,0x3297c8db9360f87a7f7826f52A4FA143988931a6,,computeLiquidity,yes,,12802,Return,0x583c21631c48D442B5C0E605d624f54A0B366c72,,,,,,
C16,business_logic,test,yes,0xc310a0affe2169d1f6feec1c63dbc7f7c62a887fa48795d327d4d2da2d6b111d,84,10,83,                    [STATICCALL] 0x6B1754..1d0F.balanceOf(),STATICCALL,0x6B175474E89094C44Da98b954EedeAC495271d0F,,balanceOf,yes,,602,Return,0x27182842E098f60e3D576794A5bFFb0777E025d3,,,,,,
C16,business_logic,test,yes,0xc310a0affe2169d1f6feec1c63dbc7f7c62a887fa48795d327d4d2da2d6b111d,85,10,83,                    [STATICCALL] 0x773616..F1f4.latestAnswer(),STATICCALL,0x773616E4d11A78F511299002da57A0a94577F1f4,,latestAnswer,yes,,2092,Return,,,,,,,
C16,business_logic,test,yes,0xc310a0affe2169d1f6feec1c63dbc7f7c62a887fa48795d327d4d2da2d6b111d,86,11,85,                      [STATICCALL] 0x158228..33FC.latestAnswer(),STATICCALL,0x158228e08C52F3e2211Ccbc8ec275FA93f6033FC,,latestAnswer,yes,,1096,Return,,,,,,,
C16,business_logic,test,yes,0xc310a0affe2169d1f6feec1c63dbc7f7c62a887fa48795d327d4d2da2d6b111d,87,6,69,            [CALL] 0xf43ce1..5b34.liquidate(),CALL,0xf43ce1d09050BAfd6980dD43Cde2aB9F18C85b34,,liquidate,yes,,185957,Return,"0x583c21631c48D442B5C0E605d624f54A0B366c72, 0x6B175474E89094C44Da98b954EedeAC495271d0F, 0x6B175474E89094C44Da98b954EedeAC495271d0F, 259319058410413226611199998 ...",,,,,,
C16,business_logic,test,yes,0xc310a0affe2169d1f6feec1c63dbc7f7c62a887fa48795d327d4d2da2d6b111d,88,7,87,              [CALL] 0x271828..25d3.e9c4a3ac(),CALL,0x27182842E098f60e3D576794A5bFFb0777E025d3,,e9c4a3ac,no,,185649,Return,6f70e66f000000000000000000000000583c21631c48d442b5c0e605d624f54a0b366c720000000000000000000000006b175474e89094c44da98b954eedeac495271d0f000000000000000000000000...,,,,,,
C16,business_logic,test,yes,0xc310a0affe2169d1f6feec1c63dbc7f7c62a887fa48795d327d4d2da2d6b111d,89,8,88,                [DELEGATECALL] 0xd737eE..eD98.6f70e66f(),DELEGATECALL,0xd737eE2bB39F49C62a436002A77f2710cc45eD98,,6f70e66f,no,,184972,Stop,000000000000000000000000583c21631c48d442b5c0e605d624f54a0b366c720000000000000000000000006b175474e89094c44da98b954eedeac495271d0f0000000000000000000000006b175474...,topic 0: 0x258be119f0bb402a931bfc28de6236747c14f2a56e87e9e7fe5151976b65e5a0 topic 1: 0x000000000000000000000000a0b3ee897f233f385e5d61086c32685257d4f12b topic 2:...,,,,,
C16,business_logic,test,yes,0xc310a0affe2169d1f6feec1c63dbc7f7c62a887fa48795d327d4d2da2d6b111d,90,9,89,                  [DELEGATECALL] 0x3297c8..31a6.getPrice(),DELEGATECALL,0x3297c8db9360f87a7f7826f52A4FA143988931a6,,getPrice,yes,,7749,Return,0x6B175474E89094C44Da98b954EedeAC495271d0F,,,,,,
C16,business_logic,test,yes,0xc310a0affe2169d1f6feec1c63dbc7f7c62a887fa48795d327d4d2da2d6b111d,91,10,90,                    [STATICCALL] 0x6B1754..1d0F.balanceOf(),STATICCALL,0x6B175474E89094C44Da98b954EedeAC495271d0F,,balanceOf,yes,,602,Return,0x27182842E098f60e3D576794A5bFFb0777E025d3,,,,,,
C16,business_logic,test,yes,0xc310a0affe2169d1f6feec1c63dbc7f7c62a887fa48795d327d4d2da2d6b111d,92,10,90,                    [STATICCALL] 0x773616..F1f4.latestAnswer(),STATICCALL,0x773616E4d11A78F511299002da57A0a94577F1f4,,latestAnswer,yes,,2092,Return,,,,,,,
C16,business_logic,test,yes,0xc310a0affe2169d1f6feec1c63dbc7f7c62a887fa48795d327d4d2da2d6b111d,93,11,92,                      [STATICCALL] 0x158228..33FC.latestAnswer(),STATICCALL,0x158228e08C52F3e2211Ccbc8ec275FA93f6033FC,,latestAnswer,yes,,1096,Return,,,,,,,
C16,business_logic,test,yes,0xc310a0affe2169d1f6feec1c63dbc7f7c62a887fa48795d327d4d2da2d6b111d,94,9,89,                  [DELEGATECALL] 0x3297c8..31a6.getPrice(),DELEGATECALL,0x3297c8db9360f87a7f7826f52A4FA143988931a6,,getPrice,yes,,7749,Return,0x6B175474E89094C44Da98b954EedeAC495271d0F,,,,,,
C16,business_logic,test,yes,0xc310a0affe2169d1f6feec1c63dbc7f7c62a887fa48795d327d4d2da2d6b111d,95,10,94,                    [STATICCALL] 0x6B1754..1d0F.balanceOf(),STATICCALL,0x6B175474E89094C44Da98b954EedeAC495271d0F,,balanceOf,yes,,602,Return,0x27182842E098f60e3D576794A5bFFb0777E025d3,,,,,,
C16,business_logic,test,yes,0xc310a0affe2169d1f6feec1c63dbc7f7c62a887fa48795d327d4d2da2d6b111d,96,10,94,                    [STATICCALL] 0x773616..F1f4.latestAnswer(),STATICCALL,0x773616E4d11A78F511299002da57A0a94577F1f4,,latestAnswer,yes,,2092,Return,,,,,,,
C16,business_logic,test,yes,0xc310a0affe2169d1f6feec1c63dbc7f7c62a887fa48795d327d4d2da2d6b111d,97,11,96,                      [STATICCALL] 0x158228..33FC.latestAnswer(),STATICCALL,0x158228e08C52F3e2211Ccbc8ec275FA93f6033FC,,latestAnswer,yes,,1096,Return,,,,,,,
C16,business_logic,test,yes,0xc310a0affe2169d1f6feec1c63dbc7f7c62a887fa48795d327d4d2da2d6b111d,98,9,89,                  [STATICCALL] 0x6B1754..1d0F.balanceOf(),STATICCALL,0x6B175474E89094C44Da98b954EedeAC495271d0F,,balanceOf,yes,,602,Return,0x27182842E098f60e3D576794A5bFFb0777E025d3,,,,,,
C16,business_logic,test,yes,0xc310a0affe2169d1f6feec1c63dbc7f7c62a887fa48795d327d4d2da2d6b111d,99,9,89,                  [STATICCALL] 0x6B1754..1d0F.balanceOf(),STATICCALL,0x6B175474E89094C44Da98b954EedeAC495271d0F,,balanceOf,yes,,602,Return,0x27182842E098f60e3D576794A5bFFb0777E025d3,,,,,,
C16,business_logic,test,yes,0xc310a0affe2169d1f6feec1c63dbc7f7c62a887fa48795d327d4d2da2d6b111d,100,9,89,                  [DELEGATECALL] 0x3297c8..31a6.computeLiquidity(),DELEGATECALL,0x3297c8db9360f87a7f7826f52A4FA143988931a6,,computeLiquidity,yes,,12802,Return,0x583c21631c48D442B5C0E605d624f54A0B366c72,,,,,,
C16,business_logic,test,yes,0xc310a0affe2169d1f6feec1c63dbc7f7c62a887fa48795d327d4d2da2d6b111d,101,10,100,                    [STATICCALL] 0x6B1754..1d0F.balanceOf(),STATICCALL,0x6B175474E89094C44Da98b954EedeAC495271d0F,,balanceOf,yes,,602,Return,0x27182842E098f60e3D576794A5bFFb0777E025d3,,,,,,
C16,business_logic,test,yes,0xc310a0affe2169d1f6feec1c63dbc7f7c62a887fa48795d327d4d2da2d6b111d,102,10,100,                    [STATICCALL] 0x773616..F1f4.latestAnswer(),STATICCALL,0x773616E4d11A78F511299002da57A0a94577F1f4,,latestAnswer,yes,,2092,Return,,,,,,,
C16,business_logic,test,yes,0xc310a0affe2169d1f6feec1c63dbc7f7c62a887fa48795d327d4d2da2d6b111d,103,11,102,                      [STATICCALL] 0x158228..33FC.latestAnswer(),STATICCALL,0x158228e08C52F3e2211Ccbc8ec275FA93f6033FC,,latestAnswer,yes,,1096,Return,,,,,,,
C16,business_logic,test,yes,0xc310a0affe2169d1f6feec1c63dbc7f7c62a887fa48795d327d4d2da2d6b111d,104,9,89,                  [STATICCALL] 0x6B1754..1d0F.balanceOf(),STATICCALL,0x6B175474E89094C44Da98b954EedeAC495271d0F,,balanceOf,yes,,602,Return,0x27182842E098f60e3D576794A5bFFb0777E025d3,,,,,,
C16,business_logic,test,yes,0xc310a0affe2169d1f6feec1c63dbc7f7c62a887fa48795d327d4d2da2d6b111d,105,9,89,                  [CALL] 0x6085Bc..4686.03ddf252(),CALL,0x6085Bc95F506c326DCBCD7A6dd6c79FBc18d4686,,03ddf252,no,,2004,Return,ad1be2c89b69c2b068fc378daa952ba7f163c4a11628f55a4df523b3ef000000000000000000000000583c21631c48d442b5c0e605d624f54a0b366c7200000000000000000000000000000000000000...,"Transfer(from: 0x583c21631c48D442B5C0E605d624f54A0B366c72, to: 0x0000000000000000000000000000000000000000, amount: 254234370990601202559999999 [2.542e26])",,,,,
C16,business_logic,test,yes,0xc310a0affe2169d1f6feec1c63dbc7f7c62a887fa48795d327d4d2da2d6b111d,106,9,89,                  [CALL] 0x6085Bc..4686.03ddf252(),CALL,0x6085Bc95F506c326DCBCD7A6dd6c79FBc18d4686,,03ddf252,no,,2004,Return,ad1be2c89b69c2b068fc378daa952ba7f163c4a11628f55a4df523b3ef0000000000000000000000000000000000000000000000000000000000000000000000000000000000000000a0b3ee897f233f...,"Transfer(from: 0x0000000000000000000000000000000000000000, to: 0xA0b3ee897f233F385E5D61086c32685257d4f12b, amount: 254234370990601202559999999 [2.542e26])",,,,,
C16,business_logic,test,yes,0xc310a0affe2169d1f6feec1c63dbc7f7c62a887fa48795d327d4d2da2d6b111d,107,9,89,                  [DELEGATECALL] 0x42ec0e..eE89.computeInterestRate(),DELEGATECALL,0x42ec0eb1d2746A9f2739D7501C5d5608bdE9eE89,,computeInterestRate,yes,,1099,Return,"0x6B175474E89094C44Da98b954EedeAC495271d0F, 3912377058 [3.912e9]",,,,,,
C16,business_logic,test,yes,0xc310a0affe2169d1f6feec1c63dbc7f7c62a887fa48795d327d4d2da2d6b111d,108,9,89,                  [CALL] 0x6085Bc..4686.03ddf252(),CALL,0x6085Bc95F506c326DCBCD7A6dd6c79FBc18d4686,,03ddf252,no,,2004,Return,ad1be2c89b69c2b068fc378daa952ba7f163c4a11628f55a4df523b3ef0000000000000000000000000000000000000000000000000000000000000000000000000000000000000000a0b3ee897f233f...,"Transfer(from: 0x0000000000000000000000000000000000000000, to: 0xA0b3ee897f233F385E5D61086c32685257d4f12b, amount: 5084687419812024051199999 [5.084e24])",,,,,
C16,business_logic,test,yes,0xc310a0affe2169d1f6feec1c63dbc7f7c62a887fa48795d327d4d2da2d6b111d,109,9,89,                  [STATICCALL] 0x6B1754..1d0F.balanceOf(),STATICCALL,0x6B175474E89094C44Da98b954EedeAC495271d0F,,balanceOf,yes,,602,Return,0x27182842E098f60e3D576794A5bFFb0777E025d3,,,,,,
C16,business_logic,test,yes,0xc310a0affe2169d1f6feec1c63dbc7f7c62a887fa48795d327d4d2da2d6b111d,110,9,89,                  [CALL] 0xe025E3..D9DC.03ddf252(),CALL,0xe025E3ca2bE02316033184551D4d3Aa22024D9DC,victim,03ddf252,no,,2004,Return,ad1be2c89b69c2b068fc378daa952ba7f163c4a11628f55a4df523b3ef000000000000000000000000583c21631c48d442b5c0e605d624f54a0b366c72000000000000000000000000a0b3ee897f233f...,"Transfer(from: 0x583c21631c48D442B5C0E605d624f54A0B366c72, to: 0xA0b3ee897f233F385E5D61086c32685257d4f12b, amount: 310930612374274603970808264 [3.109e26])",,,,,
C16,business_logic,test,yes,0xc310a0affe2169d1f6feec1c63dbc7f7c62a887fa48795d327d4d2da2d6b111d,111,9,89,                  [DELEGATECALL] 0x3297c8..31a6.requireLiquidity(),DELEGATECALL,0x3297c8db9360f87a7f7826f52A4FA143988931a6,,requireLiquidity,yes,,12617,Stop,0xA0b3ee897f233F385E5D61086c32685257d4f12b,,,,,,
C16,business_logic,test,yes,0xc310a0affe2169d1f6feec1c63dbc7f7c62a887fa48795d327d4d2da2d6b111d,112,10,111,                    [STATICCALL] 0x6B1754..1d0F.balanceOf(),STATICCALL,0x6B175474E89094C44Da98b954EedeAC495271d0F,,balanceOf,yes,,602,Return,0x27182842E098f60e3D576794A5bFFb0777E025d3,,,,,,
C16,business_logic,test,yes,0xc310a0affe2169d1f6feec1c63dbc7f7c62a887fa48795d327d4d2da2d6b111d,113,10,111,                    [STATICCALL] 0x773616..F1f4.latestAnswer(),STATICCALL,0x773616E4d11A78F511299002da57A0a94577F1f4,,latestAnswer,yes,,2092,Return,,,,,,,
C16,business_logic,test,yes,0xc310a0affe2169d1f6feec1c63dbc7f7c62a887fa48795d327d4d2da2d6b111d,114,11,113,                      [STATICCALL] 0x158228..33FC.latestAnswer(),STATICCALL,0x158228e08C52F3e2211Ccbc8ec275FA93f6033FC,,latestAnswer,yes,,1096,Return,,,,,,,
C16,business_logic,test,yes,0xc310a0affe2169d1f6feec1c63dbc7f7c62a887fa48795d327d4d2da2d6b111d,115,6,69,            [CALL] 0x6B1754..1d0F.decimals(),CALL,0x6B175474E89094C44Da98b954EedeAC495271d0F,,decimals,yes,,240,Return,,,,,,,
C16,business_logic,test,yes,0xc310a0affe2169d1f6feec1c63dbc7f7c62a887fa48795d327d4d2da2d6b111d,116,6,69,            [STATICCALL] 0x6B1754..1d0F.balanceOf(),STATICCALL,0x6B175474E89094C44Da98b954EedeAC495271d0F,,balanceOf,yes,,602,Return,0x27182842E098f60e3D576794A5bFFb0777E025d3,,,,,,
C16,business_logic,test,yes,0xc310a0affe2169d1f6feec1c63dbc7f7c62a887fa48795d327d4d2da2d6b111d,117,6,69,            [CALL] 0xe025E3..D9DC.withdraw(),CALL,0xe025E3ca2bE02316033184551D4d3Aa22024D9DC,victim,withdraw,yes,,65358,Return,"0, 38904507348306697267428294 [3.89e25]",,,,,,
C16,business_logic,test,yes,0xc310a0affe2169d1f6feec1c63dbc7f7c62a887fa48795d327d4d2da2d6b111d,118,7,117,              [CALL] 0x271828..25d3.e9c4a3ac(),CALL,0x27182842E098f60e3D576794A5bFFb0777E025d3,,e9c4a3ac,no,,65068,Return,441a3e700000000000000000000000000000000000000000000000000000000000000000000000000000000000000000000000000000000000202e5991bf52e5118fbbc6a0b3ee897f233f385e5d6108...,,,,,,
C16,business_logic,test,yes,0xc310a0affe2169d1f6feec1c63dbc7f7c62a887fa48795d327d4d2da2d6b111d,119,8,118,                [DELEGATECALL] 0xbb0D4b..4c0a.441a3e70(),DELEGATECALL,0xbb0D4bb654a21054aF95456a3B29c63e8D1F4c0a,,441a3e70,no,,64223,Stop,0000000000000000000000000000000000000000000000000000000000000000000000000000000000000000000000000000000000202e5991bf52e5118fbbc6a0b3ee897f233f385e5d61086c326852...,"RequestWithdraw(param0: 0xA0b3ee897f233F385E5D61086c32685257d4f12b, param1: 38904507348306697267428294 [3.89e25]) | Withdraw(param0: 0x6B175474E89094C44Da98b954...",,,,,
C16,business_logic,test,yes,0xc310a0affe2169d1f6feec1c63dbc7f7c62a887fa48795d327d4d2da2d6b111d,120,9,119,                  [STATICCALL] 0x6B1754..1d0F.balanceOf(),STATICCALL,0x6B175474E89094C44Da98b954EedeAC495271d0F,,balanceOf,yes,,602,Return,0x27182842E098f60e3D576794A5bFFb0777E025d3,,,,,,
C16,business_logic,test,yes,0xc310a0affe2169d1f6feec1c63dbc7f7c62a887fa48795d327d4d2da2d6b111d,121,9,119,                  [CALL] 0x6B1754..1d0F.transfer(),CALL,0x6B175474E89094C44Da98b954EedeAC495271d0F,,transfer,yes,,25374,Return,"0xA0b3ee897f233F385E5D61086c32685257d4f12b, 38904507348306697267428294 [3.89e25]","Transfer(from: 0x27182842E098f60e3D576794A5bFFb0777E025d3, to: 0xA0b3ee897f233F385E5D61086c32685257d4f12b, amount: 38904507348306697267428294 [3.89e25])",,,,,
C16,business_logic,test,yes,0xc310a0affe2169d1f6feec1c63dbc7f7c62a887fa48795d327d4d2da2d6b111d,122,9,119,                  [STATICCALL] 0x6B1754..1d0F.balanceOf(),STATICCALL,0x6B175474E89094C44Da98b954EedeAC495271d0F,,balanceOf,yes,,602,Return,0x27182842E098f60e3D576794A5bFFb0777E025d3,,,,,,
C16,business_logic,test,yes,0xc310a0affe2169d1f6feec1c63dbc7f7c62a887fa48795d327d4d2da2d6b111d,123,9,119,                  [DELEGATECALL] 0x42ec0e..eE89.computeInterestRate(),DELEGATECALL,0x42ec0eb1d2746A9f2739D7501C5d5608bdE9eE89,,computeInterestRate,yes,,1099,Return,"0x6B175474E89094C44Da98b954EedeAC495271d0F, 4294967295 [4.294e9]",,,,,,
C16,business_logic,test,yes,0xc310a0affe2169d1f6feec1c63dbc7f7c62a887fa48795d327d4d2da2d6b111d,124,9,119,                  [CALL] 0xe025E3..D9DC.03ddf252(),CALL,0xe025E3ca2bE02316033184551D4d3Aa22024D9DC,victim,03ddf252,no,,2004,Return,ad1be2c89b69c2b068fc378daa952ba7f163c4a11628f55a4df523b3ef000000000000000000000000a0b3ee897f233f385e5d61086c32685257d4f12b00000000000000000000000000000000000000...,"Transfer(from: 0xA0b3ee897f233F385E5D61086c32685257d4f12b, to: 0x0000000000000000000000000000000000000000, amount: 38064411973236041314928395 [3.806e25])",,,,,
C16,business_logic,test,yes,0xc310a0affe2169d1f6feec1c63dbc7f7c62a887fa48795d327d4d2da2d6b111d,125,9,119,                  [DELEGATECALL] 0x3297c8..31a6.requireLiquidity(),DELEGATECALL,0x3297c8db9360f87a7f7826f52A4FA143988931a6,,requireLiquidity,yes,,12617,Stop,0xA0b3ee897f233F385E5D61086c32685257d4f12b,,,,,,
C16,business_logic,test,yes,0xc310a0affe2169d1f6feec1c63dbc7f7c62a887fa48795d327d4d2da2d6b111d,126,10,125,                    [STATICCALL] 0x6B1754..1d0F.balanceOf(),STATICCALL,0x6B175474E89094C44Da98b954EedeAC495271d0F,,balanceOf,yes,,602,Return,0x27182842E098f60e3D576794A5bFFb0777E025d3,,,,,,
C16,business_logic,test,yes,0xc310a0affe2169d1f6feec1c63dbc7f7c62a887fa48795d327d4d2da2d6b111d,127,10,125,                    [STATICCALL] 0x773616..F1f4.latestAnswer(),STATICCALL,0x773616E4d11A78F511299002da57A0a94577F1f4,,latestAnswer,yes,,2092,Return,,,,,,,
C16,business_logic,test,yes,0xc310a0affe2169d1f6feec1c63dbc7f7c62a887fa48795d327d4d2da2d6b111d,128,11,127,                      [STATICCALL] 0x158228..33FC.latestAnswer(),STATICCALL,0x158228e08C52F3e2211Ccbc8ec275FA93f6033FC,,latestAnswer,yes,,1096,Return,,,,,,,
C16,business_logic,test,yes,0xc310a0affe2169d1f6feec1c63dbc7f7c62a887fa48795d327d4d2da2d6b111d,129,6,69,            [STATICCALL] 0x6B1754..1d0F.balanceOf(),STATICCALL,0x6B175474E89094C44Da98b954EedeAC495271d0F,,balanceOf,yes,,602,Return,0xA0b3ee897f233F385E5D61086c32685257d4f12b,,,,,,
C16,business_logic,test,yes,0xc310a0affe2169d1f6feec1c63dbc7f7c62a887fa48795d327d4d2da2d6b111d,130,6,69,            [CALL] 0x6B1754..1d0F.transfer(),CALL,0x6B175474E89094C44Da98b954EedeAC495271d0F,,transfer,yes,,23374,Return,"0xeBC29199C817Dc47BA12E3F86102564D640CBf99, 38904507348306697267428294 [3.89e25]","Transfer(from: 0xA0b3ee897f233F385E5D61086c32685257d4f12b, to: 0xeBC29199C817Dc47BA12E3F86102564D640CBf99, amount: 38904507348306697267428294 [3.89e25])",,,,,
C16,business_logic,test,yes,0xc310a0affe2169d1f6feec1c63dbc7f7c62a887fa48795d327d4d2da2d6b111d,131,3,6,      [STATICCALL] 0x6C3c78..379d.scaledTotalSupply(),STATICCALL,0x6C3c78838c761c6Ac7bE9F59fe808ea2A6E4379d,,scaledTotalSupply,yes,,7463,Return,,,,,,,
C16,business_logic,test,yes,0xc310a0affe2169d1f6feec1c63dbc7f7c62a887fa48795d327d4d2da2d6b111d,132,4,131,        [DELEGATECALL] 0x3F87b8..3E08.scaledTotalSupply(),DELEGATECALL,0x3F87b818f94F3cC21e47FD3Bf015E8D8183A3E08,,scaledTotalSupply,yes,,2355,Return,,,,,,,
C16,business_logic,test,yes,0xc310a0affe2169d1f6feec1c63dbc7f7c62a887fa48795d327d4d2da2d6b111d,133,3,6,      [STATICCALL] 0x778A13..8E92.getSupplyData(),STATICCALL,0x778A13D3eeb110A4f7bb6529F99c000119a08E92,,getSupplyData,yes,,14309,Return,,,,,,,
C16,business_logic,test,yes,0xc310a0affe2169d1f6feec1c63dbc7f7c62a887fa48795d327d4d2da2d6b111d,134,4,133,        [DELEGATECALL] 0xD23A44..9F7c.getSupplyData(),DELEGATECALL,0xD23A44eB2db8AD0817c994D3533528C030279F7c,,getSupplyData,yes,,9189,Return,,,,,,,
C16,business_logic,test,yes,0xc310a0affe2169d1f6feec1c63dbc7f7c62a887fa48795d327d4d2da2d6b111d,135,3,6,      [CALL] 0x028171..68A3.mintToTreasury(),CALL,0x028171bCA77440897B824Ca71D1c56caC55b68A3,,mintToTreasury,yes,,34069,Return,"37049690136868391 [3.704e16], 1082430249077049159667713527 [1.082e27]",,,,,,
C16,business_logic,test,yes,0xc310a0affe2169d1f6feec1c63dbc7f7c62a887fa48795d327d4d2da2d6b111d,136,4,135,        [DELEGATECALL] 0x7b2a3C..7bD0.mintToTreasury(),DELEGATECALL,0x7b2a3CF972C3193F26CdeC6217D27379b6417bD0,,mintToTreasury,yes,,33458,Stop,"37049690136868391 [3.704e16], 1082430249077049159667713527 [1.082e27]","Transfer(from: 0x0000000000000000000000000000000000000000, to: 0x464C71f6c2F760DdA6093dCB91C24c39e5d6e18c, amount: 37049690136868391 [3.704e16]) | Mint(param0: ...",,,,,
C16,business_logic,test,yes,0xc310a0affe2169d1f6feec1c63dbc7f7c62a887fa48795d327d4d2da2d6b111d,137,5,136,          [CALL] 0xd78492..f6b5.handleAction(),CALL,0xd784927Ff2f95ba542BfC824c8a8a98F3495f6b5,,handleAction,yes,,15654,Return,"0x464C71f6c2F760DdA6093dCB91C24c39e5d6e18c, 412996647536525227195070187 [4.129e26], 3725077920697105861973513 [3.725e24]",,,,,,
C16,business_logic,test,yes,0xc310a0affe2169d1f6feec1c63dbc7f7c62a887fa48795d327d4d2da2d6b111d,138,6,137,            [DELEGATECALL] 0xD9ED41..CE31.handleAction(),DELEGATECALL,0xD9ED413bCF58c266F95fE6BA63B13cf79299CE31,,handleAction,yes,,10537,Stop,"0x464C71f6c2F760DdA6093dCB91C24c39e5d6e18c, 412996647536525227195070187 [4.129e26], 3725077920697105861973513 [3.725e24]",,,,,,
C16,business_logic,test,yes,0xc310a0affe2169d1f6feec1c63dbc7f7c62a887fa48795d327d4d2da2d6b111d,139,3,6,      [STATICCALL] 0x028171..68A3.totalSupply(),STATICCALL,0x028171bCA77440897B824Ca71D1c56caC55b68A3,,totalSupply,yes,,3196,Return,,,,,,,
C16,business_logic,test,yes,0xc310a0affe2169d1f6feec1c63dbc7f7c62a887fa48795d327d4d2da2d6b111d,140,4,139,        [DELEGATECALL] 0x7b2a3C..7bD0.totalSupply(),DELEGATECALL,0x7b2a3CF972C3193F26CdeC6217D27379b6417bD0,,totalSupply,yes,,2588,Return,,,,,,,
C16,business_logic,test,yes,0xc310a0affe2169d1f6feec1c63dbc7f7c62a887fa48795d327d4d2da2d6b111d,141,5,140,          [STATICCALL] 0x7d2768..c7A9.getReserveNormalizedIncome(),STATICCALL,0x7d2768dE32b0b80b7a3454c06BdAc94A69DDc7A9,,getReserveNormalizedIncome,yes,,1482,Return,0x6B175474E89094C44Da98b954EedeAC495271d0F,,,,,,
C16,business_logic,test,yes,0xc310a0affe2169d1f6feec1c63dbc7f7c62a887fa48795d327d4d2da2d6b111d,142,6,141,            [DELEGATECALL] 0xC6845a..5baf.getReserveNormalizedIncome(),DELEGATECALL,0xC6845a5C768BF8D7681249f8927877Efda425baf,,getReserveNormalizedIncome,yes,,871,Return,0x6B175474E89094C44Da98b954EedeAC495271d0F,,,,,,
C16,business_logic,test,yes,0xc310a0affe2169d1f6feec1c63dbc7f7c62a887fa48795d327d4d2da2d6b111d,143,3,6,      [STATICCALL] 0x778A13..8E92.getTotalSupplyAndAvgRate(),STATICCALL,0x778A13D3eeb110A4f7bb6529F99c000119a08E92,,getTotalSupplyAndAvgRate,yes,,3535,Return,,,,,,,
C16,business_logic,test,yes,0xc310a0affe2169d1f6feec1c63dbc7f7c62a887fa48795d327d4d2da2d6b111d,144,4,143,        [DELEGATECALL] 0xD23A44..9F7c.getTotalSupplyAndAvgRate(),DELEGATECALL,0xD23A44eB2db8AD0817c994D3533528C030279F7c,,getTotalSupplyAndAvgRate,yes,,2924,Return,,,,,,,
C16,business_logic,test,yes,0xc310a0affe2169d1f6feec1c63dbc7f7c62a887fa48795d327d4d2da2d6b111d,145,3,6,      [STATICCALL] 0x6C3c78..379d.scaledTotalSupply(),STATICCALL,0x6C3c78838c761c6Ac7bE9F59fe808ea2A6E4379d,,scaledTotalSupply,yes,,963,Return,,,,,,,
C16,business_logic,test,yes,0xc310a0affe2169d1f6feec1c63dbc7f7c62a887fa48795d327d4d2da2d6b111d,146,4,145,        [DELEGATECALL] 0x3F87b8..3E08.scaledTotalSupply(),DELEGATECALL,0x3F87b818f94F3cC21e47FD3Bf015E8D8183A3E08,,scaledTotalSupply,yes,,355,Return,,,,,,,
C16,business_logic,test,yes,0xc310a0affe2169d1f6feec1c63dbc7f7c62a887fa48795d327d4d2da2d6b111d,147,3,6,      [STATICCALL] 0x6B1754..1d0F.balanceOf(),STATICCALL,0x6B175474E89094C44Da98b954EedeAC495271d0F,,balanceOf,yes,,602,Return,0x028171bCA77440897B824Ca71D1c56caC55b68A3,,,,,,
C16,business_logic,test,yes,0xc310a0affe2169d1f6feec1c63dbc7f7c62a887fa48795d327d4d2da2d6b111d,148,3,6,      [STATICCALL] 0xfffE32..B62a.calculateInterestRates(),STATICCALL,0xfffE32106A68aA3eD39CcCE673B646423EEaB62a,,calculateInterestRates,yes,,15675,Return,"0x6B175474E89094C44Da98b954EedeAC495271d0F, 357429133375135290960274460 [3.574e26], 1202549117746117945314643 [1.202e24], 88435485712227506765072046 [8.843e25],...",,,,,,
C16,business_logic,test,yes,0xc310a0affe2169d1f6feec1c63dbc7f7c62a887fa48795d327d4d2da2d6b111d,149,4,148,        [STATICCALL] 0xB53C1a..c8c5.getLendingRateOracle(),STATICCALL,0xB53C1a33016B2DC2fF3653530bfF1848a515c8c5,,getLendingRateOracle,yes,,2559,Return,,,,,,,
C16,business_logic,test,yes,0xc310a0affe2169d1f6feec1c63dbc7f7c62a887fa48795d327d4d2da2d6b111d,150,4,148,        [STATICCALL] 0x8A32f4..5c7D.getMarketBorrowRate(),STATICCALL,0x8A32f49FFbA88aba6EFF96F45D8BD1D4b3f35c7D,,getMarketBorrowRate,yes,,2486,Return,0x6B175474E89094C44Da98b954EedeAC495271d0F,,,,,,
C16,business_logic,test,yes,0xc310a0affe2169d1f6feec1c63dbc7f7c62a887fa48795d327d4d2da2d6b111d,151,3,6,      [CALL] 0x6B1754..1d0F.transferFrom(),CALL,0x6B175474E89094C44Da98b954EedeAC495271d0F,,transferFrom,yes,,3818,Return,"0xeBC29199C817Dc47BA12E3F86102564D640CBf99, 0x028171bCA77440897B824Ca71D1c56caC55b68A3, 30027000000000000000000000 [3.002e25]","Transfer(from: 0xeBC29199C817Dc47BA12E3F86102564D640CBf99, to: 0x028171bCA77440897B824Ca71D1c56caC55b68A3, amount: 30027000000000000000000000 [3.002e25])",,,,,
C18,price_oracle_manipulation,test,yes,0x256979ae169abb7fbbbbc14188742f4b9debf48b48ad5b5207cadcc99ccb493b,1,0,,[CALL] 0x4095F0..0077.ac9650d8(),CALL,0x4095F064B8d3c3548A3bebfd0Bbfd04750E30077,attack_contract,ac9650d8,no,,357545,Return,0000000000000000000000000000000000000000000000000000000000000020000000000000000000000000000000000000000000000000000000000000000500000000000000000000000000000000...,,,,,,
C18,price_oracle_manipulation,test,yes,0x256979ae169abb7fbbbbc14188742f4b9debf48b48ad5b5207cadcc99ccb493b,2,1,1,  [DELEGATECALL] 0x4095F0..0077.approve2(),DELEGATECALL,0x4095F064B8d3c3548A3bebfd0Bbfd04750E30077,attack_contract,approve2,yes,,35829,Return,"((0x45804880De22913dAFE09f4980848ECE6EcbAf78, 132577813003136114 [1.325e17], 281474976710655 [2.814e14], 0), 0x4095F064B8d3c3548A3bebfd0Bbfd04750E30077, 1728901...",,,,,,
C18,price_oracle_manipulation,test,yes,0x256979ae169abb7fbbbbc14188742f4b9debf48b48ad5b5207cadcc99ccb493b,3,2,2,    [CALL] 0x000000..8BA3.permit(),CALL,0x000000000022D473030F116dDEE9F6B43aC78BA3,,permit,yes,,30786,Return,"0x02DBE46169fDf6555F2A125eEe3dce49703b13f5, ((0x45804880De22913dAFE09f4980848ECE6EcbAf78, 132577813003136114 [1.325e17], 281474976710655 [2.814e14], 0), 0x4095F...","Permit(param0: 0x02DBE46169fDf6555F2A125eEe3dce49703b13f5, param1: 0x45804880De22913dAFE09f4980848ECE6EcbAf78, param2: 0x4095F064B8d3c3548A3bebfd0Bbfd04750E3007...",,,,,
C18,price_oracle_manipulation,test,yes,0x256979ae169abb7fbbbbc14188742f4b9debf48b48ad5b5207cadcc99ccb493b,4,3,3,      [STATICCALL] PRECOMPILES.ecrecover(),STATICCALL,PRECOMPILES,,ecrecover,yes,,3000,Return,"0xd13eddaf580b66fcb4f0541d760abacaaae1f9d6f9acf13c9b9ca98bf961e417, 28, 98852746398694463012696763951094656322112690794018735646597879501801162016768, 109143350...",,,,,,
C18,price_oracle_manipulation,test,yes,0x256979ae169abb7fbbbbc14188742f4b9debf48b48ad5b5207cadcc99ccb493b,5,1,1,  [DELEGATECALL] 0x4095F0..0077.transferFrom2(),DELEGATECALL,0x4095F064B8d3c3548A3bebfd0Bbfd04750E30077,attack_contract,transferFrom2,yes,,66922,Return,"0x45804880De22913dAFE09f4980848ECE6EcbAf78, 132577813003136114 [1.325e17]",,,,,,
C18,price_oracle_manipulation,test,yes,0x256979ae169abb7fbbbbc14188742f4b9debf48b48ad5b5207cadcc99ccb493b,6,2,5,    [STATICCALL] 0x458048..Af78.balanceOf(),STATICCALL,0x45804880De22913dAFE09f4980848ECE6EcbAf78,,balanceOf,yes,,10269,Return,0x02DBE46169fDf6555F2A125eEe3dce49703b13f5,,,,,,
C18,price_oracle_manipulation,test,yes,0x256979ae169abb7fbbbbc14188742f4b9debf48b48ad5b5207cadcc99ccb493b,7,3,6,      [DELEGATECALL] 0x74271F..e42a.balanceOf(),DELEGATECALL,0x74271F2282eD7eE35c166122A60c9830354be42a,,balanceOf,yes,,2990,Return,0x02DBE46169fDf6555F2A125eEe3dce49703b13f5,,,,,,
C18,price_oracle_manipulation,test,yes,0x256979ae169abb7fbbbbc14188742f4b9debf48b48ad5b5207cadcc99ccb493b,8,2,5,    [CALL] 0x000000..8BA3.transferFrom(),CALL,0x000000000022D473030F116dDEE9F6B43aC78BA3,,transferFrom,yes,,51930,Return,"0x02DBE46169fDf6555F2A125eEe3dce49703b13f5, 0x4095F064B8d3c3548A3bebfd0Bbfd04750E30077, 132577813003136114 [1.325e17], 0x45804880De22913dAFE09f4980848ECE6EcbAf7...",,,,,,
C18,price_oracle_manipulation,test,yes,0x256979ae169abb7fbbbbc14188742f4b9debf48b48ad5b5207cadcc99ccb493b,9,3,8,      [CALL] 0x458048..Af78.transferFrom(),CALL,0x45804880De22913dAFE09f4980848ECE6EcbAf78,,transferFrom,yes,,50538,Return,"0x02DBE46169fDf6555F2A125eEe3dce49703b13f5, 0x4095F064B8d3c3548A3bebfd0Bbfd04750E30077, 132577813003136114 [1.325e17]",,,,,,
C18,price_oracle_manipulation,test,yes,0x256979ae169abb7fbbbbc14188742f4b9debf48b48ad5b5207cadcc99ccb493b,10,4,9,        [DELEGATECALL] 0x74271F..e42a.transferFrom(),DELEGATECALL,0x74271F2282eD7eE35c166122A60c9830354be42a,,transferFrom,yes,,49750,Return,"0x02DBE46169fDf6555F2A125eEe3dce49703b13f5, 0x4095F064B8d3c3548A3bebfd0Bbfd04750E30077, 132577813003136114 [1.325e17]","Transfer(from: 0x02DBE46169fDf6555F2A125eEe3dce49703b13f5, to: 0x4095F064B8d3c3548A3bebfd0Bbfd04750E30077, amount: 132577813003136114 [1.325e17]) | Transfer(fro...",,,,,
C18,price_oracle_manipulation,test,yes,0x256979ae169abb7fbbbbc14188742f4b9debf48b48ad5b5207cadcc99ccb493b,11,1,1,  [DELEGATECALL] 0x4095F0..0077.morphoSupplyCollateral(),DELEGATECALL,0x4095F064B8d3c3548A3bebfd0Bbfd04750E30077,attack_contract,morphoSupplyCollateral,yes,,60859,Return,"(0xA0b86991c6218b36c1d19D4a2e9Eb0cE3606eB48, 0x45804880De22913dAFE09f4980848ECE6EcbAf78, 0xDd1778F71a4a1C6A0eFebd8AE9f8848634CE1101, 0x870aC11D48B15DB9a138Cf899...",,,,,,
C18,price_oracle_manipulation,test,yes,0x256979ae169abb7fbbbbc14188742f4b9debf48b48ad5b5207cadcc99ccb493b,12,2,11,    [STATICCALL] 0x458048..Af78.allowance(),STATICCALL,0x45804880De22913dAFE09f4980848ECE6EcbAf78,,allowance,yes,,4314,Return,"0x4095F064B8d3c3548A3bebfd0Bbfd04750E30077, 0xBBBBBbbBBb9cC5e90e3b3Af64bdAF62C37EEFFCb",,,,,,
C18,price_oracle_manipulation,test,yes,0x256979ae169abb7fbbbbc14188742f4b9debf48b48ad5b5207cadcc99ccb493b,13,3,12,      [DELEGATECALL] 0x74271F..e42a.allowance(),DELEGATECALL,0x74271F2282eD7eE35c166122A60c9830354be42a,,allowance,yes,,3532,Return,"0x4095F064B8d3c3548A3bebfd0Bbfd04750E30077, 0xBBBBBbbBBb9cC5e90e3b3Af64bdAF62C37EEFFCb",,,,,,
C18,price_oracle_manipulation,test,yes,0x256979ae169abb7fbbbbc14188742f4b9debf48b48ad5b5207cadcc99ccb493b,14,2,11,    [CALL] 0xBBBBBb..FFCb.supplyCollateral(),CALL,0xBBBBBbbBBb9cC5e90e3b3Af64bdAF62C37EEFFCb,victim,supplyCollateral,yes,,50660,Return,"(0xA0b86991c6218b36c1d19D4a2e9Eb0cE3606eB48, 0x45804880De22913dAFE09f4980848ECE6EcbAf78, 0xDd1778F71a4a1C6A0eFebd8AE9f8848634CE1101, 0x870aC11D48B15DB9a138Cf899...",topic 0: 0xa3b9472a1399e17e123f3c2e6586c23e504184d504de59cdaa2b375e880c6184 topic 1: 0x8eaf7b29f02ba8d8c1d7aeb587403dcb16e2e943e4e2f5f94b0963c2386406c9 topic 2:...,,,,,
C18,price_oracle_manipulation,test,yes,0x256979ae169abb7fbbbbc14188742f4b9debf48b48ad5b5207cadcc99ccb493b,15,3,14,      [CALL] 0x4095F0..0077.onMorphoSupplyCollateral(),CALL,0x4095F064B8d3c3548A3bebfd0Bbfd04750E30077,attack_contract,onMorphoSupplyCollateral,yes,,1606,Stop,"132577813003136114 [1.325e17], 0x0000000000000000000000000000000000000000000000000000000000000020000000000000000000000000000000000000000000000000000000000000000...",,,,,,
C18,price_oracle_manipulation,test,yes,0x256979ae169abb7fbbbbc14188742f4b9debf48b48ad5b5207cadcc99ccb493b,16,3,14,      [CALL] 0x458048..Af78.transferFrom(),CALL,0x45804880De22913dAFE09f4980848ECE6EcbAf78,,transferFrom,yes,,18638,Return,"0x4095F064B8d3c3548A3bebfd0Bbfd04750E30077, 0xBBBBBbbBBb9cC5e90e3b3Af64bdAF62C37EEFFCb, 132577813003136114 [1.325e17]",,,,,,
C18,price_oracle_manipulation,test,yes,0x256979ae169abb7fbbbbc14188742f4b9debf48b48ad5b5207cadcc99ccb493b,17,4,16,        [DELEGATECALL] 0x74271F..e42a.transferFrom(),DELEGATECALL,0x74271F2282eD7eE35c166122A60c9830354be42a,,transferFrom,yes,,17850,Return,"0x4095F064B8d3c3548A3bebfd0Bbfd04750E30077, 0xBBBBBbbBBb9cC5e90e3b3Af64bdAF62C37EEFFCb, 132577813003136114 [1.325e17]","Transfer(from: 0x4095F064B8d3c3548A3bebfd0Bbfd04750E30077, to: 0xBBBBBbbBBb9cC5e90e3b3Af64bdAF62C37EEFFCb, amount: 132577813003136114 [1.325e17]) | Transfer(fro...",,,,,
C18,price_oracle_manipulation,test,yes,0x256979ae169abb7fbbbbc14188742f4b9debf48b48ad5b5207cadcc99ccb493b,18,1,1,  [DELEGATECALL] 0x4095F0..0077.morphoSetAuthorizationWithSig(),DELEGATECALL,0x4095F064B8d3c3548A3bebfd0Bbfd04750E30077,attack_contract,morphoSetAuthorizationWithSig,yes,,56081,Return,"(0x02DBE46169fDf6555F2A125eEe3dce49703b13f5, 0x4095F064B8d3c3548A3bebfd0Bbfd04750E30077, true, 0, 1728901150 [1.728e9]), (27, 0x2dff2f5008b6acb3c7854806df545342...",,,,,,
C18,price_oracle_manipulation,test,yes,0x256979ae169abb7fbbbbc14188742f4b9debf48b48ad5b5207cadcc99ccb493b,19,2,18,    [CALL] 0xBBBBBb..FFCb.setAuthorizationWithSig(),CALL,0xBBBBBbbBBb9cC5e90e3b3Af64bdAF62C37EEFFCb,victim,setAuthorizationWithSig,yes,,53734,Return,"(0x02DBE46169fDf6555F2A125eEe3dce49703b13f5, 0x4095F064B8d3c3548A3bebfd0Bbfd04750E30077, true, 0, 1728901150 [1.728e9]), (27, 0x2dff2f5008b6acb3c7854806df545342...","IncrementNonce(param0: 0x4095F064B8d3c3548A3bebfd0Bbfd04750E30077, param1: 0x02DBE46169fDf6555F2A125eEe3dce49703b13f5, param2: 0) | SetAuthorization(param0: 0x4...",,,,,
C18,price_oracle_manipulation,test,yes,0x256979ae169abb7fbbbbc14188742f4b9debf48b48ad5b5207cadcc99ccb493b,20,3,19,      [STATICCALL] PRECOMPILES.ecrecover(),STATICCALL,PRECOMPILES,,ecrecover,yes,,3000,Return,"0xe138aff9dada42370e22c40d73354fd694cb4e67fabbe5808d6317dc0a22dc72, 27, 20804950727557154321936148246921857159701485261420818138223070196866702324658, 143452126...",,,,,,
C18,price_oracle_manipulation,test,yes,0x256979ae169abb7fbbbbc14188742f4b9debf48b48ad5b5207cadcc99ccb493b,21,1,1,  [DELEGATECALL] 0x4095F0..0077.morphoBorrow(),DELEGATECALL,0x4095F064B8d3c3548A3bebfd0Bbfd04750E30077,attack_contract,morphoBorrow,yes,,127590,Return,"(0xA0b86991c6218b36c1d19D4a2e9Eb0cE3606eB48, 0x45804880De22913dAFE09f4980848ECE6EcbAf78, 0xDd1778F71a4a1C6A0eFebd8AE9f8848634CE1101, 0x870aC11D48B15DB9a138Cf899...",,,,,,
C18,price_oracle_manipulation,test,yes,0x256979ae169abb7fbbbbc14188742f4b9debf48b48ad5b5207cadcc99ccb493b,22,2,21,    [CALL] 0xBBBBBb..FFCb.borrow(),CALL,0xBBBBBbbBBb9cC5e90e3b3Af64bdAF62C37EEFFCb,victim,borrow,yes,,125073,Return,"(0xA0b86991c6218b36c1d19D4a2e9Eb0cE3606eB48, 0x45804880De22913dAFE09f4980848ECE6EcbAf78, 0xDd1778F71a4a1C6A0eFebd8AE9f8848634CE1101, 0x870aC11D48B15DB9a138Cf899...",topic 0: 0x9d9bd501d0657d7dfe415f779a620a62b78bc508ddc0891fbbd8b7ac0f8fce87 topic 1: 0x8eaf7b29f02ba8d8c1d7aeb587403dcb16e2e943e4e2f5f94b0963c2386406c9 data: 0x...,yes,,,,
C18,price_oracle_manipulation,test,yes,0x256979ae169abb7fbbbbc14188742f4b9debf48b48ad5b5207cadcc99ccb493b,23,3,22,      [CALL] 0x870aC1..00BC.borrowRate(),CALL,0x870aC11D48B15DB9a138Cf899d20F13F79Ba00BC,,borrowRate,yes,,13464,Return,"(0xA0b86991c6218b36c1d19D4a2e9Eb0cE3606eB48, 0x45804880De22913dAFE09f4980848ECE6EcbAf78, 0xDd1778F71a4a1C6A0eFebd8AE9f8848634CE1101, 0x870aC11D48B15DB9a138Cf899...",topic 0: 0x7120161a7b3d31251e01294ab351ef15a41b91659a36032e4641bb89b121e321 topic 1: 0x8eaf7b29f02ba8d8c1d7aeb587403dcb16e2e943e4e2f5f94b0963c2386406c9 data: 0x...,,,,,
C18,price_oracle_manipulation,test,yes,0x256979ae169abb7fbbbbc14188742f4b9debf48b48ad5b5207cadcc99ccb493b,24,3,22,      [STATICCALL] 0xDd1778..1101.price(),STATICCALL,0xDd1778F71a4a1C6A0eFebd8AE9f8848634CE1101,,price,yes,,33585,Return,,,,,,,
C18,price_oracle_manipulation,test,yes,0x256979ae169abb7fbbbbc14188742f4b9debf48b48ad5b5207cadcc99ccb493b,25,4,24,        [STATICCALL] 0x7C4561..Ac0c.latestRoundData(),STATICCALL,0x7C4561Bb0F2d6947BeDA10F667191f6026E7Ac0c,,latestRoundData,yes,,15940,Return,,,,,,,
C18,price_oracle_manipulation,test,yes,0x256979ae169abb7fbbbbc14188742f4b9debf48b48ad5b5207cadcc99ccb493b,26,5,25,          [STATICCALL] 0x4305FB..69C6.getPriceUnsafe(),STATICCALL,0x4305FB66699C3B2702D4d05CF36551390A4c69C6,,getPriceUnsafe,yes,,8042,Return,0x273717b49430906f4b0c230e99aa1007f83758e3199edbc887c0d06c3e332494,,,,,,
C18,price_oracle_manipulation,test,yes,0x256979ae169abb7fbbbbc14188742f4b9debf48b48ad5b5207cadcc99ccb493b,27,6,26,            [DELEGATECALL] 0xDd24F8..bd21.getPriceUnsafe(),DELEGATECALL,0xDd24F84d36BF92C65F92307595335bdFab5Bbd21,,getPriceUnsafe,yes,,3132,Return,0x273717b49430906f4b0c230e99aa1007f83758e3199edbc887c0d06c3e332494,,,,,,
C18,price_oracle_manipulation,test,yes,0x256979ae169abb7fbbbbc14188742f4b9debf48b48ad5b5207cadcc99ccb493b,28,4,24,        [STATICCALL] 0xC57744..488D.latestRoundData(),STATICCALL,0xC5774412Dbd3734A5925936f320EE91a2940488D,,latestRoundData,yes,,10245,Return,,,,,,,
C18,price_oracle_manipulation,test,yes,0x256979ae169abb7fbbbbc14188742f4b9debf48b48ad5b5207cadcc99ccb493b,29,5,28,          [STATICCALL] 0x4305FB..69C6.getPriceUnsafe(),STATICCALL,0x4305FB66699C3B2702D4d05CF36551390A4c69C6,,getPriceUnsafe,yes,,3542,Return,0xeaa020c61cc479712813461ce153894a96a6c00b21ed0cfc2798d1f9a9e9c94a,,,,,,
C18,price_oracle_manipulation,test,yes,0x256979ae169abb7fbbbbc14188742f4b9debf48b48ad5b5207cadcc99ccb493b,30,6,29,            [DELEGATECALL] 0xDd24F8..bd21.getPriceUnsafe(),DELEGATECALL,0xDd24F84d36BF92C65F92307595335bdFab5Bbd21,,getPriceUnsafe,yes,,3132,Return,0xeaa020c61cc479712813461ce153894a96a6c00b21ed0cfc2798d1f9a9e9c94a,,,,,,
C18,price_oracle_manipulation,test,yes,0x256979ae169abb7fbbbbc14188742f4b9debf48b48ad5b5207cadcc99ccb493b,31,3,22,      [CALL] 0xA0b869..eB48.transfer(),CALL,0xA0b86991c6218b36c1d19D4a2e9Eb0cE3606eB48,,transfer,yes,,40652,Return,"0x02DBE46169fDf6555F2A125eEe3dce49703b13f5, 230002486670 [2.3e11]",,,,,,
C18,price_oracle_manipulation,test,yes,0x256979ae169abb7fbbbbc14188742f4b9debf48b48ad5b5207cadcc99ccb493b,32,4,31,        [DELEGATECALL] 0x435068..02dd.transfer(),DELEGATECALL,0x43506849D7C04F9138D1A2050bbF3A0c054402dd,,transfer,yes,,33363,Return,"0x02DBE46169fDf6555F2A125eEe3dce49703b13f5, 230002486670 [2.3e11]","Transfer(from: 0xBBBBBbbBBb9cC5e90e3b3Af64bdAF62C37EEFFCb, to: 0x02DBE46169fDf6555F2A125eEe3dce49703b13f5, amount: 230002486670 [2.3e11])",,,,,
C24,reentrancy,test,yes,0x0eb8f8d148508e752d9643ccf49ac4cb0c21cbad346b5bbcf2d06974d31bd5c4,1,0,,[CALL] 0x8d4dE2..D12a.e8b00990() value=600000000000000000,CALL,0x8d4dE2Bc1a566b266bD4B387f62C21e15474D12a,attack_contract,e8b00990,no,600000000000000000,796282,Stop,,,,,,,
C24,reentrancy,test,yes,0x0eb8f8d148508e752d9643ccf49ac4cb0c21cbad346b5bbcf2d06974d31bd5c4,2,1,1,  [CALL] 0x52d69c..dBD6.makeBid() value=294000000000000000,CALL,0x52d69c67536f55EfEfe02941868e5e762538dBD6,victim,makeBid,yes,294000000000000000,29901,Stop,,,yes,,,,
C24,reentrancy,test,yes,0x0eb8f8d148508e752d9643ccf49ac4cb0c21cbad346b5bbcf2d06974d31bd5c4,3,2,2,    [CALL] 0x1298EF..9B80.receive() value=3675000000000001,CALL,0x1298EF04e9e878DaE51e605816ce3E6A99aD9B80,,receive,yes,3675000000000001,4429,Stop,,,,,,,
C24,reentrancy,test,yes,0x0eb8f8d148508e752d9643ccf49ac4cb0c21cbad346b5bbcf2d06974d31bd5c4,4,1,1,  [STATICCALL] 0x52d69c..dBD6.newBidEtherMin(),STATICCALL,0x52d69c67536f55EfEfe02941868e5e762538dBD6,victim,newBidEtherMin,yes,,518,Return,,,,,,,
C24,reentrancy,test,yes,0x0eb8f8d148508e752d9643ccf49ac4cb0c21cbad346b5bbcf2d06974d31bd5c4,5,1,1,  [CALL] 0x52d69c..dBD6.makeBid() value=14700000000000001,CALL,0x52d69c67536f55EfEfe02941868e5e762538dBD6,victim,makeBid,yes,14700000000000001,728775,Stop,,,yes,,,,
C24,reentrancy,test,yes,0x0eb8f8d148508e752d9643ccf49ac4cb0c21cbad346b5bbcf2d06974d31bd5c4,6,2,5,    [CALL] 0x8d4dE2..D12a.receive() value=294000000000000000,CALL,0x8d4dE2Bc1a566b266bD4B387f62C21e15474D12a,attack_contract,receive,yes,294000000000000000,720203,Stop,,,,,,,
C24,reentrancy,test,yes,0x0eb8f8d148508e752d9643ccf49ac4cb0c21cbad346b5bbcf2d06974d31bd5c4,7,3,6,      [STATICCALL] 0x52d69c..dBD6.newBidEtherMin(),STATICCALL,0x52d69c67536f55EfEfe02941868e5e762538dBD6,victim,newBidEtherMin,yes,,518,Return,,,,,,,
C24,reentrancy,test,yes,0x0eb8f8d148508e752d9643ccf49ac4cb0c21cbad346b5bbcf2d06974d31bd5c4,8,3,6,      [CALL] 0x52d69c..dBD6.makeBid() value=14700000000000001,CALL,0x52d69c67536f55EfEfe02941868e5e762538dBD6,victim,makeBid,yes,14700000000000001,687481,Stop,,,yes,,,,
C24,reentrancy,test,yes,0x0eb8f8d148508e752d9643ccf49ac4cb0c21cbad346b5bbcf2d06974d31bd5c4,9,4,8,        [CALL] 0x8d4dE2..D12a.receive() value=294000000000000000,CALL,0x8d4dE2Bc1a566b266bD4B387f62C21e15474D12a,attack_contract,receive,yes,294000000000000000,678909,Stop,,,,,,,
C24,reentrancy,test,yes,0x0eb8f8d148508e752d9643ccf49ac4cb0c21cbad346b5bbcf2d06974d31bd5c4,10,5,9,          [STATICCALL] 0x52d69c..dBD6.newBidEtherMin(),STATICCALL,0x52d69c67536f55EfEfe02941868e5e762538dBD6,victim,newBidEtherMin,yes,,518,Return,,,,,,,
C24,reentrancy,test,yes,0x0eb8f8d148508e752d9643ccf49ac4cb0c21cbad346b5bbcf2d06974d31bd5c4,11,5,9,          [CALL] 0x52d69c..dBD6.makeBid() value=14700000000000001,CALL,0x52d69c67536f55EfEfe02941868e5e762538dBD6,victim,makeBid,yes,14700000000000001,670087,Stop,,,yes,,,,
C24,reentrancy,test,yes,0x0eb8f8d148508e752d9643ccf49ac4cb0c21cbad346b5bbcf2d06974d31bd5c4,12,6,11,            [CALL] 0x8d4dE2..D12a.receive() value=294000000000000000,CALL,0x8d4dE2Bc1a566b266bD4B387f62C21e15474D12a,attack_contract,receive,yes,294000000000000000,661515,Stop,,,,,,,
C24,reentrancy,test,yes,0x0eb8f8d148508e752d9643ccf49ac4cb0c21cbad346b5bbcf2d06974d31bd5c4,13,7,12,              [STATICCALL] 0x52d69c..dBD6.newBidEtherMin(),STATICCALL,0x52d69c67536f55EfEfe02941868e5e762538dBD6,victim,newBidEtherMin,yes,,518,Return,,,,,,,
C24,reentrancy,test,yes,0x0eb8f8d148508e752d9643ccf49ac4cb0c21cbad346b5bbcf2d06974d31bd5c4,14,7,12,              [CALL] 0x52d69c..dBD6.makeBid() value=14700000000000001,CALL,0x52d69c67536f55EfEfe02941868e5e762538dBD6,victim,makeBid,yes,14700000000000001,652693,Stop,,,yes,,,,
C24,reentrancy,test,yes,0x0eb8f8d148508e752d9643ccf49ac4cb0c21cbad346b5bbcf2d06974d31bd5c4,15,8,14,                [CALL] 0x8d4dE2..D12a.receive() value=294000000000000000,CALL,0x8d4dE2Bc1a566b266bD4B387f62C21e15474D12a,attack_contract,receive,yes,294000000000000000,644121,Stop,,,,,,,
C24,reentrancy,test,yes,0x0eb8f8d148508e752d9643ccf49ac4cb0c21cbad346b5bbcf2d06974d31bd5c4,16,9,15,                  [STATICCALL] 0x52d69c..dBD6.newBidEtherMin(),STATICCALL,0x52d69c67536f55EfEfe02941868e5e762538dBD6,victim,newBidEtherMin,yes,,518,Return,,,,,,,
C24,reentrancy,test,yes,0x0eb8f8d148508e752d9643ccf49ac4cb0c21cbad346b5bbcf2d06974d31bd5c4,17,9,15,                  [CALL] 0x52d69c..dBD6.makeBid() value=14700000000000001,CALL,0x52d69c67536f55EfEfe02941868e5e762538dBD6,victim,makeBid,yes,14700000000000001,635299,Stop,,,yes,,,,
C24,reentrancy,test,yes,0x0eb8f8d148508e752d9643ccf49ac4cb0c21cbad346b5bbcf2d06974d31bd5c4,18,10,17,                    [CALL] 0x8d4dE2..D12a.receive() value=294000000000000000,CALL,0x8d4dE2Bc1a566b266bD4B387f62C21e15474D12a,attack_contract,receive,yes,294000000000000000,626727,Stop,,,,,,,
C24,reentrancy,test,yes,0x0eb8f8d148508e752d9643ccf49ac4cb0c21cbad346b5bbcf2d06974d31bd5c4,19,11,18,                      [STATICCALL] 0x52d69c..dBD6.newBidEtherMin(),STATICCALL,0x52d69c67536f55EfEfe02941868e5e762538dBD6,victim,newBidEtherMin,yes,,518,Return,,,,,,,
C24,reentrancy,test,yes,0x0eb8f8d148508e752d9643ccf49ac4cb0c21cbad346b5bbcf2d06974d31bd5c4,20,11,18,                      [CALL] 0x52d69c..dBD6.makeBid() value=14700000000000001,CALL,0x52d69c67536f55EfEfe02941868e5e762538dBD6,victim,makeBid,yes,14700000000000001,617905,Stop,,,yes,,,,
C24,reentrancy,test,yes,0x0eb8f8d148508e752d9643ccf49ac4cb0c21cbad346b5bbcf2d06974d31bd5c4,21,12,20,                        [CALL] 0x8d4dE2..D12a.receive() value=294000000000000000,CALL,0x8d4dE2Bc1a566b266bD4B387f62C21e15474D12a,attack_contract,receive,yes,294000000000000000,609333,Stop,,,,,,,
C24,reentrancy,test,yes,0x0eb8f8d148508e752d9643ccf49ac4cb0c21cbad346b5bbcf2d06974d31bd5c4,22,13,21,                          [STATICCALL] 0x52d69c..dBD6.newBidEtherMin(),STATICCALL,0x52d69c67536f55EfEfe02941868e5e762538dBD6,victim,newBidEtherMin,yes,,518,Return,,,,,,,
C24,reentrancy,test,yes,0x0eb8f8d148508e752d9643ccf49ac4cb0c21cbad346b5bbcf2d06974d31bd5c4,23,13,21,                          [CALL] 0x52d69c..dBD6.makeBid() value=14700000000000001,CALL,0x52d69c67536f55EfEfe02941868e5e762538dBD6,victim,makeBid,yes,14700000000000001,600511,Stop,,,yes,,,,
C24,reentrancy,test,yes,0x0eb8f8d148508e752d9643ccf49ac4cb0c21cbad346b5bbcf2d06974d31bd5c4,24,14,23,                            [CALL] 0x8d4dE2..D12a.receive() value=294000000000000000,CALL,0x8d4dE2Bc1a566b266bD4B387f62C21e15474D12a,attack_contract,receive,yes,294000000000000000,591939,Stop,,,,,,,
C24,reentrancy,test,yes,0x0eb8f8d148508e752d9643ccf49ac4cb0c21cbad346b5bbcf2d06974d31bd5c4,25,15,24,                              [STATICCALL] 0x52d69c..dBD6.newBidEtherMin(),STATICCALL,0x52d69c67536f55EfEfe02941868e5e762538dBD6,victim,newBidEtherMin,yes,,518,Return,,,,,,,
C24,reentrancy,test,yes,0x0eb8f8d148508e752d9643ccf49ac4cb0c21cbad346b5bbcf2d06974d31bd5c4,26,15,24,                              [CALL] 0x52d69c..dBD6.makeBid() value=14700000000000001,CALL,0x52d69c67536f55EfEfe02941868e5e762538dBD6,victim,makeBid,yes,14700000000000001,583117,Stop,,,yes,,,,
C24,reentrancy,test,yes,0x0eb8f8d148508e752d9643ccf49ac4cb0c21cbad346b5bbcf2d06974d31bd5c4,27,16,26,                                [CALL] 0x8d4dE2..D12a.receive() value=294000000000000000,CALL,0x8d4dE2Bc1a566b266bD4B387f62C21e15474D12a,attack_contract,receive,yes,294000000000000000,574545,Stop,,,,,,,
C24,reentrancy,test,yes,0x0eb8f8d148508e752d9643ccf49ac4cb0c21cbad346b5bbcf2d06974d31bd5c4,28,17,27,                                  [STATICCALL] 0x52d69c..dBD6.newBidEtherMin(),STATICCALL,0x52d69c67536f55EfEfe02941868e5e762538dBD6,victim,newBidEtherMin,yes,,518,Return,,,,,,,
C24,reentrancy,test,yes,0x0eb8f8d148508e752d9643ccf49ac4cb0c21cbad346b5bbcf2d06974d31bd5c4,29,17,27,                                  [CALL] 0x52d69c..dBD6.makeBid() value=14700000000000001,CALL,0x52d69c67536f55EfEfe02941868e5e762538dBD6,victim,makeBid,yes,14700000000000001,565723,Stop,,,yes,,,,
C24,reentrancy,test,yes,0x0eb8f8d148508e752d9643ccf49ac4cb0c21cbad346b5bbcf2d06974d31bd5c4,30,18,29,                                    [CALL] 0x8d4dE2..D12a.receive() value=294000000000000000,CALL,0x8d4dE2Bc1a566b266bD4B387f62C21e15474D12a,attack_contract,receive,yes,294000000000000000,557151,Stop,,,,,,,
C24,reentrancy,test,yes,0x0eb8f8d148508e752d9643ccf49ac4cb0c21cbad346b5bbcf2d06974d31bd5c4,31,19,30,                                      [STATICCALL] 0x52d69c..dBD6.newBidEtherMin(),STATICCALL,0x52d69c67536f55EfEfe02941868e5e762538dBD6,victim,newBidEtherMin,yes,,518,Return,,,,,,,
C24,reentrancy,test,yes,0x0eb8f8d148508e752d9643ccf49ac4cb0c21cbad346b5bbcf2d06974d31bd5c4,32,19,30,                                      [CALL] 0x52d69c..dBD6.makeBid() value=14700000000000001,CALL,0x52d69c67536f55EfEfe02941868e5e762538dBD6,victim,makeBid,yes,14700000000000001,548329,Stop,,,yes,,,,
C24,reentrancy,test,yes,0x0eb8f8d148508e752d9643ccf49ac4cb0c21cbad346b5bbcf2d06974d31bd5c4,33,20,32,                                        [CALL] 0x8d4dE2..D12a.receive() value=294000000000000000,CALL,0x8d4dE2Bc1a566b266bD4B387f62C21e15474D12a,attack_contract,receive,yes,294000000000000000,539757,Stop,,,,,,,
C24,reentrancy,test,yes,0x0eb8f8d148508e752d9643ccf49ac4cb0c21cbad346b5bbcf2d06974d31bd5c4,34,21,33,                                          [STATICCALL] 0x52d69c..dBD6.newBidEtherMin(),STATICCALL,0x52d69c67536f55EfEfe02941868e5e762538dBD6,victim,newBidEtherMin,yes,,518,Return,,,,,,,
C24,reentrancy,test,yes,0x0eb8f8d148508e752d9643ccf49ac4cb0c21cbad346b5bbcf2d06974d31bd5c4,35,21,33,                                          [CALL] 0x52d69c..dBD6.makeBid() value=14700000000000001,CALL,0x52d69c67536f55EfEfe02941868e5e762538dBD6,victim,makeBid,yes,14700000000000001,530935,Stop,,,yes,,,,
C24,reentrancy,test,yes,0x0eb8f8d148508e752d9643ccf49ac4cb0c21cbad346b5bbcf2d06974d31bd5c4,36,22,35,                                            [CALL] 0x8d4dE2..D12a.receive() value=294000000000000000,CALL,0x8d4dE2Bc1a566b266bD4B387f62C21e15474D12a,attack_contract,receive,yes,294000000000000000,522363,Stop,,,,,,,
C24,reentrancy,test,yes,0x0eb8f8d148508e752d9643ccf49ac4cb0c21cbad346b5bbcf2d06974d31bd5c4,37,23,36,                                              [STATICCALL] 0x52d69c..dBD6.newBidEtherMin(),STATICCALL,0x52d69c67536f55EfEfe02941868e5e762538dBD6,victim,newBidEtherMin,yes,,518,Return,,,,,,,
C24,reentrancy,test,yes,0x0eb8f8d148508e752d9643ccf49ac4cb0c21cbad346b5bbcf2d06974d31bd5c4,38,23,36,                                              [CALL] 0x52d69c..dBD6.makeBid() value=14700000000000001,CALL,0x52d69c67536f55EfEfe02941868e5e762538dBD6,victim,makeBid,yes,14700000000000001,513541,Stop,,,yes,,,,
C24,reentrancy,test,yes,0x0eb8f8d148508e752d9643ccf49ac4cb0c21cbad346b5bbcf2d06974d31bd5c4,39,24,38,                                                [CALL] 0x8d4dE2..D12a.receive() value=294000000000000000,CALL,0x8d4dE2Bc1a566b266bD4B387f62C21e15474D12a,attack_contract,receive,yes,294000000000000000,504969,Stop,,,,,,,
C24,reentrancy,test,yes,0x0eb8f8d148508e752d9643ccf49ac4cb0c21cbad346b5bbcf2d06974d31bd5c4,40,25,39,                                                  [STATICCALL] 0x52d69c..dBD6.newBidEtherMin(),STATICCALL,0x52d69c67536f55EfEfe02941868e5e762538dBD6,victim,newBidEtherMin,yes,,518,Return,,,,,,,
C24,reentrancy,test,yes,0x0eb8f8d148508e752d9643ccf49ac4cb0c21cbad346b5bbcf2d06974d31bd5c4,41,25,39,                                                  [CALL] 0x52d69c..dBD6.makeBid() value=14700000000000001,CALL,0x52d69c67536f55EfEfe02941868e5e762538dBD6,victim,makeBid,yes,14700000000000001,496147,Stop,,,yes,,,,
C24,reentrancy,test,yes,0x0eb8f8d148508e752d9643ccf49ac4cb0c21cbad346b5bbcf2d06974d31bd5c4,42,26,41,                                                    [CALL] 0x8d4dE2..D12a.receive() value=294000000000000000,CALL,0x8d4dE2Bc1a566b266bD4B387f62C21e15474D12a,attack_contract,receive,yes,294000000000000000,487575,Stop,,,,,,,
C24,reentrancy,test,yes,0x0eb8f8d148508e752d9643ccf49ac4cb0c21cbad346b5bbcf2d06974d31bd5c4,43,27,42,                                                      [STATICCALL] 0x52d69c..dBD6.newBidEtherMin(),STATICCALL,0x52d69c67536f55EfEfe02941868e5e762538dBD6,victim,newBidEtherMin,yes,,518,Return,,,,,,,
C24,reentrancy,test,yes,0x0eb8f8d148508e752d9643ccf49ac4cb0c21cbad346b5bbcf2d06974d31bd5c4,44,27,42,                                                      [CALL] 0x52d69c..dBD6.makeBid() value=14700000000000001,CALL,0x52d69c67536f55EfEfe02941868e5e762538dBD6,victim,makeBid,yes,14700000000000001,478753,Stop,,,yes,,,,
C24,reentrancy,test,yes,0x0eb8f8d148508e752d9643ccf49ac4cb0c21cbad346b5bbcf2d06974d31bd5c4,45,28,44,                                                        [CALL] 0x8d4dE2..D12a.receive() value=294000000000000000,CALL,0x8d4dE2Bc1a566b266bD4B387f62C21e15474D12a,attack_contract,receive,yes,294000000000000000,470181,Stop,,,,,,,
C24,reentrancy,test,yes,0x0eb8f8d148508e752d9643ccf49ac4cb0c21cbad346b5bbcf2d06974d31bd5c4,46,29,45,                                                          [STATICCALL] 0x52d69c..dBD6.newBidEtherMin(),STATICCALL,0x52d69c67536f55EfEfe02941868e5e762538dBD6,victim,newBidEtherMin,yes,,518,Return,,,,,,,
C24,reentrancy,test,yes,0x0eb8f8d148508e752d9643ccf49ac4cb0c21cbad346b5bbcf2d06974d31bd5c4,47,29,45,                                                          [CALL] 0x52d69c..dBD6.makeBid() value=14700000000000001,CALL,0x52d69c67536f55EfEfe02941868e5e762538dBD6,victim,makeBid,yes,14700000000000001,461359,Stop,,,yes,,,,
C24,reentrancy,test,yes,0x0eb8f8d148508e752d9643ccf49ac4cb0c21cbad346b5bbcf2d06974d31bd5c4,48,30,47,                                                            [CALL] 0x8d4dE2..D12a.receive() value=294000000000000000,CALL,0x8d4dE2Bc1a566b266bD4B387f62C21e15474D12a,attack_contract,receive,yes,294000000000000000,452787,Stop,,,,,,,
C24,reentrancy,test,yes,0x0eb8f8d148508e752d9643ccf49ac4cb0c21cbad346b5bbcf2d06974d31bd5c4,49,31,48,                                                              [STATICCALL] 0x52d69c..dBD6.newBidEtherMin(),STATICCALL,0x52d69c67536f55EfEfe02941868e5e762538dBD6,victim,newBidEtherMin,yes,,518,Return,,,,,,,
C24,reentrancy,test,yes,0x0eb8f8d148508e752d9643ccf49ac4cb0c21cbad346b5bbcf2d06974d31bd5c4,50,31,48,                                                              [CALL] 0x52d69c..dBD6.makeBid() value=14700000000000001,CALL,0x52d69c67536f55EfEfe02941868e5e762538dBD6,victim,makeBid,yes,14700000000000001,443965,Stop,,,yes,,,,
C24,reentrancy,test,yes,0x0eb8f8d148508e752d9643ccf49ac4cb0c21cbad346b5bbcf2d06974d31bd5c4,51,32,50,                                                                [CALL] 0x8d4dE2..D12a.receive() value=294000000000000000,CALL,0x8d4dE2Bc1a566b266bD4B387f62C21e15474D12a,attack_contract,receive,yes,294000000000000000,435393,Stop,,,,,,,
C24,reentrancy,test,yes,0x0eb8f8d148508e752d9643ccf49ac4cb0c21cbad346b5bbcf2d06974d31bd5c4,52,33,51,                                                                  [STATICCALL] 0x52d69c..dBD6.newBidEtherMin(),STATICCALL,0x52d69c67536f55EfEfe02941868e5e762538dBD6,victim,newBidEtherMin,yes,,518,Return,,,,,,,
C24,reentrancy,test,yes,0x0eb8f8d148508e752d9643ccf49ac4cb0c21cbad346b5bbcf2d06974d31bd5c4,53,33,51,                                                                  [CALL] 0x52d69c..dBD6.makeBid() value=14700000000000001,CALL,0x52d69c67536f55EfEfe02941868e5e762538dBD6,victim,makeBid,yes,14700000000000001,426571,Stop,,,yes,,,,
C24,reentrancy,test,yes,0x0eb8f8d148508e752d9643ccf49ac4cb0c21cbad346b5bbcf2d06974d31bd5c4,54,34,53,                                                                    [CALL] 0x8d4dE2..D12a.receive() value=294000000000000000,CALL,0x8d4dE2Bc1a566b266bD4B387f62C21e15474D12a,attack_contract,receive,yes,294000000000000000,417999,Stop,,,,,,,
C24,reentrancy,test,yes,0x0eb8f8d148508e752d9643ccf49ac4cb0c21cbad346b5bbcf2d06974d31bd5c4,55,35,54,                                                                      [STATICCALL] 0x52d69c..dBD6.newBidEtherMin(),STATICCALL,0x52d69c67536f55EfEfe02941868e5e762538dBD6,victim,newBidEtherMin,yes,,518,Return,,,,,,,
C24,reentrancy,test,yes,0x0eb8f8d148508e752d9643ccf49ac4cb0c21cbad346b5bbcf2d06974d31bd5c4,56,35,54,                                                                      [CALL] 0x52d69c..dBD6.makeBid() value=14700000000000001,CALL,0x52d69c67536f55EfEfe02941868e5e762538dBD6,victim,makeBid,yes,14700000000000001,409177,Stop,,,yes,,,,
C24,reentrancy,test,yes,0x0eb8f8d148508e752d9643ccf49ac4cb0c21cbad346b5bbcf2d06974d31bd5c4,57,36,56,                                                                        [CALL] 0x8d4dE2..D12a.receive() value=294000000000000000,CALL,0x8d4dE2Bc1a566b266bD4B387f62C21e15474D12a,attack_contract,receive,yes,294000000000000000,400605,Stop,,,,,,,
C24,reentrancy,test,yes,0x0eb8f8d148508e752d9643ccf49ac4cb0c21cbad346b5bbcf2d06974d31bd5c4,58,37,57,                                                                          [STATICCALL] 0x52d69c..dBD6.newBidEtherMin(),STATICCALL,0x52d69c67536f55EfEfe02941868e5e762538dBD6,victim,newBidEtherMin,yes,,518,Return,,,,,,,
C24,reentrancy,test,yes,0x0eb8f8d148508e752d9643ccf49ac4cb0c21cbad346b5bbcf2d06974d31bd5c4,59,37,57,                                                                          [CALL] 0x52d69c..dBD6.makeBid() value=14700000000000001,CALL,0x52d69c67536f55EfEfe02941868e5e762538dBD6,victim,makeBid,yes,14700000000000001,391783,Stop,,,yes,,,,
C24,reentrancy,test,yes,0x0eb8f8d148508e752d9643ccf49ac4cb0c21cbad346b5bbcf2d06974d31bd5c4,60,38,59,                                                                            [CALL] 0x8d4dE2..D12a.receive() value=294000000000000000,CALL,0x8d4dE2Bc1a566b266bD4B387f62C21e15474D12a,attack_contract,receive,yes,294000000000000000,383211,Stop,,,,,,,
C24,reentrancy,test,yes,0x0eb8f8d148508e752d9643ccf49ac4cb0c21cbad346b5bbcf2d06974d31bd5c4,61,39,60,                                                                              [STATICCALL] 0x52d69c..dBD6.newBidEtherMin(),STATICCALL,0x52d69c67536f55EfEfe02941868e5e762538dBD6,victim,newBidEtherMin,yes,,518,Return,,,,,,,
C24,reentrancy,test,yes,0x0eb8f8d148508e752d9643ccf49ac4cb0c21cbad346b5bbcf2d06974d31bd5c4,62,39,60,                                                                              [CALL] 0x52d69c..dBD6.makeBid() value=14700000000000001,CALL,0x52d69c67536f55EfEfe02941868e5e762538dBD6,victim,makeBid,yes,14700000000000001,374389,Stop,,,yes,,,,
C24,reentrancy,test,yes,0x0eb8f8d148508e752d9643ccf49ac4cb0c21cbad346b5bbcf2d06974d31bd5c4,63,40,62,                                                                                [CALL] 0x8d4dE2..D12a.receive() value=294000000000000000,CALL,0x8d4dE2Bc1a566b266bD4B387f62C21e15474D12a,attack_contract,receive,yes,294000000000000000,365817,Stop,,,,,,,
C24,reentrancy,test,yes,0x0eb8f8d148508e752d9643ccf49ac4cb0c21cbad346b5bbcf2d06974d31bd5c4,64,41,63,                                                                                  [STATICCALL] 0x52d69c..dBD6.newBidEtherMin(),STATICCALL,0x52d69c67536f55EfEfe02941868e5e762538dBD6,victim,newBidEtherMin,yes,,518,Return,,,,,,,
C24,reentrancy,test,yes,0x0eb8f8d148508e752d9643ccf49ac4cb0c21cbad346b5bbcf2d06974d31bd5c4,65,41,63,                                                                                  [CALL] 0x52d69c..dBD6.makeBid() value=14700000000000001,CALL,0x52d69c67536f55EfEfe02941868e5e762538dBD6,victim,makeBid,yes,14700000000000001,356995,Stop,,,yes,,,,
C24,reentrancy,test,yes,0x0eb8f8d148508e752d9643ccf49ac4cb0c21cbad346b5bbcf2d06974d31bd5c4,66,42,65,                                                                                    [CALL] 0x8d4dE2..D12a.receive() value=294000000000000000,CALL,0x8d4dE2Bc1a566b266bD4B387f62C21e15474D12a,attack_contract,receive,yes,294000000000000000,348423,Stop,,,,,,,
C24,reentrancy,test,yes,0x0eb8f8d148508e752d9643ccf49ac4cb0c21cbad346b5bbcf2d06974d31bd5c4,67,43,66,                                                                                      [STATICCALL] 0x52d69c..dBD6.newBidEtherMin(),STATICCALL,0x52d69c67536f55EfEfe02941868e5e762538dBD6,victim,newBidEtherMin,yes,,518,Return,,,,,,,
C24,reentrancy,test,yes,0x0eb8f8d148508e752d9643ccf49ac4cb0c21cbad346b5bbcf2d06974d31bd5c4,68,43,66,                                                                                      [CALL] 0x52d69c..dBD6.makeBid() value=14700000000000001,CALL,0x52d69c67536f55EfEfe02941868e5e762538dBD6,victim,makeBid,yes,14700000000000001,339601,Stop,,,yes,,,,
C24,reentrancy,test,yes,0x0eb8f8d148508e752d9643ccf49ac4cb0c21cbad346b5bbcf2d06974d31bd5c4,69,44,68,                                                                                        [CALL] 0x8d4dE2..D12a.receive() value=294000000000000000,CALL,0x8d4dE2Bc1a566b266bD4B387f62C21e15474D12a,attack_contract,receive,yes,294000000000000000,331029,Stop,,,,,,,
C24,reentrancy,test,yes,0x0eb8f8d148508e752d9643ccf49ac4cb0c21cbad346b5bbcf2d06974d31bd5c4,70,45,69,                                                                                          [STATICCALL] 0x52d69c..dBD6.newBidEtherMin(),STATICCALL,0x52d69c67536f55EfEfe02941868e5e762538dBD6,victim,newBidEtherMin,yes,,518,Return,,,,,,,
C24,reentrancy,test,yes,0x0eb8f8d148508e752d9643ccf49ac4cb0c21cbad346b5bbcf2d06974d31bd5c4,71,45,69,                                                                                          [CALL] 0x52d69c..dBD6.makeBid() value=14700000000000001,CALL,0x52d69c67536f55EfEfe02941868e5e762538dBD6,victim,makeBid,yes,14700000000000001,322207,Stop,,,yes,,,,
C24,reentrancy,test,yes,0x0eb8f8d148508e752d9643ccf49ac4cb0c21cbad346b5bbcf2d06974d31bd5c4,72,46,71,                                                                                            [CALL] 0x8d4dE2..D12a.receive() value=294000000000000000,CALL,0x8d4dE2Bc1a566b266bD4B387f62C21e15474D12a,attack_contract,receive,yes,294000000000000000,313635,Stop,,,,,,,
C24,reentrancy,test,yes,0x0eb8f8d148508e752d9643ccf49ac4cb0c21cbad346b5bbcf2d06974d31bd5c4,73,47,72,                                                                                              [STATICCALL] 0x52d69c..dBD6.newBidEtherMin(),STATICCALL,0x52d69c67536f55EfEfe02941868e5e762538dBD6,victim,newBidEtherMin,yes,,518,Return,,,,,,,
C24,reentrancy,test,yes,0x0eb8f8d148508e752d9643ccf49ac4cb0c21cbad346b5bbcf2d06974d31bd5c4,74,47,72,                                                                                              [CALL] 0x52d69c..dBD6.makeBid() value=14700000000000001,CALL,0x52d69c67536f55EfEfe02941868e5e762538dBD6,victim,makeBid,yes,14700000000000001,304813,Stop,,,yes,,,,
C24,reentrancy,test,yes,0x0eb8f8d148508e752d9643ccf49ac4cb0c21cbad346b5bbcf2d06974d31bd5c4,75,48,74,                                                                                                [CALL] 0x8d4dE2..D12a.receive() value=294000000000000000,CALL,0x8d4dE2Bc1a566b266bD4B387f62C21e15474D12a,attack_contract,receive,yes,294000000000000000,296241,Stop,,,,,,,
C24,reentrancy,test,yes,0x0eb8f8d148508e752d9643ccf49ac4cb0c21cbad346b5bbcf2d06974d31bd5c4,76,49,75,                                                                                                  [STATICCALL] 0x52d69c..dBD6.newBidEtherMin(),STATICCALL,0x52d69c67536f55EfEfe02941868e5e762538dBD6,victim,newBidEtherMin,yes,,518,Return,,,,,,,
C24,reentrancy,test,yes,0x0eb8f8d148508e752d9643ccf49ac4cb0c21cbad346b5bbcf2d06974d31bd5c4,77,49,75,                                                                                                  [CALL] 0x52d69c..dBD6.makeBid() value=14700000000000001,CALL,0x52d69c67536f55EfEfe02941868e5e762538dBD6,victim,makeBid,yes,14700000000000001,287419,Stop,,,yes,,,,
C24,reentrancy,test,yes,0x0eb8f8d148508e752d9643ccf49ac4cb0c21cbad346b5bbcf2d06974d31bd5c4,78,50,77,                                                                                                    [CALL] 0x8d4dE2..D12a.receive() value=294000000000000000,CALL,0x8d4dE2Bc1a566b266bD4B387f62C21e15474D12a,attack_contract,receive,yes,294000000000000000,278847,Stop,,,,,,,
C24,reentrancy,test,yes,0x0eb8f8d148508e752d9643ccf49ac4cb0c21cbad346b5bbcf2d06974d31bd5c4,79,51,78,                                                                                                      [STATICCALL] 0x52d69c..dBD6.newBidEtherMin(),STATICCALL,0x52d69c67536f55EfEfe02941868e5e762538dBD6,victim,newBidEtherMin,yes,,518,Return,,,,,,,
C24,reentrancy,test,yes,0x0eb8f8d148508e752d9643ccf49ac4cb0c21cbad346b5bbcf2d06974d31bd5c4,80,51,78,                                                                                                      [CALL] 0x52d69c..dBD6.makeBid() value=14700000000000001,CALL,0x52d69c67536f55EfEfe02941868e5e762538dBD6,victim,makeBid,yes,14700000000000001,270025,Stop,,,yes,,,,
C24,reentrancy,test,yes,0x0eb8f8d148508e752d9643ccf49ac4cb0c21cbad346b5bbcf2d06974d31bd5c4,81,52,80,                                                                                                        [CALL] 0x8d4dE2..D12a.receive() value=294000000000000000,CALL,0x8d4dE2Bc1a566b266bD4B387f62C21e15474D12a,attack_contract,receive,yes,294000000000000000,261453,Stop,,,,,,,
C24,reentrancy,test,yes,0x0eb8f8d148508e752d9643ccf49ac4cb0c21cbad346b5bbcf2d06974d31bd5c4,82,53,81,                                                                                                          [STATICCALL] 0x52d69c..dBD6.newBidEtherMin(),STATICCALL,0x52d69c67536f55EfEfe02941868e5e762538dBD6,victim,newBidEtherMin,yes,,518,Return,,,,,,,
C24,reentrancy,test,yes,0x0eb8f8d148508e752d9643ccf49ac4cb0c21cbad346b5bbcf2d06974d31bd5c4,83,53,81,                                                                                                          [CALL] 0x52d69c..dBD6.makeBid() value=14700000000000001,CALL,0x52d69c67536f55EfEfe02941868e5e762538dBD6,victim,makeBid,yes,14700000000000001,252631,Stop,,,yes,,,,
C24,reentrancy,test,yes,0x0eb8f8d148508e752d9643ccf49ac4cb0c21cbad346b5bbcf2d06974d31bd5c4,84,54,83,                                                                                                            [CALL] 0x8d4dE2..D12a.receive() value=294000000000000000,CALL,0x8d4dE2Bc1a566b266bD4B387f62C21e15474D12a,attack_contract,receive,yes,294000000000000000,244059,Stop,,,,,,,
C24,reentrancy,test,yes,0x0eb8f8d148508e752d9643ccf49ac4cb0c21cbad346b5bbcf2d06974d31bd5c4,85,55,84,                                                                                                              [STATICCALL] 0x52d69c..dBD6.newBidEtherMin(),STATICCALL,0x52d69c67536f55EfEfe02941868e5e762538dBD6,victim,newBidEtherMin,yes,,518,Return,,,,,,,
C24,reentrancy,test,yes,0x0eb8f8d148508e752d9643ccf49ac4cb0c21cbad346b5bbcf2d06974d31bd5c4,86,55,84,                                                                                                              [CALL] 0x52d69c..dBD6.makeBid() value=14700000000000001,CALL,0x52d69c67536f55EfEfe02941868e5e762538dBD6,victim,makeBid,yes,14700000000000001,235237,Stop,,,yes,,,,
C24,reentrancy,test,yes,0x0eb8f8d148508e752d9643ccf49ac4cb0c21cbad346b5bbcf2d06974d31bd5c4,87,56,86,                                                                                                                [CALL] 0x8d4dE2..D12a.receive() value=294000000000000000,CALL,0x8d4dE2Bc1a566b266bD4B387f62C21e15474D12a,attack_contract,receive,yes,294000000000000000,226665,Stop,,,,,,,
C24,reentrancy,test,yes,0x0eb8f8d148508e752d9643ccf49ac4cb0c21cbad346b5bbcf2d06974d31bd5c4,88,57,87,                                                                                                                  [STATICCALL] 0x52d69c..dBD6.newBidEtherMin(),STATICCALL,0x52d69c67536f55EfEfe02941868e5e762538dBD6,victim,newBidEtherMin,yes,,518,Return,,,,,,,
C24,reentrancy,test,yes,0x0eb8f8d148508e752d9643ccf49ac4cb0c21cbad346b5bbcf2d06974d31bd5c4,89,57,87,                                                                                                                  [CALL] 0x52d69c..dBD6.makeBid() value=14700000000000001,CALL,0x52d69c67536f55EfEfe02941868e5e762538dBD6,victim,makeBid,yes,14700000000000001,217843,Stop,,,yes,,,,
C24,reentrancy,test,yes,0x0eb8f8d148508e752d9643ccf49ac4cb0c21cbad346b5bbcf2d06974d31bd5c4,90,58,89,                                                                                                                    [CALL] 0x8d4dE2..D12a.receive() value=294000000000000000,CALL,0x8d4dE2Bc1a566b266bD4B387f62C21e15474D12a,attack_contract,receive,yes,294000000000000000,209271,Stop,,,,,,,
C24,reentrancy,test,yes,0x0eb8f8d148508e752d9643ccf49ac4cb0c21cbad346b5bbcf2d06974d31bd5c4,91,59,90,                                                                                                                      [STATICCALL] 0x52d69c..dBD6.newBidEtherMin(),STATICCALL,0x52d69c67536f55EfEfe02941868e5e762538dBD6,victim,newBidEtherMin,yes,,518,Return,,,,,,,
C24,reentrancy,test,yes,0x0eb8f8d148508e752d9643ccf49ac4cb0c21cbad346b5bbcf2d06974d31bd5c4,92,59,90,                                                                                                                      [CALL] 0x52d69c..dBD6.makeBid() value=14700000000000001,CALL,0x52d69c67536f55EfEfe02941868e5e762538dBD6,victim,makeBid,yes,14700000000000001,200449,Stop,,,yes,,,,
C24,reentrancy,test,yes,0x0eb8f8d148508e752d9643ccf49ac4cb0c21cbad346b5bbcf2d06974d31bd5c4,93,60,92,                                                                                                                        [CALL] 0x8d4dE2..D12a.receive() value=294000000000000000,CALL,0x8d4dE2Bc1a566b266bD4B387f62C21e15474D12a,attack_contract,receive,yes,294000000000000000,191877,Stop,,,,,,,
C24,reentrancy,test,yes,0x0eb8f8d148508e752d9643ccf49ac4cb0c21cbad346b5bbcf2d06974d31bd5c4,94,61,93,                                                                                                                          [STATICCALL] 0x52d69c..dBD6.newBidEtherMin(),STATICCALL,0x52d69c67536f55EfEfe02941868e5e762538dBD6,victim,newBidEtherMin,yes,,518,Return,,,,,,,
C24,reentrancy,test,yes,0x0eb8f8d148508e752d9643ccf49ac4cb0c21cbad346b5bbcf2d06974d31bd5c4,95,61,93,                                                                                                                          [CALL] 0x52d69c..dBD6.makeBid() value=14700000000000001,CALL,0x52d69c67536f55EfEfe02941868e5e762538dBD6,victim,makeBid,yes,14700000000000001,183055,Stop,,,yes,,,,
C24,reentrancy,test,yes,0x0eb8f8d148508e752d9643ccf49ac4cb0c21cbad346b5bbcf2d06974d31bd5c4,96,62,95,                                                                                                                            [CALL] 0x8d4dE2..D12a.receive() value=294000000000000000,CALL,0x8d4dE2Bc1a566b266bD4B387f62C21e15474D12a,attack_contract,receive,yes,294000000000000000,174483,Stop,,,,,,,
C24,reentrancy,test,yes,0x0eb8f8d148508e752d9643ccf49ac4cb0c21cbad346b5bbcf2d06974d31bd5c4,97,63,96,                                                                                                                              [STATICCALL] 0x52d69c..dBD6.newBidEtherMin(),STATICCALL,0x52d69c67536f55EfEfe02941868e5e762538dBD6,victim,newBidEtherMin,yes,,518,Return,,,,,,,
C24,reentrancy,test,yes,0x0eb8f8d148508e752d9643ccf49ac4cb0c21cbad346b5bbcf2d06974d31bd5c4,98,63,96,                                                                                                                              [CALL] 0x52d69c..dBD6.makeBid() value=14700000000000001,CALL,0x52d69c67536f55EfEfe02941868e5e762538dBD6,victim,makeBid,yes,14700000000000001,165661,Stop,,,yes,,,,
C24,reentrancy,test,yes,0x0eb8f8d148508e752d9643ccf49ac4cb0c21cbad346b5bbcf2d06974d31bd5c4,99,64,98,                                                                                                                                [CALL] 0x8d4dE2..D12a.receive() value=294000000000000000,CALL,0x8d4dE2Bc1a566b266bD4B387f62C21e15474D12a,attack_contract,receive,yes,294000000000000000,157089,Stop,,,,,,,
C24,reentrancy,test,yes,0x0eb8f8d148508e752d9643ccf49ac4cb0c21cbad346b5bbcf2d06974d31bd5c4,100,65,99,                                                                                                                                  [STATICCALL] 0x52d69c..dBD6.newBidEtherMin(),STATICCALL,0x52d69c67536f55EfEfe02941868e5e762538dBD6,victim,newBidEtherMin,yes,,518,Return,,,,,,,
C24,reentrancy,test,yes,0x0eb8f8d148508e752d9643ccf49ac4cb0c21cbad346b5bbcf2d06974d31bd5c4,101,65,99,                                                                                                                                  [CALL] 0x52d69c..dBD6.makeBid() value=14700000000000001,CALL,0x52d69c67536f55EfEfe02941868e5e762538dBD6,victim,makeBid,yes,14700000000000001,148267,Stop,,,yes,,,,
C24,reentrancy,test,yes,0x0eb8f8d148508e752d9643ccf49ac4cb0c21cbad346b5bbcf2d06974d31bd5c4,102,66,101,                                                                                                                                    [CALL] 0x8d4dE2..D12a.receive() value=294000000000000000,CALL,0x8d4dE2Bc1a566b266bD4B387f62C21e15474D12a,attack_contract,receive,yes,294000000000000000,139695,Stop,,,,,,,
C24,reentrancy,test,yes,0x0eb8f8d148508e752d9643ccf49ac4cb0c21cbad346b5bbcf2d06974d31bd5c4,103,67,102,                                                                                                                                      [STATICCALL] 0x52d69c..dBD6.newBidEtherMin(),STATICCALL,0x52d69c67536f55EfEfe02941868e5e762538dBD6,victim,newBidEtherMin,yes,,518,Return,,,,,,,
C24,reentrancy,test,yes,0x0eb8f8d148508e752d9643ccf49ac4cb0c21cbad346b5bbcf2d06974d31bd5c4,104,67,102,                                                                                                                                      [CALL] 0x52d69c..dBD6.makeBid() value=14700000000000001,CALL,0x52d69c67536f55EfEfe02941868e5e762538dBD6,victim,makeBid,yes,14700000000000001,130873,Stop,,,yes,,,,
C24,reentrancy,test,yes,0x0eb8f8d148508e752d9643ccf49ac4cb0c21cbad346b5bbcf2d06974d31bd5c4,105,68,104,                                                                                                                                        [CALL] 0x8d4dE2..D12a.receive() value=294000000000000000,CALL,0x8d4dE2Bc1a566b266bD4B387f62C21e15474D12a,attack_contract,receive,yes,294000000000000000,122301,Stop,,,,,,,
C24,reentrancy,test,yes,0x0eb8f8d148508e752d9643ccf49ac4cb0c21cbad346b5bbcf2d06974d31bd5c4,106,69,105,                                                                                                                                          [STATICCALL] 0x52d69c..dBD6.newBidEtherMin(),STATICCALL,0x52d69c67536f55EfEfe02941868e5e762538dBD6,victim,newBidEtherMin,yes,,518,Return,,,,,,,
C24,reentrancy,test,yes,0x0eb8f8d148508e752d9643ccf49ac4cb0c21cbad346b5bbcf2d06974d31bd5c4,107,69,105,                                                                                                                                          [CALL] 0x52d69c..dBD6.makeBid() value=14700000000000001,CALL,0x52d69c67536f55EfEfe02941868e5e762538dBD6,victim,makeBid,yes,14700000000000001,113479,Stop,,,yes,,,,
C24,reentrancy,test,yes,0x0eb8f8d148508e752d9643ccf49ac4cb0c21cbad346b5bbcf2d06974d31bd5c4,108,70,107,                                                                                                                                            [CALL] 0x8d4dE2..D12a.receive() value=294000000000000000,CALL,0x8d4dE2Bc1a566b266bD4B387f62C21e15474D12a,attack_contract,receive,yes,294000000000000000,104907,Stop,,,,,,,
C24,reentrancy,test,yes,0x0eb8f8d148508e752d9643ccf49ac4cb0c21cbad346b5bbcf2d06974d31bd5c4,109,71,108,                                                                                                                                              [STATICCALL] 0x52d69c..dBD6.newBidEtherMin(),STATICCALL,0x52d69c67536f55EfEfe02941868e5e762538dBD6,victim,newBidEtherMin,yes,,518,Return,,,,,,,
C24,reentrancy,test,yes,0x0eb8f8d148508e752d9643ccf49ac4cb0c21cbad346b5bbcf2d06974d31bd5c4,110,71,108,                                                                                                                                              [CALL] 0x52d69c..dBD6.makeBid() value=14700000000000001,CALL,0x52d69c67536f55EfEfe02941868e5e762538dBD6,victim,makeBid,yes,14700000000000001,96085,Stop,,,yes,,,,
C24,reentrancy,test,yes,0x0eb8f8d148508e752d9643ccf49ac4cb0c21cbad346b5bbcf2d06974d31bd5c4,111,72,110,                                                                                                                                                [CALL] 0x8d4dE2..D12a.receive() value=294000000000000000,CALL,0x8d4dE2Bc1a566b266bD4B387f62C21e15474D12a,attack_contract,receive,yes,294000000000000000,87513,Stop,,,,,,,
C24,reentrancy,test,yes,0x0eb8f8d148508e752d9643ccf49ac4cb0c21cbad346b5bbcf2d06974d31bd5c4,112,73,111,                                                                                                                                                  [STATICCALL] 0x52d69c..dBD6.newBidEtherMin(),STATICCALL,0x52d69c67536f55EfEfe02941868e5e762538dBD6,victim,newBidEtherMin,yes,,518,Return,,,,,,,
C24,reentrancy,test,yes,0x0eb8f8d148508e752d9643ccf49ac4cb0c21cbad346b5bbcf2d06974d31bd5c4,113,73,111,                                                                                                                                                  [CALL] 0x52d69c..dBD6.makeBid() value=14700000000000001,CALL,0x52d69c67536f55EfEfe02941868e5e762538dBD6,victim,makeBid,yes,14700000000000001,78691,Stop,,,yes,,,,
C24,reentrancy,test,yes,0x0eb8f8d148508e752d9643ccf49ac4cb0c21cbad346b5bbcf2d06974d31bd5c4,114,74,113,                                                                                                                                                    [CALL] 0x8d4dE2..D12a.receive() value=294000000000000000,CALL,0x8d4dE2Bc1a566b266bD4B387f62C21e15474D12a,attack_contract,receive,yes,294000000000000000,70119,Stop,,,,,,,
C24,reentrancy,test,yes,0x0eb8f8d148508e752d9643ccf49ac4cb0c21cbad346b5bbcf2d06974d31bd5c4,115,75,114,                                                                                                                                                      [STATICCALL] 0x52d69c..dBD6.newBidEtherMin(),STATICCALL,0x52d69c67536f55EfEfe02941868e5e762538dBD6,victim,newBidEtherMin,yes,,518,Return,,,,,,,
C24,reentrancy,test,yes,0x0eb8f8d148508e752d9643ccf49ac4cb0c21cbad346b5bbcf2d06974d31bd5c4,116,75,114,                                                                                                                                                      [CALL] 0x52d69c..dBD6.makeBid() value=14700000000000001,CALL,0x52d69c67536f55EfEfe02941868e5e762538dBD6,victim,makeBid,yes,14700000000000001,61297,Stop,,,yes,,,,
C24,reentrancy,test,yes,0x0eb8f8d148508e752d9643ccf49ac4cb0c21cbad346b5bbcf2d06974d31bd5c4,117,76,116,                                                                                                                                                        [CALL] 0x8d4dE2..D12a.receive() value=294000000000000000,CALL,0x8d4dE2Bc1a566b266bD4B387f62C21e15474D12a,attack_contract,receive,yes,294000000000000000,52725,Stop,,,,,,,
C24,reentrancy,test,yes,0x0eb8f8d148508e752d9643ccf49ac4cb0c21cbad346b5bbcf2d06974d31bd5c4,118,77,117,                                                                                                                                                          [STATICCALL] 0x52d69c..dBD6.newBidEtherMin(),STATICCALL,0x52d69c67536f55EfEfe02941868e5e762538dBD6,victim,newBidEtherMin,yes,,518,Return,,,,,,,
C24,reentrancy,test,yes,0x0eb8f8d148508e752d9643ccf49ac4cb0c21cbad346b5bbcf2d06974d31bd5c4,119,77,117,                                                                                                                                                          [CALL] 0x52d69c..dBD6.makeBid() value=14700000000000001,CALL,0x52d69c67536f55EfEfe02941868e5e762538dBD6,victim,makeBid,yes,14700000000000001,43903,Stop,,,yes,,,,
C24,reentrancy,test,yes,0x0eb8f8d148508e752d9643ccf49ac4cb0c21cbad346b5bbcf2d06974d31bd5c4,120,78,119,                                                                                                                                                            [CALL] 0x8d4dE2..D12a.receive() value=294000000000000000,CALL,0x8d4dE2Bc1a566b266bD4B387f62C21e15474D12a,attack_contract,receive,yes,294000000000000000,35331,Stop,,,,,,,
C24,reentrancy,test,yes,0x0eb8f8d148508e752d9643ccf49ac4cb0c21cbad346b5bbcf2d06974d31bd5c4,121,79,120,                                                                                                                                                              [STATICCALL] 0x52d69c..dBD6.newBidEtherMin(),STATICCALL,0x52d69c67536f55EfEfe02941868e5e762538dBD6,victim,newBidEtherMin,yes,,518,Return,,,,,,,
C24,reentrancy,test,yes,0x0eb8f8d148508e752d9643ccf49ac4cb0c21cbad346b5bbcf2d06974d31bd5c4,122,79,120,                                                                                                                                                              [CALL] 0x52d69c..dBD6.makeBid() value=14700000000000001,CALL,0x52d69c67536f55EfEfe02941868e5e762538dBD6,victim,makeBid,yes,14700000000000001,26509,Stop,,,yes,,,,
C24,reentrancy,test,yes,0x0eb8f8d148508e752d9643ccf49ac4cb0c21cbad346b5bbcf2d06974d31bd5c4,123,80,122,                                                                                                                                                                [CALL] 0x8d4dE2..D12a.receive() value=294000000000000000,CALL,0x8d4dE2Bc1a566b266bD4B387f62C21e15474D12a,attack_contract,receive,yes,294000000000000000,17937,Stop,,,,,,,
C24,reentrancy,test,yes,0x0eb8f8d148508e752d9643ccf49ac4cb0c21cbad346b5bbcf2d06974d31bd5c4,124,81,123,                                                                                                                                                                  [STATICCALL] 0x52d69c..dBD6.newBidEtherMin(),STATICCALL,0x52d69c67536f55EfEfe02941868e5e762538dBD6,victim,newBidEtherMin,yes,,518,Return,,,,,,,
C24,reentrancy,test,yes,0x0eb8f8d148508e752d9643ccf49ac4cb0c21cbad346b5bbcf2d06974d31bd5c4,125,81,123,                                                                                                                                                                  [CALL] 0x52d69c..dBD6.makeBid() value=14700000000000001,CALL,0x52d69c67536f55EfEfe02941868e5e762538dBD6,victim,makeBid,yes,14700000000000001,9115,Stop,,,yes,,,,
C24,reentrancy,test,yes,0x0eb8f8d148508e752d9643ccf49ac4cb0c21cbad346b5bbcf2d06974d31bd5c4,126,82,125,                                                                                                                                                                    [CALL] 0x8d4dE2..D12a.receive() value=294000000000000000,CALL,0x8d4dE2Bc1a566b266bD4B387f62C21e15474D12a,attack_contract,receive,yes,294000000000000000,543,Stop,,,,,,,
C24,reentrancy,test,yes,0x0eb8f8d148508e752d9643ccf49ac4cb0c21cbad346b5bbcf2d06974d31bd5c4,127,1,1,  [CALL] 0x145766..5A0B.receive() value=11760974999999999960,CALL,0x145766A51ae96E69810fE76f6f68Fd0e95675A0B,attacker,receive,yes,11760974999999999960,0,Stop,,,,,,,
C28,token_specific,test,yes,0x8a8145ab28b5d2a2e61d74c02c12350731f479b3175893de2014124f998bff32,1,0,,[CALL] 0x000000..7d00.56603732(),CALL,0x00000000000747D525E898424E8774F7Eb317d00,attack_contract,56603732,no,,285405,Return,00000000000747d525e898424e8774f7eb317d000000000000f49912000000000000000000000000000000008c0bf10ff5c5fa2828b5e32b00a68cce4d90302b728ad60a0fd7bac7737cd3545f0024ef...,,,,,,
C28,token_specific,test,yes,0x8a8145ab28b5d2a2e61d74c02c12350731f479b3175893de2014124f998bff32,2,1,1,  [CALL] 0x000000..7d00.28b5e32b(),CALL,0x00000000000747D525E898424E8774F7Eb317d00,attack_contract,28b5e32b,no,,268641,Return,00a68cce4d90302b728ad60a0fd7bac7737cd3545f0024ef78cabc00000000000000000000000078ac2624a2cd193e8defe9f39a9528e8bd4a368c,,,,,,
C28,token_specific,test,yes,0x8a8145ab28b5d2a2e61d74c02c12350731f479b3175893de2014124f998bff32,3,2,2,    [CALL] 0xa68ccE..545F.ef78cabc(),CALL,0xa68ccE4D90302B728aD60A0fD7baC7737cD3545F,,ef78cabc,no,,267934,Stop,00000000000000000000000078ac2624a2cd193e8defe9f39a9528e8bd4a368c,,,,,,
C28,token_specific,test,yes,0x8a8145ab28b5d2a2e61d74c02c12350731f479b3175893de2014124f998bff32,4,3,3,      [STATICCALL] 0x3496B5..3079.balanceOf(),STATICCALL,0x3496B523e5C00a4b4150D6721320CdDb234c3079,,balanceOf,yes,,4049,Return,0x78AC2624a2Cd193E8dEfE9F39A9528e8bd4a368c,,,,,,
C28,token_specific,test,yes,0x8a8145ab28b5d2a2e61d74c02c12350731f479b3175893de2014124f998bff32,5,4,4,        [DELEGATECALL] 0xd39015..888c.balanceOf(),DELEGATECALL,0xd39015041518064743D955cF550C611b0b68888c,,balanceOf,yes,,770,Return,0x78AC2624a2Cd193E8dEfE9F39A9528e8bd4a368c,,,,,,
C28,token_specific,test,yes,0x8a8145ab28b5d2a2e61d74c02c12350731f479b3175893de2014124f998bff32,6,3,3,      [STATICCALL] 0x3496B5..3079.allowance(),STATICCALL,0x3496B523e5C00a4b4150D6721320CdDb234c3079,,allowance,yes,,1962,Return,"0x78AC2624a2Cd193E8dEfE9F39A9528e8bd4a368c, 0x765277EebeCA2e31912C9946eAe1021199B39C61",,,,,,
C28,token_specific,test,yes,0x8a8145ab28b5d2a2e61d74c02c12350731f479b3175893de2014124f998bff32,7,4,6,        [DELEGATECALL] 0xd39015..888c.allowance(),DELEGATECALL,0xd39015041518064743D955cF550C611b0b68888c,,allowance,yes,,1180,Return,"0x78AC2624a2Cd193E8dEfE9F39A9528e8bd4a368c, 0x765277EebeCA2e31912C9946eAe1021199B39C61",,,,,,
C28,token_specific,test,yes,0x8a8145ab28b5d2a2e61d74c02c12350731f479b3175893de2014124f998bff32,8,3,3,      [CALL] 0x765277..9C61.anySwapOutUnderlyingWithPermit(),CALL,0x765277EebeCA2e31912C9946eAe1021199B39C61,victim,anySwapOutUnderlyingWithPermit,yes,,41098,Stop,"0x78AC2624a2Cd193E8dEfE9F39A9528e8bd4a368c, 0xa68ccE4D90302B728aD60A0fD7baC7737cD3545F, 0xa68ccE4D90302B728aD60A0fD7baC7737cD3545F, 557754450001980916242788 [5....","LogAnySwapOut(param0: 0xa68ccE4D90302B728aD60A0fD7baC7737cD3545F, param1: 0x78AC2624a2Cd193E8dEfE9F39A9528e8bd4a368c, param2: 0xa68ccE4D90302B728aD60A0fD7baC773...",yes,,,,
C28,token_specific,test,yes,0x8a8145ab28b5d2a2e61d74c02c12350731f479b3175893de2014124f998bff32,9,4,8,        [STATICCALL] 0xa68ccE..545F.underlying(),STATICCALL,0xa68ccE4D90302B728aD60A0fD7baC7737cD3545F,,underlying,yes,,365,Return,,,,,,,
C28,token_specific,test,yes,0x8a8145ab28b5d2a2e61d74c02c12350731f479b3175893de2014124f998bff32,10,4,8,        [CALL] 0x3496B5..3079.permit(),CALL,0x3496B523e5C00a4b4150D6721320CdDb234c3079,,permit,yes,,1507,Return,"0x78AC2624a2Cd193E8dEfE9F39A9528e8bd4a368c, 0x765277EebeCA2e31912C9946eAe1021199B39C61, 557754450001980916242788 [5.577e23], 100000000000000000000 [1e20], 0, 0x...",,,,,,
C28,token_specific,test,yes,0x8a8145ab28b5d2a2e61d74c02c12350731f479b3175893de2014124f998bff32,11,5,10,          [DELEGATECALL] 0xd39015..888c.permit(),DELEGATECALL,0xd39015041518064743D955cF550C611b0b68888c,,permit,yes,,698,Stop,"0x78AC2624a2Cd193E8dEfE9F39A9528e8bd4a368c, 0x765277EebeCA2e31912C9946eAe1021199B39C61, 557754450001980916242788 [5.577e23], 100000000000000000000 [1e20], 0, 0x...",,,,,,
C28,token_specific,test,yes,0x8a8145ab28b5d2a2e61d74c02c12350731f479b3175893de2014124f998bff32,12,4,8,        [CALL] 0x3496B5..3079.transferFrom(),CALL,0x3496B523e5C00a4b4150D6721320CdDb234c3079,,transferFrom,yes,,31089,Return,"0x78AC2624a2Cd193E8dEfE9F39A9528e8bd4a368c, 0xa68ccE4D90302B728aD60A0fD7baC7737cD3545F, 557754450001980916242788 [5.577e23]",,,,,,
C28,token_specific,test,yes,0x8a8145ab28b5d2a2e61d74c02c12350731f479b3175893de2014124f998bff32,13,5,12,          [DELEGATECALL] 0xd39015..888c.transferFrom(),DELEGATECALL,0xd39015041518064743D955cF550C611b0b68888c,,transferFrom,yes,,30301,Return,"0x78AC2624a2Cd193E8dEfE9F39A9528e8bd4a368c, 0xa68ccE4D90302B728aD60A0fD7baC7737cD3545F, 557754450001980916242788 [5.577e23]","Transfer(from: 0x78AC2624a2Cd193E8dEfE9F39A9528e8bd4a368c, to: 0xa68ccE4D90302B728aD60A0fD7baC7737cD3545F, amount: 557754450001980916242788 [5.577e23])",,,,,
C28,token_specific,test,yes,0x8a8145ab28b5d2a2e61d74c02c12350731f479b3175893de2014124f998bff32,14,4,8,        [CALL] 0xa68ccE..545F.depositVault(),CALL,0xa68ccE4D90302B728aD60A0fD7baC7737cD3545F,,depositVault,yes,,444,Return,"557754450001980916242788 [5.577e23], 0x78AC2624a2Cd193E8dEfE9F39A9528e8bd4a368c",,,,,,
C28,token_specific,test,yes,0x8a8145ab28b5d2a2e61d74c02c12350731f479b3175893de2014124f998bff32,15,4,8,        [CALL] 0xa68ccE..545F.burn(),CALL,0xa68ccE4D90302B728aD60A0fD7baC7737cD3545F,,burn,yes,,409,Return,"0x78AC2624a2Cd193E8dEfE9F39A9528e8bd4a368c, 557754450001980916242788 [5.577e23]",,,,,,
C28,token_specific,test,yes,0x8a8145ab28b5d2a2e61d74c02c12350731f479b3175893de2014124f998bff32,16,3,3,      [STATICCALL] 0x3496B5..3079.balanceOf(),STATICCALL,0x3496B523e5C00a4b4150D6721320CdDb234c3079,,balanceOf,yes,,1549,Return,0xa68ccE4D90302B728aD60A0fD7baC7737cD3545F,,,,,,
C28,token_specific,test,yes,0x8a8145ab28b5d2a2e61d74c02c12350731f479b3175893de2014124f998bff32,17,4,16,        [DELEGATECALL] 0xd39015..888c.balanceOf(),DELEGATECALL,0xd39015041518064743D955cF550C611b0b68888c,,balanceOf,yes,,770,Return,0xa68ccE4D90302B728aD60A0fD7baC7737cD3545F,,,,,,
C28,token_specific,test,yes,0x8a8145ab28b5d2a2e61d74c02c12350731f479b3175893de2014124f998bff32,18,3,3,      [CALL] 0x3496B5..3079.transfer(),CALL,0x3496B523e5C00a4b4150D6721320CdDb234c3079,,transfer,yes,,34627,Return,"0x68b3465833fb72A70ecDF485E0e4C7bD8665Fc45, 557754450001980916242788 [5.577e23]",,,,,,
C28,token_specific,test,yes,0x8a8145ab28b5d2a2e61d74c02c12350731f479b3175893de2014124f998bff32,19,4,18,        [DELEGATECALL] 0xd39015..888c.transfer(),DELEGATECALL,0xd39015041518064743D955cF550C611b0b68888c,,transfer,yes,,33845,Return,"0x68b3465833fb72A70ecDF485E0e4C7bD8665Fc45, 557754450001980916242788 [5.577e23]","Transfer(from: 0xa68ccE4D90302B728aD60A0fD7baC7737cD3545F, to: 0x68b3465833fb72A70ecDF485E0e4C7bD8665Fc45, amount: 557754450001980916242788 [5.577e23]) | Contra...",,,,,
C28,token_specific,test,yes,0x8a8145ab28b5d2a2e61d74c02c12350731f479b3175893de2014124f998bff32,20,5,19,          [CALL] 0x68b346..Fc45.onTokenTransfer(),CALL,0x68b3465833fb72A70ecDF485E0e4C7bD8665Fc45,,onTokenTransfer,yes,,204,Revert,"0xa68ccE4D90302B728aD60A0fD7baC7737cD3545F, 557754450001980916242788 [5.577e23], 0x",,,,,,
C28,token_specific,test,yes,0x8a8145ab28b5d2a2e61d74c02c12350731f479b3175893de2014124f998bff32,21,3,3,      [CALL] 0x68b346..Fc45.swapExactTokensForTokens(),CALL,0x68b3465833fb72A70ecDF485E0e4C7bD8665Fc45,,swapExactTokensForTokens,yes,,82100,Return,"0, 0, [0x3496B523e5C00a4b4150D6721320CdDb234c3079, 0xA0b86991c6218b36c1d19D4a2e9Eb0cE3606eB48], 0x68b3465833fb72A70ecDF485E0e4C7bD8665Fc45",,,,,,
C28,token_specific,test,yes,0x8a8145ab28b5d2a2e61d74c02c12350731f479b3175893de2014124f998bff32,22,4,21,        [STATICCALL] 0x3496B5..3079.balanceOf(),STATICCALL,0x3496B523e5C00a4b4150D6721320CdDb234c3079,,balanceOf,yes,,1549,Return,0x68b3465833fb72A70ecDF485E0e4C7bD8665Fc45,,,,,,
C28,token_specific,test,yes,0x8a8145ab28b5d2a2e61d74c02c12350731f479b3175893de2014124f998bff32,23,5,22,          [DELEGATECALL] 0xd39015..888c.balanceOf(),DELEGATECALL,0xd39015041518064743D955cF550C611b0b68888c,,balanceOf,yes,,770,Return,0x68b3465833fb72A70ecDF485E0e4C7bD8665Fc45,,,,,,
C28,token_specific,test,yes,0x8a8145ab28b5d2a2e61d74c02c12350731f479b3175893de2014124f998bff32,24,4,21,        [CALL] 0x3496B5..3079.transfer(),CALL,0x3496B523e5C00a4b4150D6721320CdDb234c3079,,transfer,yes,,12060,Return,"0x22527f92f43Dc8bEa6387CE40B87EbAa21f51Df3, 557754450001980916242788 [5.577e23]",,,,,,
C28,token_specific,test,yes,0x8a8145ab28b5d2a2e61d74c02c12350731f479b3175893de2014124f998bff32,25,5,24,          [DELEGATECALL] 0xd39015..888c.transfer(),DELEGATECALL,0xd39015041518064743D955cF550C611b0b68888c,,transfer,yes,,11278,Return,"0x22527f92f43Dc8bEa6387CE40B87EbAa21f51Df3, 557754450001980916242788 [5.577e23]","Transfer(from: 0x68b3465833fb72A70ecDF485E0e4C7bD8665Fc45, to: 0x22527f92f43Dc8bEa6387CE40B87EbAa21f51Df3, amount: 557754450001980916242788 [5.577e23]) | Contra...",,,,,
C28,token_specific,test,yes,0x8a8145ab28b5d2a2e61d74c02c12350731f479b3175893de2014124f998bff32,26,6,25,            [CALL] 0x22527f..1Df3.onTokenTransfer(),CALL,0x22527f92f43Dc8bEa6387CE40B87EbAa21f51Df3,,onTokenTransfer,yes,,248,Revert,"0x68b3465833fb72A70ecDF485E0e4C7bD8665Fc45, 557754450001980916242788 [5.577e23], 0x",,,,,,
C28,token_specific,test,yes,0x8a8145ab28b5d2a2e61d74c02c12350731f479b3175893de2014124f998bff32,27,4,21,        [STATICCALL] 0xA0b869..eB48.balanceOf(),STATICCALL,0xA0b86991c6218b36c1d19D4a2e9Eb0cE3606eB48,,balanceOf,yes,,3815,Return,0x68b3465833fb72A70ecDF485E0e4C7bD8665Fc45,,,,,,
C28,token_specific,test,yes,0x8a8145ab28b5d2a2e61d74c02c12350731f479b3175893de2014124f998bff32,28,5,27,          [DELEGATECALL] 0xa2327a..bDCF.balanceOf(),DELEGATECALL,0xa2327a938Febf5FEC13baCFb16Ae10EcBc4cbDCF,,balanceOf,yes,,529,Return,0x68b3465833fb72A70ecDF485E0e4C7bD8665Fc45,,,,,,
C28,token_specific,test,yes,0x8a8145ab28b5d2a2e61d74c02c12350731f479b3175893de2014124f998bff32,29,4,21,        [STATICCALL] 0x22527f..1Df3.getReserves(),STATICCALL,0x22527f92f43Dc8bEa6387CE40B87EbAa21f51Df3,,getReserves,yes,,504,Return,,,,,,,
C28,token_specific,test,yes,0x8a8145ab28b5d2a2e61d74c02c12350731f479b3175893de2014124f998bff32,30,4,21,        [STATICCALL] 0x3496B5..3079.balanceOf(),STATICCALL,0x3496B523e5C00a4b4150D6721320CdDb234c3079,,balanceOf,yes,,1549,Return,0x22527f92f43Dc8bEa6387CE40B87EbAa21f51Df3,,,,,,
C28,token_specific,test,yes,0x8a8145ab28b5d2a2e61d74c02c12350731f479b3175893de2014124f998bff32,31,5,30,          [DELEGATECALL] 0xd39015..888c.balanceOf(),DELEGATECALL,0xd39015041518064743D955cF550C611b0b68888c,,balanceOf,yes,,770,Return,0x22527f92f43Dc8bEa6387CE40B87EbAa21f51Df3,,,,,,
C28,token_specific,test,yes,0x8a8145ab28b5d2a2e61d74c02c12350731f479b3175893de2014124f998bff32,32,4,21,        [CALL] 0x22527f..1Df3.swap(),CALL,0x22527f92f43Dc8bEa6387CE40B87EbAa21f51Df3,,swap,yes,,51704,Stop,"0, 13822280101 [1.382e10], 0x68b3465833fb72A70ecDF485E0e4C7bD8665Fc45, 0x","Sync(: 5029730437889863353567699 [5.029e24], : 111158057843 [1.111e11]) | Swap(param0: 0x68b3465833fb72A70ecDF485E0e4C7bD8665Fc45, param1: 557754450001980916242...",,,,,
C28,token_specific,test,yes,0x8a8145ab28b5d2a2e61d74c02c12350731f479b3175893de2014124f998bff32,33,5,32,          [CALL] 0xA0b869..eB48.transfer(),CALL,0xA0b86991c6218b36c1d19D4a2e9Eb0cE3606eB48,,transfer,yes,,27517,Return,"0x68b3465833fb72A70ecDF485E0e4C7bD8665Fc45, 13822280101 [1.382e10]",,,,,,
C28,token_specific,test,yes,0x8a8145ab28b5d2a2e61d74c02c12350731f479b3175893de2014124f998bff32,34,6,33,            [DELEGATECALL] 0xa2327a..bDCF.transfer(),DELEGATECALL,0xa2327a938Febf5FEC13baCFb16Ae10EcBc4cbDCF,,transfer,yes,,26728,Return,"0x68b3465833fb72A70ecDF485E0e4C7bD8665Fc45, 13822280101 [1.382e10]","Transfer(from: 0x22527f92f43Dc8bEa6387CE40B87EbAa21f51Df3, to: 0x68b3465833fb72A70ecDF485E0e4C7bD8665Fc45, amount: 13822280101 [1.382e10])",,,,,
C28,token_specific,test,yes,0x8a8145ab28b5d2a2e61d74c02c12350731f479b3175893de2014124f998bff32,35,5,32,          [STATICCALL] 0x3496B5..3079.balanceOf(),STATICCALL,0x3496B523e5C00a4b4150D6721320CdDb234c3079,,balanceOf,yes,,1549,Return,0x22527f92f43Dc8bEa6387CE40B87EbAa21f51Df3,,,,,,
C28,token_specific,test,yes,0x8a8145ab28b5d2a2e61d74c02c12350731f479b3175893de2014124f998bff32,36,6,35,            [DELEGATECALL] 0xd39015..888c.balanceOf(),DELEGATECALL,0xd39015041518064743D955cF550C611b0b68888c,,balanceOf,yes,,770,Return,0x22527f92f43Dc8bEa6387CE40B87EbAa21f51Df3,,,,,,
C28,token_specific,test,yes,0x8a8145ab28b5d2a2e61d74c02c12350731f479b3175893de2014124f998bff32,37,5,32,          [STATICCALL] 0xA0b869..eB48.balanceOf(),STATICCALL,0xA0b86991c6218b36c1d19D4a2e9Eb0cE3606eB48,,balanceOf,yes,,1315,Return,0x22527f92f43Dc8bEa6387CE40B87EbAa21f51Df3,,,,,,
C28,token_specific,test,yes,0x8a8145ab28b5d2a2e61d74c02c12350731f479b3175893de2014124f998bff32,38,6,37,            [DELEGATECALL] 0xa2327a..bDCF.balanceOf(),DELEGATECALL,0xa2327a938Febf5FEC13baCFb16Ae10EcBc4cbDCF,,balanceOf,yes,,529,Return,0x22527f92f43Dc8bEa6387CE40B87EbAa21f51Df3,,,,,,
C28,token_specific,test,yes,0x8a8145ab28b5d2a2e61d74c02c12350731f479b3175893de2014124f998bff32,39,4,21,        [STATICCALL] 0xA0b869..eB48.balanceOf(),STATICCALL,0xA0b86991c6218b36c1d19D4a2e9Eb0cE3606eB48,,balanceOf,yes,,1315,Return,0x68b3465833fb72A70ecDF485E0e4C7bD8665Fc45,,,,,,
C28,token_specific,test,yes,0x8a8145ab28b5d2a2e61d74c02c12350731f479b3175893de2014124f998bff32,40,5,39,          [DELEGATECALL] 0xa2327a..bDCF.balanceOf(),DELEGATECALL,0xa2327a938Febf5FEC13baCFb16Ae10EcBc4cbDCF,,balanceOf,yes,,529,Return,0x68b3465833fb72A70ecDF485E0e4C7bD8665Fc45,,,,,,
C28,token_specific,test,yes,0x8a8145ab28b5d2a2e61d74c02c12350731f479b3175893de2014124f998bff32,41,3,3,      [CALL] 0x68b346..Fc45.exactInputSingle(),CALL,0x68b3465833fb72A70ecDF485E0e4C7bD8665Fc45,,exactInputSingle,yes,,76547,Return,"(0xA0b86991c6218b36c1d19D4a2e9Eb0cE3606eB48, 0xC02aaA39b223FE8D0A0e5C4F27eAD9083C756Cc2, 500, 0xa68ccE4D90302B728aD60A0fD7baC7737cD3545F, 0, 0, 0)",,,,,,
C28,token_specific,test,yes,0x8a8145ab28b5d2a2e61d74c02c12350731f479b3175893de2014124f998bff32,42,4,41,        [STATICCALL] 0xA0b869..eB48.balanceOf(),STATICCALL,0xA0b86991c6218b36c1d19D4a2e9Eb0cE3606eB48,,balanceOf,yes,,1315,Return,0x68b3465833fb72A70ecDF485E0e4C7bD8665Fc45,,,,,,
C28,token_specific,test,yes,0x8a8145ab28b5d2a2e61d74c02c12350731f479b3175893de2014124f998bff32,43,5,42,          [DELEGATECALL] 0xa2327a..bDCF.balanceOf(),DELEGATECALL,0xa2327a938Febf5FEC13baCFb16Ae10EcBc4cbDCF,,balanceOf,yes,,529,Return,0x68b3465833fb72A70ecDF485E0e4C7bD8665Fc45,,,,,,
C28,token_specific,test,yes,0x8a8145ab28b5d2a2e61d74c02c12350731f479b3175893de2014124f998bff32,44,4,41,        [CALL] 0x88e6A0..5640.swap(),CALL,0x88e6A0c2dDD26FEEb64F039a2c41296FcB3f5640,,swap,yes,,69804,Return,"0xa68ccE4D90302B728aD60A0fD7baC7737cD3545F, true, 13822280101 [1.382e10], 4295128740 [4.295e9], 0x00000000000000000000000000000000000000000000000000000000000000...","Swap(param0: 0x68b3465833fb72A70ecDF485E0e4C7bD8665Fc45, param1: 0xa68ccE4D90302B728aD60A0fD7baC7737cD3545F, param2: 13822280101 [1.382e10], param3: -1192538888...",,,,,
C28,token_specific,test,yes,0x8a8145ab28b5d2a2e61d74c02c12350731f479b3175893de2014124f998bff32,45,5,44,          [CALL] 0xC02aaA..6Cc2.transfer(),CALL,0xC02aaA39b223FE8D0A0e5C4F27eAD9083C756Cc2,,transfer,yes,,25962,Return,"0xa68ccE4D90302B728aD60A0fD7baC7737cD3545F, 11925388884037488410 [1.192e19]","Transfer(from: 0x88e6A0c2dDD26FEEb64F039a2c41296FcB3f5640, to: 0xa68ccE4D90302B728aD60A0fD7baC7737cD3545F, amount: 11925388884037488410 [1.192e19])",,,,,
C28,token_specific,test,yes,0x8a8145ab28b5d2a2e61d74c02c12350731f479b3175893de2014124f998bff32,46,5,44,          [STATICCALL] 0xA0b869..eB48.balanceOf(),STATICCALL,0xA0b86991c6218b36c1d19D4a2e9Eb0cE3606eB48,,balanceOf,yes,,1315,Return,0x88e6A0c2dDD26FEEb64F039a2c41296FcB3f5640,,,,,,
C28,token_specific,test,yes,0x8a8145ab28b5d2a2e61d74c02c12350731f479b3175893de2014124f998bff32,47,6,46,            [DELEGATECALL] 0xa2327a..bDCF.balanceOf(),DELEGATECALL,0xa2327a938Febf5FEC13baCFb16Ae10EcBc4cbDCF,,balanceOf,yes,,529,Return,0x88e6A0c2dDD26FEEb64F039a2c41296FcB3f5640,,,,,,
C28,token_specific,test,yes,0x8a8145ab28b5d2a2e61d74c02c12350731f479b3175893de2014124f998bff32,48,5,44,          [CALL] 0x68b346..Fc45.uniswapV3SwapCallback(),CALL,0x68b3465833fb72A70ecDF485E0e4C7bD8665Fc45,,uniswapV3SwapCallback,yes,,11594,Stop,"13822280101 [1.382e10], -11925388884037488410 [-1.192e19], 0x000000000000000000000000000000000000000000000000000000000000002000000000000000000000000000000000000...",,,,,,
C28,token_specific,test,yes,0x8a8145ab28b5d2a2e61d74c02c12350731f479b3175893de2014124f998bff32,49,6,48,            [CALL] 0xA0b869..eB48.transfer(),CALL,0xA0b86991c6218b36c1d19D4a2e9Eb0cE3606eB48,,transfer,yes,,7617,Return,"0x88e6A0c2dDD26FEEb64F039a2c41296FcB3f5640, 13822280101 [1.382e10]",,,,,,
C28,token_specific,test,yes,0x8a8145ab28b5d2a2e61d74c02c12350731f479b3175893de2014124f998bff32,50,7,49,              [DELEGATECALL] 0xa2327a..bDCF.transfer(),DELEGATECALL,0xa2327a938Febf5FEC13baCFb16Ae10EcBc4cbDCF,,transfer,yes,,6828,Return,"0x88e6A0c2dDD26FEEb64F039a2c41296FcB3f5640, 13822280101 [1.382e10]","Transfer(from: 0x68b3465833fb72A70ecDF485E0e4C7bD8665Fc45, to: 0x88e6A0c2dDD26FEEb64F039a2c41296FcB3f5640, amount: 13822280101 [1.382e10])",,,,,
C28,token_specific,test,yes,0x8a8145ab28b5d2a2e61d74c02c12350731f479b3175893de2014124f998bff32,51,5,44,          [STATICCALL] 0xA0b869..eB48.balanceOf(),STATICCALL,0xA0b86991c6218b36c1d19D4a2e9Eb0cE3606eB48,,balanceOf,yes,,1315,Return,0x88e6A0c2dDD26FEEb64F039a2c41296FcB3f5640,,,,,,
C28,token_specific,test,yes,0x8a8145ab28b5d2a2e61d74c02c12350731f479b3175893de2014124f998bff32,52,6,51,            [DELEGATECALL] 0xa2327a..bDCF.balanceOf(),DELEGATECALL,0xa2327a938Febf5FEC13baCFb16Ae10EcBc4cbDCF,,balanceOf,yes,,529,Return,0x88e6A0c2dDD26FEEb64F039a2c41296FcB3f5640,,,,,,
C28,token_specific,test,yes,0x8a8145ab28b5d2a2e61d74c02c12350731f479b3175893de2014124f998bff32,53,3,3,      [STATICCALL] 0xC02aaA..6Cc2.balanceOf(),STATICCALL,0xC02aaA39b223FE8D0A0e5C4F27eAD9083C756Cc2,,balanceOf,yes,,534,Return,0xa68ccE4D90302B728aD60A0fD7baC7737cD3545F,,,,,,
C28,token_specific,test,yes,0x8a8145ab28b5d2a2e61d74c02c12350731f479b3175893de2014124f998bff32,54,3,3,      [CALL] 0xC02aaA..6Cc2.withdraw(),CALL,0xC02aaA39b223FE8D0A0e5C4F27eAD9083C756Cc2,,withdraw,yes,,9195,Stop,11925388884037488410 [1.192e19],"Withdrawal(param0: 0xa68ccE4D90302B728aD60A0fD7baC7737cD3545F, param1: 11925388884037488410 [1.192e19])",,,,,
C28,token_specific,test,yes,0x8a8145ab28b5d2a2e61d74c02c12350731f479b3175893de2014124f998bff32,55,4,54,        [CALL] 0xa68ccE..545F.receive() value=11925388884037488410,CALL,0xa68ccE4D90302B728aD60A0fD7baC7737cD3545F,,receive,yes,11925388884037488410,55,Stop,,,,,,,
C28,token_specific,test,yes,0x8a8145ab28b5d2a2e61d74c02c12350731f479b3175893de2014124f998bff32,56,3,3,      [CALL] 0x000000..7d00.receive() value=11925388884037488410,CALL,0x00000000000747D525E898424E8774F7Eb317d00,attack_contract,receive,yes,11925388884037488410,62,Stop,,,,,,,
C28,token_specific,test,yes,0x8a8145ab28b5d2a2e61d74c02c12350731f479b3175893de2014124f998bff32,57,1,1,  [CALL] 0x690B9A..C990.receive() value=10091424440903924264,CALL,0x690B9A9E9aa1C9dB991C7721a92d351Db4FaC990,,receive,yes,10091424440903924264,0,Stop,,,,,,,
C28,token_specific,test,yes,0x8a8145ab28b5d2a2e61d74c02c12350731f479b3175893de2014124f998bff32,58,1,1,  [CALL] 0xb792FA..9b30.receive() value=1833964443133564146,CALL,0xb792FAF099991f96c5dfEf037Ae9f248186D9b30,attacker,receive,yes,1833964443133564146,0,Stop,,,,,,,
