case_id,category,split,replay_verified,tx_hash,frame_index,depth,parent,call_tree,kind,target_address,target_role,function,decoded,value,gas,outcome,args_preview,events_preview,is_gt_vuln_function,role,essential,annotator,notes
C01,access_control,dev,yes,0x8c3f442fc6d640a6ff3ea0b12be64f1d4609ea94edd2966f42c01cd9bdcf04b5,1,0,,[CALL] 0x2Df9c1..31e0.233805fb(),CALL,0x2Df9c154fe24D081cfE568645Fb4075d725431e0,attack_contract,233805fb,no,,179945,Stop,,,,,,,
C01,access_control,dev,yes,0x8c3f442fc6d640a6ff3ea0b12be64f1d4609ea94edd2966f42c01cd9bdcf04b5,2,1,1,  [STATICCALL] 0xBcB8b7..dCD9.balanceOf(),STATICCALL,0xBcB8b7FC9197fEDa75C101fA69d3211b5a30dCD9,,balanceOf,yes,,2624,Return,0xd2869042E12a3506100af1D192b5b04D65137941,,,,,,
C01,access_control,dev,yes,0x8c3f442fc6d640a6ff3ea0b12be64f1d4609ea94edd2966f42c01cd9bdcf04b5,3,1,1,  [CALL] 0xd28690..7941.migrateStake(),CALL,0xd2869042E12a3506100af1D192b5b04D65137941,victim,migrateStake,yes,,113571,Stop,"0x9bdb04493aF17eB318A23BfeFe43f07b3E58EcFb, 321154865567124596801893 [3.211e23]","Staked(param0: 0x2Df9c154fe24D081cfE568645Fb4075d725431e0, param1: 321154865567124596801893 [3.211e23])",yes,,,,
C01,access_control,dev,yes,0x8c3f442fc6d640a6ff3ea0b12be64f1d4609ea94edd2966f42c01cd9bdcf04b5,4,2,3,    [CALL] 0x9bdb04..EcFb.migrateWithdraw(),CALL,0x9bdb04493aF17eB318A23BfeFe43f07b3E58EcFb,,migrateWithdraw,yes,,2773,Stop,"0x2Df9c154fe24D081cfE568645Fb4075d725431e0, 321154865567124596801893 [3.211e23]",,,,,,
C01,access_control,dev,yes,0x8c3f442fc6d640a6ff3ea0b12be64f1d4609ea94edd2966f42c01cd9bdcf04b5,5,1,1,  [CALL] 0xd28690..7941.withdrawAll(),CALL,0xd2869042E12a3506100af1D192b5b04D65137941,victim,withdrawAll,yes,,46029,Stop,false,topic 0: 0xd1c19fbcd4551a5edfb66d43d2e337c04837afda3482b42bdf569a8fccdae5fb topic 1: 0x0000000000000000000000002df9c154fe24d081cfe568645fb4075d725431e0 data: 0x...,,,,,
C01,access_control,dev,yes,0x8c3f442fc6d640a6ff3ea0b12be64f1d4609ea94edd2966f42c01cd9bdcf04b5,6,2,5,    [CALL] 0xBcB8b7..dCD9.transfer(),CALL,0xBcB8b7FC9197fEDa75C101fA69d3211b5a30dCD9,,transfer,yes,,27870,Return,"0x2Df9c154fe24D081cfE568645Fb4075d725431e0, 321154865567124596801893 [3.211e23]","Transfer(from: 0xd2869042E12a3506100af1D192b5b04D65137941, to: 0x2Df9c154fe24D081cfE568645Fb4075d725431e0, amount: 321154865567124596801893 [3.211e23])",,,,,
C01,access_control,dev,yes,0x8c3f442fc6d640a6ff3ea0b12be64f1d4609ea94edd2966f42c01cd9bdcf04b5,7,1,1,  [STATICCALL] 0xBcB8b7..dCD9.balanceOf(),STATICCALL,0xBcB8b7FC9197fEDa75C101fA69d3211b5a30dCD9,,balanceOf,yes,,624,Return,0x2Df9c154fe24D081cfE568645Fb4075d725431e0,,,,,,
C02,access_control,test,yes,0x35a73969f582872c25c96c48d8bb31c23eab8a49c19282c67509b96186734e60,1,0,,[CALL] 0x6980a4..BDD0.9846cd9e() value=998,CALL,0x6980a47beE930a4584B09Ee79eBe46484FbDBDD0,attack_contract,9846cd9e,no,998,183217,Stop,0000000000000000000000000000000000000000018400000000fdac7708d0d360bddc1bc7d097f47439fa461e33fffffffffffffffffffffffffffffffffffffffffffffffffffffff8510bf6000000...,,,,,,
C02,access_control,test,yes,0x35a73969f582872c25c96c48d8bb31c23eab8a49c19282c67509b96186734e60,2,1,1,  [CALL] 0x000000..7439.uniswapV3SwapCallback(),CALL,0x00000000FdAC7708D0D360BDDc1bc7d097F47439,,uniswapV3SwapCallback,yes,,161576,Stop,"-33000000000 [-3.3e10], 6463332789527457985 [6.463e18], 0x0000000000000000000000006980a47bee930a4584b09ee79ebe46484fbdbdd00000000000000000000000000cc396f558aae5...",,,,,,
C02,access_control,test,yes,0x35a73969f582872c25c96c48d8bb31c23eab8a49c19282c67509b96186734e60,3,2,2,    [CALL] 0x45f4d6..6b8f.swap(),CALL,0x45f4d60405b797a2b0e5eA581fe6EA445CB46b8f,,swap,yes,,156955,Return,"0x6980a47beE930a4584B09Ee79eBe46484FbDBDD0, true, -6463332789527457985 [-6.463e18], 4295128740 [4.295e9], 0x00000000000000000000000045f4d60405b797a2b0e5ea581fe6...","Swap(param0: 0x00000000FdAC7708D0D360BDDc1bc7d097F47439, param1: 0x6980a47beE930a4584B09Ee79eBe46484FbDBDD0, param2: 12479437103825582622058 [1.247e22], param3:...",,,,,
C02,access_control,test,yes,0x35a73969f582872c25c96c48d8bb31c23eab8a49c19282c67509b96186734e60,4,3,3,      [CALL] 0xC02aaA..6Cc2.transfer(),CALL,0xC02aaA39b223FE8D0A0e5C4F27eAD9083C756Cc2,,transfer,yes,,12862,Return,"0x6980a47beE930a4584B09Ee79eBe46484FbDBDD0, 6463332789527457985 [6.463e18]","Transfer(from: 0x45f4d60405b797a2b0e5eA581fe6EA445CB46b8f, to: 0x6980a47beE930a4584B09Ee79eBe46484FbDBDD0, amount: 6463332789527457985 [6.463e18])",,,,,
C02,access_control,test,yes,0x35a73969f582872c25c96c48d8bb31c23eab8a49c19282c67509b96186734e60,5,3,3,      [STATICCALL] 0x6A7eFF..ED98.balanceOf(),STATICCALL,0x6A7eFF1e2c355AD6eb91BEbB5ded49257F3FED98,victim,balanceOf,yes,,2941,Return,0x45f4d60405b797a2b0e5eA581fe6EA445CB46b8f,,,,,,
C02,access_control,test,yes,0x35a73969f582872c25c96c48d8bb31c23eab8a49c19282c67509b96186734e60,6,3,3,      [CALL] 0x000000..7439.uniswapV3SwapCallback(),CALL,0x00000000FdAC7708D0D360BDDc1bc7d097F47439,,uniswapV3SwapCallback,yes,,43852,Stop,"12479437103825582622058 [1.247e22], -6463332789527457985 [-6.463e18], 0x00000000000000000000000045f4d60405b797a2b0e5ea581fe6ea445cb46b8f000000000000000000000000...",,,,,,
C02,access_control,test,yes,0x35a73969f582872c25c96c48d8bb31c23eab8a49c19282c67509b96186734e60,7,4,6,        [CALL] 0x6A7eFF..ED98.transferFrom(),CALL,0x6A7eFF1e2c355AD6eb91BEbB5ded49257F3FED98,victim,transferFrom,yes,,42036,Return,"0x0cc396F558aAE5200bb0aBB23225aCcafCA31E27, 0x45f4d60405b797a2b0e5eA581fe6EA445CB46b8f, 12479437103825582622058 [1.247e22]","Transfer(from: 0x0cc396F558aAE5200bb0aBB23225aCcafCA31E27, to: 0x45f4d60405b797a2b0e5eA581fe6EA445CB46b8f, amount: 12479437103825582622058 [1.247e22]) | Approva...",yes,,,,
C02,access_control,test,yes,0x35a73969f582872c25c96c48d8bb31c23eab8a49c19282c67509b96186734e60,8,3,3,      [STATICCALL] 0x6A7eFF..ED98.balanceOf(),STATICCALL,0x6A7eFF1e2c355AD6eb91BEbB5ded49257F3FED98,victim,balanceOf,yes,,941,Return,0x45f4d60405b797a2b0e5eA581fe6EA445CB46b8f,,,,,,
C02,access_control,test,yes,0x35a73969f582872c25c96c48d8bb31c23eab8a49c19282c67509b96186734e60,9,1,1,  [STATICCALL] 0xC02aaA..6Cc2.balanceOf(),STATICCALL,0xC02aaA39b223FE8D0A0e5C4F27eAD9083C756Cc2,,balanceOf,yes,,534,Return,0x6980a47beE930a4584B09Ee79eBe46484FbDBDD0,,,,,,
C02,access_control,test,yes,0x35a73969f582872c25c96c48d8bb31c23eab8a49c19282c67509b96186734e60,10,1,1,  [CALL] 0xC02aaA..6Cc2.withdraw(),CALL,0xC02aaA39b223FE8D0A0e5C4F27eAD9083C756Cc2,,withdraw,yes,,9290,Stop,6463332789527457985 [6.463e18],"Withdrawal(param0: 0x6980a47beE930a4584B09Ee79eBe46484FbDBDD0, param1: 6463332789527457985 [6.463e18])",,,,,
C02,access_control,test,yes,0x35a73969f582872c25c96c48d8bb31c23eab8a49c19282c67509b96186734e60,11,2,10,    [CALL] 0x6980a4..BDD0.receive() value=6463332789527457985,CALL,0x6980a47beE930a4584B09Ee79eBe46484FbDBDD0,attack_contract,receive,yes,6463332789527457985,150,Return,,,,,,,
C02,access_control,test,yes,0x35a73969f582872c25c96c48d8bb31c23eab8a49c19282c67509b96186734e60,12,1,1,  [CALL] 0x229b83..5d5f.receive() value=6450406123948403069,CALL,0x229b8325bb9Ac04602898B7e8989998710235d5f,,receive,yes,6450406123948403069,0,Stop,,,,,,,
C03,access_control,test,no,0x3f1973fe56de5ecd59a815d3b14741cf48385903b0ccfe248f7f10c2765061f7,1,0,,[CREATE] 0x4985DB..7238.new <unknown>(),CREATE,0x4985DB6Fa42F6a30Ea7D20CB19591A0552C67238,attack_contract,new <unknown>,yes,,823108,Return,,,,,,,
C03,access_control,test,no,0x3f1973fe56de5ecd59a815d3b14741cf48385903b0ccfe248f7f10c2765061f7,2,1,1,  [STATICCALL] 0x9A1aEF..2a54.balanceOf(),STATICCALL,0x9A1aEF8C9ADA4224aD774aFdaC07C24955C92a54,victim,balanceOf,yes,,2496,Return,0x6a8C4448763C08aDEb80ADEbF7A29b9477Fa0628,,,,,,
C03,access_control,test,no,0x3f1973fe56de5ecd59a815d3b14741cf48385903b0ccfe248f7f10c2765061f7,3,1,1,  [CALL] 0x9A1aEF..2a54.mint(),CALL,0x9A1aEF8C9ADA4224aD774aFdaC07C24955C92a54,victim,mint,yes,,32440,Return,"0x4985DB6Fa42F6a30Ea7D20CB19591A0552C67238, 146965900202189951396348800 [1.469e26], """"","Transfer(from: 0x0000000000000000000000000000000000000000, to: 0x4985DB6Fa42F6a30Ea7D20CB19591A0552C67238, amount: 146965900202189951396348800 [1.469e26]) | top...",yes,,,,
C03,access_control,test,no,0x3f1973fe56de5ecd59a815d3b14741cf48385903b0ccfe248f7f10c2765061f7,4,1,1,  [STATICCALL] 0x9A1aEF..2a54.balanceOf(),STATICCALL,0x9A1aEF8C9ADA4224aD774aFdaC07C24955C92a54,victim,balanceOf,yes,,496,Return,0x4985DB6Fa42F6a30Ea7D20CB19591A0552C67238,,,,,,
C03,access_control,test,no,0x3f1973fe56de5ecd59a815d3b14741cf48385903b0ccfe248f7f10c2765061f7,5,1,1,  [CALL] 0x9A1aEF..2a54.approve(),CALL,0x9A1aEF8C9ADA4224aD774aFdaC07C24955C92a54,victim,approve,yes,,24607,Return,"0x10ED43C718714eb63d5aA57B78B54704E256024E, 146965900202189951396348800 [1.469e26]","Approval(owner: 0x4985DB6Fa42F6a30Ea7D20CB19591A0552C67238, spender: 0x10ED43C718714eb63d5aA57B78B54704E256024E, amount: 146965900202189951396348800 [1.469e26])",,,,,
C03,access_control,test,no,0x3f1973fe56de5ecd59a815d3b14741cf48385903b0ccfe248f7f10c2765061f7,6,1,1,  [CALL] 0x10ED43..024E.swapExactTokensForTokensSupportingFeeOnTransferTokens(),CALL,0x10ED43C718714eb63d5aA57B78B54704E256024E,,swapExactTokensForTokensSupportingFeeOnTransferTokens,yes,,89932,Stop,"146965900202189951396348800 [1.469e26], 0, [0x9A1aEF8C9ADA4224aD774aFdaC07C24955C92a54, 0x55d398326f99059fF775485246999027B3197955], 0x9bf2c7C21f3C488A1855Dcd49...",,,,,,
C03,access_control,test,no,0x3f1973fe56de5ecd59a815d3b14741cf48385903b0ccfe248f7f10c2765061f7,7,2,6,    [CALL] 0x9A1aEF..2a54.transferFrom(),CALL,0x9A1aEF8C9ADA4224aD774aFdaC07C24955C92a54,victim,transferFrom,yes,,8979,Return,"0x4985DB6Fa42F6a30Ea7D20CB19591A0552C67238, 0x6a8C4448763C08aDEb80ADEbF7A29b9477Fa0628, 146965900202189951396348800 [1.469e26]","Transfer(from: 0x4985DB6Fa42F6a30Ea7D20CB19591A0552C67238, to: 0x6a8C4448763C08aDEb80ADEbF7A29b9477Fa0628, amount: 146965900202189951396348800 [1.469e26]) | App...",,,,,
C03,access_control,test,no,0x3f1973fe56de5ecd59a815d3b14741cf48385903b0ccfe248f7f10c2765061f7,8,2,6,    [STATICCALL] 0x55d398..7955.balanceOf(),STATICCALL,0x55d398326f99059fF775485246999027B3197955,,balanceOf,yes,,2531,Return,0x9bf2c7C21f3C488A1855Dcd49158841C23e5c35b,,,,,,
C03,access_control,test,no,0x3f1973fe56de5ecd59a815d3b14741cf48385903b0ccfe248f7f10c2765061f7,9,2,6,    [STATICCALL] 0x6a8C44..0628.getReserves(),STATICCALL,0x6a8C4448763C08aDEb80ADEbF7A29b9477Fa0628,,getReserves,yes,,2893,Return,,,,,,,
C03,access_control,test,no,0x3f1973fe56de5ecd59a815d3b14741cf48385903b0ccfe248f7f10c2765061f7,10,2,6,    [STATICCALL] 0x9A1aEF..2a54.balanceOf(),STATICCALL,0x9A1aEF8C9ADA4224aD774aFdaC07C24955C92a54,victim,balanceOf,yes,,496,Return,0x6a8C4448763C08aDEb80ADEbF7A29b9477Fa0628,,,,,,
C03,access_control,test,no,0x3f1973fe56de5ecd59a815d3b14741cf48385903b0ccfe248f7f10c2765061f7,11,2,6,    [CALL] 0x6a8C44..0628.swap(),CALL,0x6a8C4448763C08aDEb80ADEbF7A29b9477Fa0628,,swap,yes,,62310,Stop,"90488670389646322334139 [9.048e22], 0, 0x9bf2c7C21f3C488A1855Dcd49158841C23e5c35b, 0x","Sync(: 1814309180744788417728 [1.814e21], : 149905218206233750424275776 [1.499e26]) | Swap(param0: 0x10ED43C718714eb63d5aA57B78B54704E256024E, param1: 0, param2...",,,,,
C03,access_control,test,no,0x3f1973fe56de5ecd59a815d3b14741cf48385903b0ccfe248f7f10c2765061f7,12,3,11,      [CALL] 0x55d398..7955.transfer(),CALL,0x55d398326f99059fF775485246999027B3197955,,transfer,yes,,27971,Return,"0x9bf2c7C21f3C488A1855Dcd49158841C23e5c35b, 90488670389646322334139 [9.048e22]","Transfer(from: 0x6a8C4448763C08aDEb80ADEbF7A29b9477Fa0628, to: 0x9bf2c7C21f3C488A1855Dcd49158841C23e5c35b, amount: 90488670389646322334139 [9.048e22])",,,,,
C03,access_control,test,no,0x3f1973fe56de5ecd59a815d3b14741cf48385903b0ccfe248f7f10c2765061f7,13,3,11,      [STATICCALL] 0x55d398..7955.balanceOf(),STATICCALL,0x55d398326f99059fF775485246999027B3197955,,balanceOf,yes,,531,Return,0x6a8C4448763C08aDEb80ADEbF7A29b9477Fa0628,,,,,,
C03,access_control,test,no,0x3f1973fe56de5ecd59a815d3b14741cf48385903b0ccfe248f7f10c2765061f7,14,3,11,      [STATICCALL] 0x9A1aEF..2a54.balanceOf(),STATICCALL,0x9A1aEF8C9ADA4224aD774aFdaC07C24955C92a54,victim,balanceOf,yes,,496,Return,0x6a8C4448763C08aDEb80ADEbF7A29b9477Fa0628,,,,,,
C03,access_control,test,no,0x3f1973fe56de5ecd59a815d3b14741cf48385903b0ccfe248f7f10c2765061f7,15,2,6,    [STATICCALL] 0x55d398..7955.balanceOf(),STATICCALL,0x55d398326f99059fF775485246999027B3197955,,balanceOf,yes,,531,Return,0x9bf2c7C21f3C488A1855Dcd49158841C23e5c35b,,,,,,
C04,access_control,test,yes,0xf4a3d0e01bbca6c114954d4a49503fc94dfdbc864bded5530b51a207640d86b5,1,0,,[CALL] 0xFD4DcC..1D95.13108dec(),CALL,0xFD4DcCD754EAaA8C9196998c5Bb06A56dF6a1D95,attack_contract,13108dec,no,,2631559,Stop,,,,,,,
C04,access_control,test,yes,0xf4a3d0e01bbca6c114954d4a49503fc94dfdbc864bded5530b51a207640d86b5,2,1,1,  [CALL] 0x418C24..54BE.mint(),CALL,0x418C24191aE947A78C99fDc0e45a1f96Afb254BE,victim,mint,yes,,30122,Return,,"Transfer(from: 0x0000000000000000000000000000000000000000, to: 0xFD4DcCD754EAaA8C9196998c5Bb06A56dF6a1D95, amount: 100000000000000000 [1e17])",yes,,,,
C04,access_control,test,yes,0xf4a3d0e01bbca6c114954d4a49503fc94dfdbc864bded5530b51a207640d86b5,3,1,1,  [CALL] 0x418C24..54BE.mint(),CALL,0x418C24191aE947A78C99fDc0e45a1f96Afb254BE,victim,mint,yes,,3422,Return,,"Transfer(from: 0x0000000000000000000000000000000000000000, to: 0xFD4DcCD754EAaA8C9196998c5Bb06A56dF6a1D95, amount: 100000000000000000 [1e17])",yes,,,,
C04,access_control,test,yes,0xf4a3d0e01bbca6c114954d4a49503fc94dfdbc864bded5530b51a207640d86b5,4,1,1,  [CALL] 0x418C24..54BE.approve(),CALL,0x418C24191aE947A78C99fDc0e45a1f96Afb254BE,victim,approve,yes,,25249,Return,"0xE592427A0AEce92De3Edee1F18E0157C05861564, 115792089237316195423570985008687907853269984665640564039457584007913129639935 [1.157e77]","Approval(owner: 0xFD4DcCD754EAaA8C9196998c5Bb06A56dF6a1D95, spender: 0xE592427A0AEce92De3Edee1F18E0157C05861564, amount: 115792089237316195423570985008687907853...",,,,,
C04,access_control,test,yes,0xf4a3d0e01bbca6c114954d4a49503fc94dfdbc864bded5530b51a207640d86b5,5,1,1,  [STATICCALL] 0x418C24..54BE.balanceOf(),STATICCALL,0x418C24191aE947A78C99fDc0e45a1f96Afb254BE,victim,balanceOf,yes,,2863,Return,0x5FFaf1B4Da96D6Cfd4045035A94A924fC39631dC,,,,,,
C04,access_control,test,yes,0xf4a3d0e01bbca6c114954d4a49503fc94dfdbc864bded5530b51a207640d86b5,6,1,1,  [CALL] 0xE59242..1564.exactInputSingle(),CALL,0xE592427A0AEce92De3Edee1F18E0157C05861564,,exactInputSingle,yes,,2414072,Return,"(0x418C24191aE947A78C99fDc0e45a1f96Afb254BE, 0xA0b86991c6218b36c1d19D4a2e9Eb0cE3606eB48, 500, 0xFD4DcCD754EAaA8C9196998c5Bb06A56dF6a1D95, 1666009991 [1.666e9], ...",,,,,,
C04,access_control,test,yes,0xf4a3d0e01bbca6c114954d4a49503fc94dfdbc864bded5530b51a207640d86b5,7,2,6,    [CALL] 0x5FFaf1..31dC.swap(),CALL,0x5FFaf1B4Da96D6Cfd4045035A94A924fC39631dC,,swap,yes,,2406640,Return,"0xFD4DcCD754EAaA8C9196998c5Bb06A56dF6a1D95, true, 1079757573000057 [1.079e15], 4295128740 [4.295e9], 0x000000000000000000000000000000000000000000000000000000000...","Swap(param0: 0xE592427A0AEce92De3Edee1F18E0157C05861564, param1: 0xFD4DcCD754EAaA8C9196998c5Bb06A56dF6a1D95, param2: 2425482740776 [2.425e12], param3: -24472417...",,,,,
C04,access_control,test,yes,0xf4a3d0e01bbca6c114954d4a49503fc94dfdbc864bded5530b51a207640d86b5,8,3,7,      [CALL] 0xA0b869..eB48.transfer(),CALL,0xA0b86991c6218b36c1d19D4a2e9Eb0cE3606eB48,,transfer,yes,,44017,Return,"0xFD4DcCD754EAaA8C9196998c5Bb06A56dF6a1D95, 2447241739 [2.447e9]",,,,,,
C04,access_control,test,yes,0xf4a3d0e01bbca6c114954d4a49503fc94dfdbc864bded5530b51a207640d86b5,9,4,8,        [DELEGATECALL] 0xa2327a..bDCF.transfer(),DELEGATECALL,0xa2327a938Febf5FEC13baCFb16Ae10EcBc4cbDCF,,transfer,yes,,36728,Return,"0xFD4DcCD754EAaA8C9196998c5Bb06A56dF6a1D95, 2447241739 [2.447e9]","Transfer(from: 0x5FFaf1B4Da96D6Cfd4045035A94A924fC39631dC, to: 0xFD4DcCD754EAaA8C9196998c5Bb06A56dF6a1D95, amount: 2447241739 [2.447e9])",,,,,
C04,access_control,test,yes,0xf4a3d0e01bbca6c114954d4a49503fc94dfdbc864bded5530b51a207640d86b5,10,3,7,      [STATICCALL] 0x418C24..54BE.balanceOf(),STATICCALL,0x418C24191aE947A78C99fDc0e45a1f96Afb254BE,victim,balanceOf,yes,,863,Return,0x5FFaf1B4Da96D6Cfd4045035A94A924fC39631dC,,,,,,
C04,access_control,test,yes,0xf4a3d0e01bbca6c114954d4a49503fc94dfdbc864bded5530b51a207640d86b5,11,3,7,      [CALL] 0xE59242..1564.uniswapV3SwapCallback(),CALL,0xE592427A0AEce92De3Edee1F18E0157C05861564,,uniswapV3SwapCallback,yes,,13845,Stop,"2425482740776 [2.425e12], -2447241739 [-2.447e9], 0x000000000000000000000000000000000000000000000000000000000000002000000000000000000000000000000000000000000000...",,,,,,
C04,access_control,test,yes,0xf4a3d0e01bbca6c114954d4a49503fc94dfdbc864bded5530b51a207640d86b5,12,4,11,        [CALL] 0x418C24..54BE.transferFrom(),CALL,0x418C24191aE947A78C99fDc0e45a1f96Afb254BE,victim,transferFrom,yes,,9789,Return,"0xFD4DcCD754EAaA8C9196998c5Bb06A56dF6a1D95, 0x5FFaf1B4Da96D6Cfd4045035A94A924fC39631dC, 2425482740776 [2.425e12]","Transfer(from: 0xFD4DcCD754EAaA8C9196998c5Bb06A56dF6a1D95, to: 0x5FFaf1B4Da96D6Cfd4045035A94A924fC39631dC, amount: 2425482740776 [2.425e12]) | Approval(owner: 0...",,,,,
C04,access_control,test,yes,0xf4a3d0e01bbca6c114954d4a49503fc94dfdbc864bded5530b51a207640d86b5,13,3,7,      [STATICCALL] 0x418C24..54BE.balanceOf(),STATICCALL,0x418C24191aE947A78C99fDc0e45a1f96Afb254BE,victim,balanceOf,yes,,863,Return,0x5FFaf1B4Da96D6Cfd4045035A94A924fC39631dC,,,,,,
C04,access_control,test,yes,0xf4a3d0e01bbca6c114954d4a49503fc94dfdbc864bded5530b51a207640d86b5,14,1,1,  [STATICCALL] 0xA0b869..eB48.balanceOf(),STATICCALL,0xA0b86991c6218b36c1d19D4a2e9Eb0cE3606eB48,,balanceOf,yes,,1315,Return,0xFD4DcCD754EAaA8C9196998c5Bb06A56dF6a1D95,,,,,,
C04,access_control,test,yes,0xf4a3d0e01bbca6c114954d4a49503fc94dfdbc864bded5530b51a207640d86b5,15,2,14,    [DELEGATECALL] 0xa2327a..bDCF.balanceOf(),DELEGATECALL,0xa2327a938Febf5FEC13baCFb16Ae10EcBc4cbDCF,,balanceOf,yes,,529,Return,0xFD4DcCD754EAaA8C9196998c5Bb06A56dF6a1D95,,,,,,
C04,access_control,test,yes,0xf4a3d0e01bbca6c114954d4a49503fc94dfdbc864bded5530b51a207640d86b5,16,1,1,  [CALL] 0xA0b869..eB48.approve(),CALL,0xA0b86991c6218b36c1d19D4a2e9Eb0cE3606eB48,,approve,yes,,27867,Return,"0xE592427A0AEce92De3Edee1F18E0157C05861564, 115792089237316195423570985008687907853269984665640564039457584007913129639935 [1.157e77]",,,,,,
C04,access_control,test,yes,0xf4a3d0e01bbca6c114954d4a49503fc94dfdbc864bded5530b51a207640d86b5,17,2,16,    [DELEGATECALL] 0xa2327a..bDCF.approve(),DELEGATECALL,0xa2327a938Febf5FEC13baCFb16Ae10EcBc4cbDCF,,approve,yes,,27078,Return,"0xE592427A0AEce92De3Edee1F18E0157C05861564, 115792089237316195423570985008687907853269984665640564039457584007913129639935 [1.157e77]","Approval(owner: 0xFD4DcCD754EAaA8C9196998c5Bb06A56dF6a1D95, spender: 0xE592427A0AEce92De3Edee1F18E0157C05861564, amount: 115792089237316195423570985008687907853...",,,,,
C04,access_control,test,yes,0xf4a3d0e01bbca6c114954d4a49503fc94dfdbc864bded5530b51a207640d86b5,18,1,1,  [CALL] 0xE59242..1564.exactInputSingle(),CALL,0xE592427A0AEce92De3Edee1F18E0157C05861564,,exactInputSingle,yes,,92460,Return,"(0xA0b86991c6218b36c1d19D4a2e9Eb0cE3606eB48, 0xC02aaA39b223FE8D0A0e5C4F27eAD9083C756Cc2, 500, 0xFD4DcCD754EAaA8C9196998c5Bb06A56dF6a1D95, 1666009991 [1.666e9], ...",,,,,,
C04,access_control,test,yes,0xf4a3d0e01bbca6c114954d4a49503fc94dfdbc864bded5530b51a207640d86b5,19,2,18,    [CALL] 0x88e6A0..5640.swap(),CALL,0x88e6A0c2dDD26FEEb64F039a2c41296FcB3f5640,,swap,yes,,85028,Return,"0xFD4DcCD754EAaA8C9196998c5Bb06A56dF6a1D95, true, 2447241739 [2.447e9], 4295128740 [4.295e9], 0x0000000000000000000000000000000000000000000000000000000000000020...","Swap(param0: 0xE592427A0AEce92De3Edee1F18E0157C05861564, param1: 0xFD4DcCD754EAaA8C9196998c5Bb06A56dF6a1D95, param2: 2447241739 [2.447e9], param3: -185515044428...",,,,,
C04,access_control,test,yes,0xf4a3d0e01bbca6c114954d4a49503fc94dfdbc864bded5530b51a207640d86b5,20,3,19,      [CALL] 0xC02aaA..6Cc2.transfer(),CALL,0xC02aaA39b223FE8D0A0e5C4F27eAD9083C756Cc2,,transfer,yes,,29962,Return,"0xFD4DcCD754EAaA8C9196998c5Bb06A56dF6a1D95, 1855150444286128408 [1.855e18]","Transfer(from: 0x88e6A0c2dDD26FEEb64F039a2c41296FcB3f5640, to: 0xFD4DcCD754EAaA8C9196998c5Bb06A56dF6a1D95, amount: 1855150444286128408 [1.855e18])",,,,,
C04,access_control,test,yes,0xf4a3d0e01bbca6c114954d4a49503fc94dfdbc864bded5530b51a207640d86b5,21,3,19,      [STATICCALL] 0xA0b869..eB48.balanceOf(),STATICCALL,0xA0b86991c6218b36c1d19D4a2e9Eb0cE3606eB48,,balanceOf,yes,,3315,Return,0x88e6A0c2dDD26FEEb64F039a2c41296FcB3f5640,,,,,,
C04,access_control,test,yes,0xf4a3d0e01bbca6c114954d4a49503fc94dfdbc864bded5530b51a207640d86b5,22,4,21,        [DELEGATECALL] 0xa2327a..bDCF.balanceOf(),DELEGATECALL,0xa2327a938Febf5FEC13baCFb16Ae10EcBc4cbDCF,,balanceOf,yes,,2529,Return,0x88e6A0c2dDD26FEEb64F039a2c41296FcB3f5640,,,,,,
C04,access_control,test,yes,0xf4a3d0e01bbca6c114954d4a49503fc94dfdbc864bded5530b51a207640d86b5,23,3,19,      [CALL] 0xE59242..1564.uniswapV3SwapCallback(),CALL,0xE592427A0AEce92De3Edee1F18E0157C05861564,,uniswapV3SwapCallback,yes,,14848,Stop,"2447241739 [2.447e9], -1855150444286128408 [-1.855e18], 0x000000000000000000000000000000000000000000000000000000000000002000000000000000000000000000000000000000...",,,,,,
C04,access_control,test,yes,0xf4a3d0e01bbca6c114954d4a49503fc94dfdbc864bded5530b51a207640d86b5,24,4,23,        [CALL] 0xA0b869..eB48.transferFrom(),CALL,0xA0b86991c6218b36c1d19D4a2e9Eb0cE3606eB48,,transferFrom,yes,,10792,Return,"0xFD4DcCD754EAaA8C9196998c5Bb06A56dF6a1D95, 0x88e6A0c2dDD26FEEb64F039a2c41296FcB3f5640, 2447241739 [2.447e9]",,,,,,
C04,access_control,test,yes,0xf4a3d0e01bbca6c114954d4a49503fc94dfdbc864bded5530b51a207640d86b5,25,5,24,          [DELEGATECALL] 0xa2327a..bDCF.transferFrom(),DELEGATECALL,0xa2327a938Febf5FEC13baCFb16Ae10EcBc4cbDCF,,transferFrom,yes,,9997,Return,"0xFD4DcCD754EAaA8C9196998c5Bb06A56dF6a1D95, 0x88e6A0c2dDD26FEEb64F039a2c41296FcB3f5640, 2447241739 [2.447e9]","Transfer(from: 0xFD4DcCD754EAaA8C9196998c5Bb06A56dF6a1D95, to: 0x88e6A0c2dDD26FEEb64F039a2c41296FcB3f5640, amount: 2447241739 [2.447e9])",,,,,
C04,access_control,test,yes,0xf4a3d0e01bbca6c114954d4a49503fc94dfdbc864bded5530b51a207640d86b5,26,3,19,      [STATICCALL] 0xA0b869..eB48.balanceOf(),STATICCALL,0xA0b86991c6218b36c1d19D4a2e9Eb0cE3606eB48,,balanceOf,yes,,1315,Return,0x88e6A0c2dDD26FEEb64F039a2c41296FcB3f5640,,,,,,
C04,access_control,test,yes,0xf4a3d0e01bbca6c114954d4a49503fc94dfdbc864bded5530b51a207640d86b5,27,4,26,        [DELEGATECALL] 0xa2327a..bDCF.balanceOf(),DELEGATECALL,0xa2327a938Febf5FEC13baCFb16Ae10EcBc4cbDCF,,balanceOf,yes,,529,Return,0x88e6A0c2dDD26FEEb64F039a2c41296FcB3f5640,,,,,,
C04,access_control,test,yes,0xf4a3d0e01bbca6c114954d4a49503fc94dfdbc864bded5530b51a207640d86b5,28,1,1,  [STATICCALL] 0xC02aaA..6Cc2.balanceOf(),STATICCALL,0xC02aaA39b223FE8D0A0e5C4F27eAD9083C756Cc2,,balanceOf,yes,,534,Return,0xFD4DcCD754EAaA8C9196998c5Bb06A56dF6a1D95,,,,,,
C04,access_control,test,yes,0xf4a3d0e01bbca6c114954d4a49503fc94dfdbc864bded5530b51a207640d86b5,29,1,1,  [CALL] 0xC02aaA..6Cc2.withdraw(),CALL,0xC02aaA39b223FE8D0A0e5C4F27eAD9083C756Cc2,,withdraw,yes,,9195,Stop,1855150444286128408 [1.855e18],"Withdrawal(param0: 0xFD4DcCD754EAaA8C9196998c5Bb06A56dF6a1D95, param1: 1855150444286128408 [1.855e18])",,,,,
C04,access_control,test,yes,0xf4a3d0e01bbca6c114954d4a49503fc94dfdbc864bded5530b51a207640d86b5,30,2,29,    [CALL] 0xFD4DcC..1D95.receive() value=1855150444286128408,CALL,0xFD4DcCD754EAaA8C9196998c5Bb06A56dF6a1D95,attack_contract,receive,yes,1855150444286128408,55,Stop,,,,,,,
C04,access_control,test,yes,0xf4a3d0e01bbca6c114954d4a49503fc94dfdbc864bded5530b51a207640d86b5,31,1,1,  [CALL] 0xcc1A34..bE92.receive() value=1855150444286128408,CALL,0xcc1A341D0F2a06Eaba436935399793F05C2bbE92,attacker,receive,yes,1855150444286128408,0,Stop,,,,,,,
C05,arbitrary_external_call,dev,yes,0x90b468608fbcc7faef46502b198471311baca3baab49242a4a85b73d4924379b,1,0,,[CALL] 0xEB8f71..7754.fulfillBasicOrder_efficient_6GL6yc(),CALL,0xEB8f71A5669A55Cf90e384C77e74c4bdf9aE7754,attack_contract,fulfillBasicOrder_efficient_6GL6yc,yes,,40189,Stop,,,,,,,
C05,arbitrary_external_call,dev,yes,0x90b468608fbcc7faef46502b198471311baca3baab49242a4a85b73d4924379b,2,1,1,  [STATICCALL] 0x6B1754..1d0F.balanceOf(),STATICCALL,0x6B175474E89094C44Da98b954EedeAC495271d0F,,balanceOf,yes,,2602,Return,0x9008D19f58AAbD9eD0D60971565AA8510560ab41,,,,,,
C05,arbitrary_external_call,dev,yes,0x90b468608fbcc7faef46502b198471311baca3baab49242a4a85b73d4924379b,3,1,1,  [STATICCALL] 0x6B1754..1d0F.allowance(),STATICCALL,0x6B175474E89094C44Da98b954EedeAC495271d0F,,allowance,yes,,2677,Return,"0x9008D19f58AAbD9eD0D60971565AA8510560ab41, 0xcD07a7695E3372aCD2B2077557DE93e667B92bd8",,,,,,
C05,arbitrary_external_call,dev,yes,0x90b468608fbcc7faef46502b198471311baca3baab49242a4a85b73d4924379b,4,1,1,  [CALL] 0xcD07a7..2bd8.envelope(),CALL,0xcD07a7695E3372aCD2B2077557DE93e667B92bd8,victim,envelope,yes,,19410,Stop,"[(0x6B175474E89094C44Da98b954EedeAC495271d0F, 0, 0x23b872dd0000000000000000000000009008d19f58aabd9ed0d60971565aa8510560ab41000000000000000000000000c0e82c1ed4786...",,yes,,,,
C05,arbitrary_external_call,dev,yes,0x90b468608fbcc7faef46502b198471311baca3baab49242a4a85b73d4924379b,5,2,4,    [STATICCALL] 0x6B1754..1d0F.balanceOf(),STATICCALL,0x6B175474E89094C44Da98b954EedeAC495271d0F,,balanceOf,yes,,2602,Return,0xEB8f71A5669A55Cf90e384C77e74c4bdf9aE7754,,,,,,
C05,arbitrary_external_call,dev,yes,0x90b468608fbcc7faef46502b198471311baca3baab49242a4a85b73d4924379b,6,2,4,    [CALL] 0x6B1754..1d0F.transferFrom(),CALL,0x6B175474E89094C44Da98b954EedeAC495271d0F,,transferFrom,yes,,11418,Return,"0x9008D19f58AAbD9eD0D60971565AA8510560ab41, 0xc0E82C1ed4786F8B7F806D1B8A6335ec485266fF, 114824890807160711319588 [1.148e23]","Transfer(from: 0x9008D19f58AAbD9eD0D60971565AA8510560ab41, to: 0xc0E82C1ed4786F8B7F806D1B8A6335ec485266fF, amount: 114824890807160711319588 [1.148e23])",,,,,
C05,arbitrary_external_call,dev,yes,0x90b468608fbcc7faef46502b198471311baca3baab49242a4a85b73d4924379b,7,2,4,    [STATICCALL] 0x6B1754..1d0F.balanceOf(),STATICCALL,0x6B175474E89094C44Da98b954EedeAC495271d0F,,balanceOf,yes,,602,Return,0xEB8f71A5669A55Cf90e384C77e74c4bdf9aE7754,,,,,,
C06,arbitrary_external_call,test,yes,0x23fcf9d4517f7cc39815b09b0a80c023ab2c8196c826c93b4100f2e26b701286,1,0,,[CALL] 0x65c210..1F06.performOperations(),CALL,0x65c210c59B43EB68112b7a4f75C8393C36491F06,attack_contract,performOperations,yes,,51877,Return,"[30], [0], [0x000000000000000000000000b05cabcd99cf9a73b19805edefc5f67ca5d1895e00000000000000000000000000000000000000000000000000000000000000a0000000000000000000...",,,,,,
C06,arbitrary_external_call,test,yes,0x23fcf9d4517f7cc39815b09b0a80c023ab2c8196c826c93b4100f2e26b701286,2,1,1,  [DELEGATECALL] 0x45e15d..148B.performOperations(),DELEGATECALL,0x45e15d1e4F92f28A916F4f2971Ad9adc278e148B,victim,performOperations,yes,,49088,Return,"[30], [0], [0x000000000000000000000000b05cabcd99cf9a73b19805edefc5f67ca5d1895e00000000000000000000000000000000000000000000000000000000000000a0000000000000000000...",,yes,,,,
C06,arbitrary_external_call,test,yes,0x23fcf9d4517f7cc39815b09b0a80c023ab2c8196c826c93b4100f2e26b701286,3,2,2,    [CALL] 0xB05cAB..895E.transferFrom(),CALL,0xB05cABCd99cf9a73b19805edefC5f67CA5d1895E,,transferFrom,yes,,37241,Return,"0x9CBF099ff424979439dFBa03F00B5961784c06ce, 0x94641c01a4937f2C8eF930580cF396142a2942DC, 1385238431763437306795 [1.385e21]","Transfer(from: 0x9CBF099ff424979439dFBa03F00B5961784c06ce, to: 0x94641c01a4937f2C8eF930580cF396142a2942DC, amount: 1385238431763437306795 [1.385e21])",,,,,
C07,arbitrary_external_call,test,yes,0x21d8b164f0cb8beb1ed27d164ed986c3fc26b33655ce18226b05b9cfcf6cd93c,1,0,,[CALL] 0x791c65..Fd9A.d6627b0b(),CALL,0x791c6542bC52eFE4F20Df0ee672b88579ae3Fd9A,attack_contract,d6627b0b,no,,86491,Return,0000000000000000000000000000000000000000000000000000000000000020000000000000000000000000000000000000000000000000000000000000000100000000000000000000000080a0d7a6...,,,,,,
C07,arbitrary_external_call,test,yes,0x21d8b164f0cb8beb1ed27d164ed986c3fc26b33655ce18226b05b9cfcf6cd93c,2,1,1,  [STATICCALL] 0x2170Ed..33F8.balanceOf(),STATICCALL,0x2170Ed0880ac9A755fd29B2688956BD959F933F8,,balanceOf,yes,,2531,Return,0x8A4AA176007196D48d39C89402d3753c39AE64c1,,,,,,
C07,arbitrary_external_call,test,yes,0x21d8b164f0cb8beb1ed27d164ed986c3fc26b33655ce18226b05b9cfcf6cd93c,3,1,1,  [STATICCALL] 0x2170Ed..33F8.allowance(),STATICCALL,0x2170Ed0880ac9A755fd29B2688956BD959F933F8,,allowance,yes,,2638,Return,"0x8A4AA176007196D48d39C89402d3753c39AE64c1, 0x80a0D7A6FD2A22982Ce282933b384568E5c852bF",,,,,,
C07,arbitrary_external_call,test,yes,0x21d8b164f0cb8beb1ed27d164ed986c3fc26b33655ce18226b05b9cfcf6cd93c,4,1,1,  [CALL] 0x80a0D7..52bF.swap(),CALL,0x80a0D7A6FD2A22982Ce282933b384568E5c852bF,victim,swap,yes,,64495,Stop,"0x791c6542bC52eFE4F20Df0ee672b88579ae3Fd9A, 1, 0x2170Ed0880ac9A755fd29B2688956BD959F933F8, 0x791c6542bC52eFE4F20Df0ee672b88579ae3Fd9A, 0x791c6542bC52eFE4F20Df0e...","LogVaultOut(param0: 0x791c6542bC52eFE4F20Df0ee672b88579ae3Fd9A, param1: 0x791c6542bC52eFE4F20Df0ee672b88579ae3Fd9A, param2: 1, param3: 6914211251850842616318158...",yes,,,,
C07,arbitrary_external_call,test,yes,0x21d8b164f0cb8beb1ed27d164ed986c3fc26b33655ce18226b05b9cfcf6cd93c,5,2,4,    [STATICCALL] 0x791c65..Fd9A.balanceOf(),STATICCALL,0x791c6542bC52eFE4F20Df0ee672b88579ae3Fd9A,attack_contract,balanceOf,yes,,2516,Return,0x80a0D7A6FD2A22982Ce282933b384568E5c852bF,,,,,,
C07,arbitrary_external_call,test,yes,0x21d8b164f0cb8beb1ed27d164ed986c3fc26b33655ce18226b05b9cfcf6cd93c,6,2,4,    [CALL] 0x791c65..Fd9A.transferFrom(),CALL,0x791c6542bC52eFE4F20Df0ee672b88579ae3Fd9A,attack_contract,transferFrom,yes,,3611,Return,"0x791c6542bC52eFE4F20Df0ee672b88579ae3Fd9A, 0x80a0D7A6FD2A22982Ce282933b384568E5c852bF, 1",,,,,,
C07,arbitrary_external_call,test,yes,0x21d8b164f0cb8beb1ed27d164ed986c3fc26b33655ce18226b05b9cfcf6cd93c,7,2,4,    [STATICCALL] 0x791c65..Fd9A.allowance(),STATICCALL,0x791c6542bC52eFE4F20Df0ee672b88579ae3Fd9A,attack_contract,allowance,yes,,521,Return,"0x80a0D7A6FD2A22982Ce282933b384568E5c852bF, 0x2170Ed0880ac9A755fd29B2688956BD959F933F8",,,,,,
C07,arbitrary_external_call,test,yes,0x21d8b164f0cb8beb1ed27d164ed986c3fc26b33655ce18226b05b9cfcf6cd93c,8,2,4,    [CALL] 0x2170Ed..33F8.transferFrom(),CALL,0x2170Ed0880ac9A755fd29B2688956BD959F933F8,,transferFrom,yes,,33534,Return,"0x8A4AA176007196D48d39C89402d3753c39AE64c1, 0x69795D09Aa99A305B4fC2eD158d4944bCd91D59A, 44695214852737827402 [4.469e19]","Transfer(from: 0x8A4AA176007196D48d39C89402d3753c39AE64c1, to: 0x69795D09Aa99A305B4fC2eD158d4944bCd91D59A, amount: 44695214852737827402 [4.469e19]) | Approval(o...",,,,,
C07,arbitrary_external_call,test,yes,0x21d8b164f0cb8beb1ed27d164ed986c3fc26b33655ce18226b05b9cfcf6cd93c,9,2,4,    [STATICCALL] 0x791c65..Fd9A.balanceOf(),STATICCALL,0x791c6542bC52eFE4F20Df0ee672b88579ae3Fd9A,attack_contract,balanceOf,yes,,516,Return,0x80a0D7A6FD2A22982Ce282933b384568E5c852bF,,,,,,
C07,arbitrary_external_call,test,yes,0x21d8b164f0cb8beb1ed27d164ed986c3fc26b33655ce18226b05b9cfcf6cd93c,10,2,4,    [CALL] 0x791c65..Fd9A.transfer(),CALL,0x791c6542bC52eFE4F20Df0ee672b88579ae3Fd9A,attack_contract,transfer,yes,,383,Return,"0x791c6542bC52eFE4F20Df0ee672b88579ae3Fd9A, 1",,,,,,
C07,arbitrary_external_call,test,yes,0x21d8b164f0cb8beb1ed27d164ed986c3fc26b33655ce18226b05b9cfcf6cd93c,11,1,1,  [STATICCALL] 0x2170Ed..33F8.balanceOf(),STATICCALL,0x2170Ed0880ac9A755fd29B2688956BD959F933F8,,balanceOf,yes,,531,Return,0x69795D09Aa99A305B4fC2eD158d4944bCd91D59A,,,,,,
C08,arbitrary_external_call,test,yes,0x138daa4cbeaa3db42eefcec26e234fc2c89a4aa17d6b1870fc460b2856fd11a6,1,0,,[CALL] 0x194fC3..90dF.bf4c1d60(),CALL,0x194fC30F9eeBa9AD673413629B47Fc00e71D90dF,attack_contract,bf4c1d60,no,,283697,Stop,000000000000000000000000de62e1b0edaa55aac5ffbe21984d321706418024000000000000000000000000a0b86991c6218b36c1d19d4a2e9eb0ce3606eb480000000000000000000000004c19596f...,,,,,,
C08,arbitrary_external_call,test,yes,0x138daa4cbeaa3db42eefcec26e234fc2c89a4aa17d6b1870fc460b2856fd11a6,2,1,1,  [CALL] 0xA0b869..eB48.approve(),CALL,0xA0b86991c6218b36c1d19D4a2e9Eb0cE3606eB48,,approve,yes,,21267,Return,"0xDE62E1b0edAa55aAc5ffBE21984D321706418024, 115792089237316195423570985008687907853269984665640564039457584007913129639934 [1.157e77]",,,,,,
C08,arbitrary_external_call,test,yes,0x138daa4cbeaa3db42eefcec26e234fc2c89a4aa17d6b1870fc460b2856fd11a6,3,2,2,    [DELEGATECALL] 0xa2327a..bDCF.approve(),DELEGATECALL,0xa2327a938Febf5FEC13baCFb16Ae10EcBc4cbDCF,,approve,yes,,13978,Return,"0xDE62E1b0edAa55aAc5ffBE21984D321706418024, 115792089237316195423570985008687907853269984665640564039457584007913129639934 [1.157e77]","Approval(owner: 0x194fC30F9eeBa9AD673413629B47Fc00e71D90dF, spender: 0xDE62E1b0edAa55aAc5ffBE21984D321706418024, amount: 115792089237316195423570985008687907853...",,,,,
C08,arbitrary_external_call,test,yes,0x138daa4cbeaa3db42eefcec26e234fc2c89a4aa17d6b1870fc460b2856fd11a6,4,1,1,  [CALL] 0x4C1959..3784.balanceOf(),CALL,0x4C19596f5aAfF459fA38B0f7eD92F11AE6543784,,balanceOf,yes,,7423,Return,0x58f5F0684C381fCFC203D77B2BbA468eBb29B098,,,,,,
C08,arbitrary_external_call,test,yes,0x138daa4cbeaa3db42eefcec26e234fc2c89a4aa17d6b1870fc460b2856fd11a6,5,2,4,    [DELEGATECALL] 0x095527..0f2F.balanceOf(),DELEGATECALL,0x095527F5bEa113E9575B662c5ba01D990A280f2F,,balanceOf,yes,,2458,Return,0x58f5F0684C381fCFC203D77B2BbA468eBb29B098,,,,,,
C08,arbitrary_external_call,test,yes,0x138daa4cbeaa3db42eefcec26e234fc2c89a4aa17d6b1870fc460b2856fd11a6,6,1,1,  [CALL] 0x4C1959..3784.allowance(),CALL,0x4C19596f5aAfF459fA38B0f7eD92F11AE6543784,,allowance,yes,,3042,Return,"0x58f5F0684C381fCFC203D77B2BbA468eBb29B098, 0xDE62E1b0edAa55aAc5ffBE21984D321706418024",,,,,,
C08,arbitrary_external_call,test,yes,0x138daa4cbeaa3db42eefcec26e234fc2c89a4aa17d6b1870fc460b2856fd11a6,7,2,6,    [DELEGATECALL] 0x095527..0f2F.allowance(),DELEGATECALL,0x095527F5bEa113E9575B662c5ba01D990A280f2F,,allowance,yes,,2571,Return,"0x58f5F0684C381fCFC203D77B2BbA468eBb29B098, 0xDE62E1b0edAa55aAc5ffBE21984D321706418024",,,,,,
C08,arbitrary_external_call,test,yes,0x138daa4cbeaa3db42eefcec26e234fc2c89a4aa17d6b1870fc460b2856fd11a6,8,1,1,  [CALL] 0xDE62E1..8024.selfSwap(),CALL,0xDE62E1b0edAa55aAc5ffBE21984D321706418024,victim,selfSwap,yes,,231533,Return,"(0xA0b86991c6218b36c1d19D4a2e9Eb0cE3606eB48, (14403789 [1.44e7], 0xA0b86991c6218b36c1d19D4a2e9Eb0cE3606eB48), (0, 0xA0b86991c6218b36c1d19D4a2e9Eb0cE3606eB48), [...",,yes,,,,
C08,arbitrary_external_call,test,yes,0x138daa4cbeaa3db42eefcec26e234fc2c89a4aa17d6b1870fc460b2856fd11a6,9,2,8,    [DELEGATECALL] 0x33e690..1DAf.selfSwap(),DELEGATECALL,0x33e690aEa97E4Ef25F0d140F1bf044d663091DAf,victim,selfSwap,yes,,224179,Stop,"(0xA0b86991c6218b36c1d19D4a2e9Eb0cE3606eB48, (14403789 [1.44e7], 0xA0b86991c6218b36c1d19D4a2e9Eb0cE3606eB48), (0, 0xA0b86991c6218b36c1d19D4a2e9Eb0cE3606eB48), [...",topic 0: 0x37d5b664bdbba33c8c4138fa893bae32fef34e9a60d60d7cba0cb46eadb76751 topic 1: 0x000000000000000000000000194fc30f9eeba9ad673413629b47fc00e71d90df topic 2:...,yes,,,,
C08,arbitrary_external_call,test,yes,0x138daa4cbeaa3db42eefcec26e234fc2c89a4aa17d6b1870fc460b2856fd11a6,10,3,9,      [CALL] 0xDE62E1..8024.fill(),CALL,0xDE62E1b0edAa55aAc5ffBE21984D321706418024,victim,fill,yes,,89178,Return,"((0x194fC30F9eeBa9AD673413629B47Fc00e71D90dF, (0xA0b86991c6218b36c1d19D4a2e9Eb0cE3606eB48, 0x0000000000000000000000000000000000000000, 0)), (14403789 [1.44e7], ...",,yes,,,,
C08,arbitrary_external_call,test,yes,0x138daa4cbeaa3db42eefcec26e234fc2c89a4aa17d6b1870fc460b2856fd11a6,11,4,10,        [DELEGATECALL] 0x33e690..1DAf.fill(),DELEGATECALL,0x33e690aEa97E4Ef25F0d140F1bf044d663091DAf,victim,fill,yes,,88187,Return,"((0x194fC30F9eeBa9AD673413629B47Fc00e71D90dF, (0xA0b86991c6218b36c1d19D4a2e9Eb0cE3606eB48, 0x0000000000000000000000000000000000000000, 0)), (14403789 [1.44e7], ...",,yes,,,,
C08,arbitrary_external_call,test,yes,0x138daa4cbeaa3db42eefcec26e234fc2c89a4aa17d6b1870fc460b2856fd11a6,12,5,11,          [STATICCALL] 0xEB8905..26A4.isFeeTokenAllowed(),STATICCALL,0xEB890541049CCd965D3DD4a3Ec1aD368FD4B26A4,,isFeeTokenAllowed,yes,,2645,Return,0xA0b86991c6218b36c1d19D4a2e9Eb0cE3606eB48,,,,,,
C08,arbitrary_external_call,test,yes,0x138daa4cbeaa3db42eefcec26e234fc2c89a4aa17d6b1870fc460b2856fd11a6,13,5,11,          [STATICCALL] 0xd6F483..42f8.balanceOf(),STATICCALL,0xd6F483787c135B20570E7AcB1d1Fbc557b8F42f8,,balanceOf,yes,,2584,Return,0x194fC30F9eeBa9AD673413629B47Fc00e71D90dF,,,,,,
C08,arbitrary_external_call,test,yes,0x138daa4cbeaa3db42eefcec26e234fc2c89a4aa17d6b1870fc460b2856fd11a6,14,5,11,          [CALL] 0xA0b869..eB48.transferFrom(),CALL,0xA0b86991c6218b36c1d19D4a2e9Eb0cE3606eB48,,transferFrom,yes,,9992,Return,"0x194fC30F9eeBa9AD673413629B47Fc00e71D90dF, 0xDE62E1b0edAa55aAc5ffBE21984D321706418024, 0",,,,,,
C08,arbitrary_external_call,test,yes,0x138daa4cbeaa3db42eefcec26e234fc2c89a4aa17d6b1870fc460b2856fd11a6,15,6,14,            [DELEGATECALL] 0xa2327a..bDCF.transferFrom(),DELEGATECALL,0xa2327a938Febf5FEC13baCFb16Ae10EcBc4cbDCF,,transferFrom,yes,,9197,Return,"0x194fC30F9eeBa9AD673413629B47Fc00e71D90dF, 0xDE62E1b0edAa55aAc5ffBE21984D321706418024, 0","Transfer(from: 0x194fC30F9eeBa9AD673413629B47Fc00e71D90dF, to: 0xDE62E1b0edAa55aAc5ffBE21984D321706418024, amount: 0)",,,,,
C08,arbitrary_external_call,test,yes,0x138daa4cbeaa3db42eefcec26e234fc2c89a4aa17d6b1870fc460b2856fd11a6,16,5,11,          [STATICCALL] 0xA0b869..eB48.balanceOf(),STATICCALL,0xA0b86991c6218b36c1d19D4a2e9Eb0cE3606eB48,,balanceOf,yes,,1315,Return,0xDE62E1b0edAa55aAc5ffBE21984D321706418024,,,,,,
C08,arbitrary_external_call,test,yes,0x138daa4cbeaa3db42eefcec26e234fc2c89a4aa17d6b1870fc460b2856fd11a6,17,6,16,            [DELEGATECALL] 0xa2327a..bDCF.balanceOf(),DELEGATECALL,0xa2327a938Febf5FEC13baCFb16Ae10EcBc4cbDCF,,balanceOf,yes,,529,Return,0xDE62E1b0edAa55aAc5ffBE21984D321706418024,,,,,,
C08,arbitrary_external_call,test,yes,0x138daa4cbeaa3db42eefcec26e234fc2c89a4aa17d6b1870fc460b2856fd11a6,18,5,11,          [CALL] 0x4C1959..3784.approve(),CALL,0x4C19596f5aAfF459fA38B0f7eD92F11AE6543784,,approve,yes,,5099,Return,"0xDE62E1b0edAa55aAc5ffBE21984D321706418024, 0",,,,,,
C08,arbitrary_external_call,test,yes,0x138daa4cbeaa3db42eefcec26e234fc2c89a4aa17d6b1870fc460b2856fd11a6,19,6,18,            [DELEGATECALL] 0x095527..0f2F.approve(),DELEGATECALL,0x095527F5bEa113E9575B662c5ba01D990A280f2F,,approve,yes,,4638,Return,"0xDE62E1b0edAa55aAc5ffBE21984D321706418024, 0","Approval(owner: 0xDE62E1b0edAa55aAc5ffBE21984D321706418024, spender: 0xDE62E1b0edAa55aAc5ffBE21984D321706418024, amount: 0)",,,,,
C08,arbitrary_external_call,test,yes,0x138daa4cbeaa3db42eefcec26e234fc2c89a4aa17d6b1870fc460b2856fd11a6,20,5,11,          [CALL] 0x4C1959..3784.transferFrom(),CALL,0x4C19596f5aAfF459fA38B0f7eD92F11AE6543784,,transferFrom,yes,,42327,Return,"0x58f5F0684C381fCFC203D77B2BbA468eBb29B098, 0x684083F312Ac50f538Cc4B634d85a2feafaAB77a, 1796093750000000 [1.796e15]",,,,,,
C08,arbitrary_external_call,test,yes,0x138daa4cbeaa3db42eefcec26e234fc2c89a4aa17d6b1870fc460b2856fd11a6,21,6,20,            [DELEGATECALL] 0x095527..0f2F.transferFrom(),DELEGATECALL,0x095527F5bEa113E9575B662c5ba01D990A280f2F,,transferFrom,yes,,41860,Return,"0x58f5F0684C381fCFC203D77B2BbA468eBb29B098, 0x684083F312Ac50f538Cc4B634d85a2feafaAB77a, 1796093750000000 [1.796e15]","Transfer(from: 0x58f5F0684C381fCFC203D77B2BbA468eBb29B098, to: 0x684083F312Ac50f538Cc4B634d85a2feafaAB77a, amount: 1796093750000000 [1.796e15]) | Approval(owner...",,,,,
C08,arbitrary_external_call,test,yes,0x138daa4cbeaa3db42eefcec26e234fc2c89a4aa17d6b1870fc460b2856fd11a6,22,5,11,          [STATICCALL] 0xA0b869..eB48.balanceOf(),STATICCALL,0xA0b86991c6218b36c1d19D4a2e9Eb0cE3606eB48,,balanceOf,yes,,1315,Return,0xDE62E1b0edAa55aAc5ffBE21984D321706418024,,,,,,
C08,arbitrary_external_call,test,yes,0x138daa4cbeaa3db42eefcec26e234fc2c89a4aa17d6b1870fc460b2856fd11a6,23,6,22,            [DELEGATECALL] 0xa2327a..bDCF.balanceOf(),DELEGATECALL,0xa2327a938Febf5FEC13baCFb16Ae10EcBc4cbDCF,,balanceOf,yes,,529,Return,0xDE62E1b0edAa55aAc5ffBE21984D321706418024,,,,,,
C08,arbitrary_external_call,test,yes,0x138daa4cbeaa3db42eefcec26e234fc2c89a4aa17d6b1870fc460b2856fd11a6,24,5,11,          [STATICCALL] console.log(),STATICCALL,console,,log,yes,,0,Stop,"""Expected"", 0, ""Received"", 0",,,,,,
C08,arbitrary_external_call,test,yes,0x138daa4cbeaa3db42eefcec26e234fc2c89a4aa17d6b1870fc460b2856fd11a6,25,3,9,      [CALL] 0xEB8905..26A4.rewardTrader(),CALL,0xEB890541049CCd965D3DD4a3Ec1aD368FD4B26A4,,rewardTrader,yes,,74253,Stop,"0x194fC30F9eeBa9AD673413629B47Fc00e71D90dF, 0xA0b86991c6218b36c1d19D4a2e9Eb0cE3606eB48, 14403789 [1.44e7]",,,,,,
C08,arbitrary_external_call,test,yes,0x138daa4cbeaa3db42eefcec26e234fc2c89a4aa17d6b1870fc460b2856fd11a6,26,4,25,        [STATICCALL] 0xEB8905..26A4.computeVolumeUSD(),STATICCALL,0xEB890541049CCd965D3DD4a3Ec1aD368FD4B26A4,,computeVolumeUSD,yes,,23480,Return,"0xA0b86991c6218b36c1d19D4a2e9Eb0cE3606eB48, 14403789 [1.44e7]",,,,,,
C08,arbitrary_external_call,test,yes,0x138daa4cbeaa3db42eefcec26e234fc2c89a4aa17d6b1870fc460b2856fd11a6,27,5,26,          [STATICCALL] 0x8fFfFf..18f6.latestRoundData(),STATICCALL,0x8fFfFfd4AfB6115b954Bd326cbe7B4BA576818f6,,latestRoundData,yes,,15643,Return,,,,,,,
C08,arbitrary_external_call,test,yes,0x138daa4cbeaa3db42eefcec26e234fc2c89a4aa17d6b1870fc460b2856fd11a6,28,6,27,            [STATICCALL] 0x789190..A26C.latestRoundData(),STATICCALL,0x789190466E21a8b78b8027866CBBDc151542A26C,,latestRoundData,yes,,7410,Return,,,,,,,
C08,arbitrary_external_call,test,yes,0x138daa4cbeaa3db42eefcec26e234fc2c89a4aa17d6b1870fc460b2856fd11a6,29,4,25,        [STATICCALL] 0xEB8905..26A4.currentMintRateUSD(),STATICCALL,0xEB890541049CCd965D3DD4a3Ec1aD368FD4B26A4,,currentMintRateUSD,yes,,3198,Return,,,,,,,
C08,arbitrary_external_call,test,yes,0x138daa4cbeaa3db42eefcec26e234fc2c89a4aa17d6b1870fc460b2856fd11a6,30,4,25,        [CALL] 0xd6F483..42f8.mint(),CALL,0xd6F483787c135B20570E7AcB1d1Fbc557b8F42f8,,mint,yes,,12733,Stop,"0x194fC30F9eeBa9AD673413629B47Fc00e71D90dF, 144035000000000000 [1.44e17]","Transfer(from: 0x0000000000000000000000000000000000000000, to: 0x194fC30F9eeBa9AD673413629B47Fc00e71D90dF, amount: 144035000000000000 [1.44e17])",,,,,
C08,arbitrary_external_call,test,yes,0x138daa4cbeaa3db42eefcec26e234fc2c89a4aa17d6b1870fc460b2856fd11a6,31,4,25,        [STATICCALL] 0xEB8905..26A4.canMigrate(),STATICCALL,0xEB890541049CCd965D3DD4a3Ec1aD368FD4B26A4,,canMigrate,yes,,2524,Return,,,,,,,
C08,arbitrary_external_call,test,yes,0x138daa4cbeaa3db42eefcec26e234fc2c89a4aa17d6b1870fc460b2856fd11a6,32,3,9,      [STATICCALL] 0xd6F483..42f8.computeDiscountedFee(),STATICCALL,0xd6F483787c135B20570E7AcB1d1Fbc557b8F42f8,,computeDiscountedFee,yes,,1772,Return,"(false, 0x194fC30F9eeBa9AD673413629B47Fc00e71D90dF, 14403789 [1.44e7], 144035000000000000 [1.44e17], 8, 4)",,,,,,
C08,arbitrary_external_call,test,yes,0x138daa4cbeaa3db42eefcec26e234fc2c89a4aa17d6b1870fc460b2856fd11a6,33,3,9,      [CALL] 0xA0b869..eB48.transferFrom(),CALL,0xA0b86991c6218b36c1d19D4a2e9Eb0cE3606eB48,,transferFrom,yes,,15592,Return,"0x194fC30F9eeBa9AD673413629B47Fc00e71D90dF, 0x5DB6E1b7CE743a2D49B2546B3ebE17132E0Ab04d, 5762",,,,,,
C08,arbitrary_external_call,test,yes,0x138daa4cbeaa3db42eefcec26e234fc2c89a4aa17d6b1870fc460b2856fd11a6,34,4,33,        [DELEGATECALL] 0xa2327a..bDCF.transferFrom(),DELEGATECALL,0xa2327a938Febf5FEC13baCFb16Ae10EcBc4cbDCF,,transferFrom,yes,,14797,Return,"0x194fC30F9eeBa9AD673413629B47Fc00e71D90dF, 0x5DB6E1b7CE743a2D49B2546B3ebE17132E0Ab04d, 5762","Transfer(from: 0x194fC30F9eeBa9AD673413629B47Fc00e71D90dF, to: 0x5DB6E1b7CE743a2D49B2546B3ebE17132E0Ab04d, amount: 5762)",,,,,
C08,arbitrary_external_call,test,yes,0x138daa4cbeaa3db42eefcec26e234fc2c89a4aa17d6b1870fc460b2856fd11a6,35,3,9,      [CALL] 0xA0b869..eB48.transferFrom(),CALL,0xA0b86991c6218b36c1d19D4a2e9Eb0cE3606eB48,,transferFrom,yes,,12792,Return,"0x194fC30F9eeBa9AD673413629B47Fc00e71D90dF, 0xEB890541049CCd965D3DD4a3Ec1aD368FD4B26A4, 5761",,,,,,
C08,arbitrary_external_call,test,yes,0x138daa4cbeaa3db42eefcec26e234fc2c89a4aa17d6b1870fc460b2856fd11a6,36,4,35,        [DELEGATECALL] 0xa2327a..bDCF.transferFrom(),DELEGATECALL,0xa2327a938Febf5FEC13baCFb16Ae10EcBc4cbDCF,,transferFrom,yes,,11997,Return,"0x194fC30F9eeBa9AD673413629B47Fc00e71D90dF, 0xEB890541049CCd965D3DD4a3Ec1aD368FD4B26A4, 5761","Transfer(from: 0x194fC30F9eeBa9AD673413629B47Fc00e71D90dF, to: 0xEB890541049CCd965D3DD4a3Ec1aD368FD4B26A4, amount: 5761)",,,,,
C08,arbitrary_external_call,test,yes,0x138daa4cbeaa3db42eefcec26e234fc2c89a4aa17d6b1870fc460b2856fd11a6,37,3,9,      [CALL] 0xA0b869..eB48.transfer(),CALL,0xA0b86991c6218b36c1d19D4a2e9Eb0cE3606eB48,,transfer,yes,,4817,Return,"0x194fC30F9eeBa9AD673413629B47Fc00e71D90dF, 0",,,,,,
C08,arbitrary_external_call,test,yes,0x138daa4cbeaa3db42eefcec26e234fc2c89a4aa17d6b1870fc460b2856fd11a6,38,4,37,        [DELEGATECALL] 0xa2327a..bDCF.transfer(),DELEGATECALL,0xa2327a938Febf5FEC13baCFb16Ae10EcBc4cbDCF,,transfer,yes,,4028,Return,"0x194fC30F9eeBa9AD673413629B47Fc00e71D90dF, 0","Transfer(from: 0xDE62E1b0edAa55aAc5ffBE21984D321706418024, to: 0x194fC30F9eeBa9AD673413629B47Fc00e71D90dF, amount: 0)",,,,,
C09,arithmetic,dev,yes,0x33479bcfbc792aa0f8103ab0d7a3784788b5b0e1467c81ffbed1b7682660b4fa,1,0,,[CALL] 0x897679..A9EE.74a97af6(),CALL,0x89767960B76b009416Bc7ff4A4B79051eeD0A9EE,attack_contract,74a97af6,no,,128649,Return,00000000000000000000000000000000000000000000000000000000000000800000000000000000000000003ad416233f87a8ed4778ef92237655cfa4ece41500000000000000000000000000000000...,,,,,,
C09,arithmetic,dev,yes,0x33479bcfbc792aa0f8103ab0d7a3784788b5b0e1467c81ffbed1b7682660b4fa,2,1,1,  [CALL] 0x2D85F5..13c5.74a97af6(),CALL,0x2D85F5C295760b0AFe0b271b94254a8c58B513c5,,74a97af6,no,,115866,Return,0000000000000000000000000000000000000000000000000000000000000080000000000000000000000000a4aafee01a8bd3808fb9dfd6352d5015fe42720e00000000000000000000000000000000...,,,,,,
C09,arithmetic,dev,yes,0x33479bcfbc792aa0f8103ab0d7a3784788b5b0e1467c81ffbed1b7682660b4fa,3,2,2,    [CALL] 0xB3FB1D..85dE.withdraw(),CALL,0xB3FB1D01B07A706736Ca175f827e4F56021b85dE,victim,withdraw,yes,,106332,Stop,8792873290680252648282 [8.792e21],"Withdrawn(param0: 0x2D85F5C295760b0AFe0b271b94254a8c58B513c5, param1: 8792873290680252648282 [8.792e21])",yes,,,,
C09,arithmetic,dev,yes,0x33479bcfbc792aa0f8103ab0d7a3784788b5b0e1467c81ffbed1b7682660b4fa,4,3,3,      [CALL] 0xB1BbeE..D042.transfer(),CALL,0xB1BbeEa2dA2905E6B0A30203aEf55c399C53D042,,transfer,yes,,29840,Return,"0x2D85F5C295760b0AFe0b271b94254a8c58B513c5, 8792873290680252648282 [8.792e21]","Transfer(from: 0xB3FB1D01B07A706736Ca175f827e4F56021b85dE, to: 0x2D85F5C295760b0AFe0b271b94254a8c58B513c5, amount: 8792873290680252648282 [8.792e21])",,,,,
C10,arithmetic,test,yes,0x7c5a909b45014e35ddb89697f6be38d08eff30e7c3d3d553033a6efc3b444fdd,1,0,,[CALL] 0xCC5159..e21f.transferFrom() value=65,CALL,0xCC5159B5538268f45AfdA7b5756FA8769CE3e21f,attack_contract,transferFrom,yes,65,26618894,Stop,"0x89CB997C36776D910Cfba8948Ce38613636CBc3c, 0xddaDF1bf44363D07E750C20219C2347Ed7D826b9, 0xddaDF1bf44363D07E750C20219C2347Ed7D826b9",,,,,,
C10,arithmetic,test,yes,0x7c5a909b45014e35ddb89697f6be38d08eff30e7c3d3d553033a6efc3b444fdd,2,1,1,  [STATICCALL] 0xddaDF1..26b9.balanceOf(),STATICCALL,0xddaDF1bf44363D07E750C20219C2347Ed7D826b9,victim,balanceOf,yes,,2470,Return,0x89CB997C36776D910Cfba8948Ce38613636CBc3c,,,,,,
C10,arithmetic,test,yes,0x7c5a909b45014e35ddb89697f6be38d08eff30e7c3d3d553033a6efc3b444fdd,3,1,1,  [CALL] 0xddaDF1..26b9.transferFrom(),CALL,0xddaDF1bf44363D07E750C20219C2347Ed7D826b9,victim,transferFrom,yes,,16670532,Stop,"0x89CB997C36776D910Cfba8948Ce38613636CBc3c, 0xddaDF1bf44363D07E750C20219C2347Ed7D826b9, 185520527453721770724 [1.855e20]","Transfer(param0: 0x89CB997C36776D910Cfba8948Ce38613636CBc3c, param1: 0x0000000000000000000000000000000000000000, param2: 185) | Transfer(param0: 0x89CB997C36776...",yes,,,,
C10,arithmetic,test,yes,0x7c5a909b45014e35ddb89697f6be38d08eff30e7c3d3d553033a6efc3b444fdd,4,1,1,  [CALL] 0x89CB99..Bc3c.sync(),CALL,0x89CB997C36776D910Cfba8948Ce38613636CBc3c,,sync,yes,,33238,Stop,,"Sync(: 7548019801980198019 [7.548e18], : 1)",,,,,
C10,arithmetic,test,yes,0x7c5a909b45014e35ddb89697f6be38d08eff30e7c3d3d553033a6efc3b444fdd,5,2,4,    [STATICCALL] 0xC02aaA..6Cc2.balanceOf(),STATICCALL,0xC02aaA39b223FE8D0A0e5C4F27eAD9083C756Cc2,,balanceOf,yes,,2534,Return,0x89CB997C36776D910Cfba8948Ce38613636CBc3c,,,,,,
C10,arithmetic,test,yes,0x7c5a909b45014e35ddb89697f6be38d08eff30e7c3d3d553033a6efc3b444fdd,6,2,4,    [STATICCALL] 0xddaDF1..26b9.balanceOf(),STATICCALL,0xddaDF1bf44363D07E750C20219C2347Ed7D826b9,victim,balanceOf,yes,,470,Return,0x89CB997C36776D910Cfba8948Ce38613636CBc3c,,,,,,
C10,arithmetic,test,yes,0x7c5a909b45014e35ddb89697f6be38d08eff30e7c3d3d553033a6efc3b444fdd,7,1,1,  [STATICCALL] 0xddaDF1..26b9.balanceOf(),STATICCALL,0xddaDF1bf44363D07E750C20219C2347Ed7D826b9,victim,balanceOf,yes,,470,Return,0xddaDF1bf44363D07E750C20219C2347Ed7D826b9,,,,,,
C10,arithmetic,test,yes,0x7c5a909b45014e35ddb89697f6be38d08eff30e7c3d3d553033a6efc3b444fdd,8,1,1,  [CALL] 0xddaDF1..26b9.transferFrom(),CALL,0xddaDF1bf44363D07E750C20219C2347Ed7D826b9,victim,transferFrom,yes,,9835685,Stop,"0xddaDF1bf44363D07E750C20219C2347Ed7D826b9, 0x89CB997C36776D910Cfba8948Ce38613636CBc3c, 185520527453721770724 [1.855e20]","Transfer(param0: 0xddaDF1bf44363D07E750C20219C2347Ed7D826b9, param1: 0x0000000000000000000000000000000000000000, param2: 398) | Transfer(param0: 0xddaDF1bf44363...",yes,,,,
C10,arithmetic,test,yes,0x7c5a909b45014e35ddb89697f6be38d08eff30e7c3d3d553033a6efc3b444fdd,9,1,1,  [STATICCALL] 0xddaDF1..26b9.balanceOf(),STATICCALL,0xddaDF1bf44363D07E750C20219C2347Ed7D826b9,victim,balanceOf,yes,,470,Return,0x89CB997C36776D910Cfba8948Ce38613636CBc3c,,,,,,
C10,arithmetic,test,yes,0x7c5a909b45014e35ddb89697f6be38d08eff30e7c3d3d553033a6efc3b444fdd,10,1,1,  [STATICCALL] 0x89CB99..Bc3c.getReserves(),STATICCALL,0x89CB997C36776D910Cfba8948Ce38613636CBc3c,,getReserves,yes,,504,Return,,,,,,,
C10,arithmetic,test,yes,0x7c5a909b45014e35ddb89697f6be38d08eff30e7c3d3d553033a6efc3b444fdd,11,1,1,  [CALL] 0x89CB99..Bc3c.swap(),CALL,0x89CB997C36776D910Cfba8948Ce38613636CBc3c,,swap,yes,,41073,Stop,"7548019801980198018 [7.548e18], 0, 0xCC5159B5538268f45AfdA7b5756FA8769CE3e21f, 0x","Sync(: 1, : 185520527453721770725 [1.855e20]) | Swap(param0: 0xCC5159B5538268f45AfdA7b5756FA8769CE3e21f, param1: 0, param2: 185520527453721770724 [1.855e20], pa...",,,,,
C10,arithmetic,test,yes,0x7c5a909b45014e35ddb89697f6be38d08eff30e7c3d3d553033a6efc3b444fdd,12,2,11,    [CALL] 0xC02aaA..6Cc2.transfer(),CALL,0xC02aaA39b223FE8D0A0e5C4F27eAD9083C756Cc2,,transfer,yes,,27962,Return,"0xCC5159B5538268f45AfdA7b5756FA8769CE3e21f, 7548019801980198018 [7.548e18]","Transfer(from: 0x89CB997C36776D910Cfba8948Ce38613636CBc3c, to: 0xCC5159B5538268f45AfdA7b5756FA8769CE3e21f, amount: 7548019801980198018 [7.548e18])",,,,,
C10,arithmetic,test,yes,0x7c5a909b45014e35ddb89697f6be38d08eff30e7c3d3d553033a6efc3b444fdd,13,2,11,    [STATICCALL] 0xC02aaA..6Cc2.balanceOf(),STATICCALL,0xC02aaA39b223FE8D0A0e5C4F27eAD9083C756Cc2,,balanceOf,yes,,534,Return,0x89CB997C36776D910Cfba8948Ce38613636CBc3c,,,,,,
C10,arithmetic,test,yes,0x7c5a909b45014e35ddb89697f6be38d08eff30e7c3d3d553033a6efc3b444fdd,14,2,11,    [STATICCALL] 0xddaDF1..26b9.balanceOf(),STATICCALL,0xddaDF1bf44363D07E750C20219C2347Ed7D826b9,victim,balanceOf,yes,,470,Return,0x89CB997C36776D910Cfba8948Ce38613636CBc3c,,,,,,
C10,arithmetic,test,yes,0x7c5a909b45014e35ddb89697f6be38d08eff30e7c3d3d553033a6efc3b444fdd,15,1,1,  [CALL] 0xC02aaA..6Cc2.withdraw(),CALL,0xC02aaA39b223FE8D0A0e5C4F27eAD9083C756Cc2,,withdraw,yes,,9195,Stop,7548019801980198018 [7.548e18],"Withdrawal(param0: 0xCC5159B5538268f45AfdA7b5756FA8769CE3e21f, param1: 7548019801980198018 [7.548e18])",,,,,
C10,arithmetic,test,yes,0x7c5a909b45014e35ddb89697f6be38d08eff30e7c3d3d553033a6efc3b444fdd,16,2,15,    [CALL] 0xCC5159..e21f.receive() value=7548019801980198018,CALL,0xCC5159B5538268f45AfdA7b5756FA8769CE3e21f,attack_contract,receive,yes,7548019801980198018,55,Stop,,,,,,,
C10,arithmetic,test,yes,0x7c5a909b45014e35ddb89697f6be38d08eff30e7c3d3d553033a6efc3b444fdd,17,1,1,  [CALL] 0xDAFEA4..8Bc5.receive() value=490621287128712871,CALL,0xDAFEA492D9c6733ae3d56b7Ed1ADB60692c98Bc5,,receive,yes,490621287128712871,0,Stop,,,,,,,
C10,arithmetic,test,yes,0x7c5a909b45014e35ddb89697f6be38d08eff30e7c3d3d553033a6efc3b444fdd,18,1,1,  [CALL] 0x096f0f..49a3.receive() value=7057398514851485212,CALL,0x096f0f03E4BE68D7E6dD39B22a3846B8Ce9849a3,attacker,receive,yes,7057398514851485212,0,Stop,,,,,,,
C11,arithmetic,test,yes,0x4c684fb2618c29743531dec9253ede1b757bda0b323dc2f305e3b50ab1773da7,1,0,,[CALL] 0x80a641..58Ca.de76fef5(),CALL,0x80a6419Cb8E7d1Ef1AF074368F7eAce1AE2358Ca,attack_contract,de76fef5,no,,1199910,Return,000000000000000000000000c13e21b648a5ee794902342038ff3adab66be9870000000000000000000000000000000000000000000000056bc75e2d631000000000000000000000000000000ee4b2c5...,,,,,,
C11,arithmetic,test,yes,0x4c684fb2618c29743531dec9253ede1b757bda0b323dc2f305e3b50ab1773da7,2,1,1,  [CALL] 0xC13e21..E987.flashLoanSimple(),CALL,0xC13e21B648A5Ee794902342038FF3aDAB66BE987,,flashLoanSimple,yes,,1176277,Return,"0x80a6419Cb8E7d1Ef1AF074368F7eAce1AE2358Ca, 0xC02aaA39b223FE8D0A0e5C4F27eAD9083C756Cc2, 100000000000000000000 [1e20], 0x0000000000000000000000000ee4b2c533ed3ffb...",,,,,,
C11,arithmetic,test,yes,0x4c684fb2618c29743531dec9253ede1b757bda0b323dc2f305e3b50ab1773da7,3,2,2,    [DELEGATECALL] 0x811536..7115.flashLoanSimple(),DELEGATECALL,0x8115366Ca7Cf280a760f0bC0F6Db3026e2437115,,flashLoanSimple,yes,,1171215,Stop,"0x80a6419Cb8E7d1Ef1AF074368F7eAce1AE2358Ca, 0xC02aaA39b223FE8D0A0e5C4F27eAD9083C756Cc2, 100000000000000000000 [1e20], 0x0000000000000000000000000ee4b2c533ed3ffb...",,,,,,
C11,arithmetic,test,yes,0x4c684fb2618c29743531dec9253ede1b757bda0b323dc2f305e3b50ab1773da7,4,3,3,      [DELEGATECALL] 0xCb0e49..E9bA.a1fe0e8d(),DELEGATECALL,0xCb0e499954aE4277d0dB0E13A938b73745eBE9bA,,a1fe0e8d,no,,1164306,Stop,f81d8d79f42adb4c73cc3aa0c78e25d3343882d0313c0b80ece3d3a103ef1ebf000000000000000000000000000000000000000000000000000000000000004000000000000000000000000080a6419c...,"ReserveDataUpdated(param0: 0xC02aaA39b223FE8D0A0e5C4F27eAD9083C756Cc2, param1: 19408010078514371908453986 [1.94e25], param2: 32000000000000000000000000 [3.2e25]...",,,,,
C11,arithmetic,test,yes,0x4c684fb2618c29743531dec9253ede1b757bda0b323dc2f305e3b50ab1773da7,5,4,4,        [CALL] 0x59cD1C..71DB.transferUnderlyingTo(),CALL,0x59cD1C87501baa753d0B5B5Ab5D8416A45cD71DB,,transferUnderlyingTo,yes,,40446,Return,"0x80a6419Cb8E7d1Ef1AF074368F7eAce1AE2358Ca, 100000000000000000000 [1e20]",,,,,,
C11,arithmetic,test,yes,0x4c684fb2618c29743531dec9253ede1b757bda0b323dc2f305e3b50ab1773da7,6,5,5,          [DELEGATECALL] 0x6175dd..9cC6.transferUnderlyingTo(),DELEGATECALL,0x6175ddEc3B9b38c88157C10A01ed4A3fa8639cC6,,transferUnderlyingTo,yes,,35426,Stop,"0x80a6419Cb8E7d1Ef1AF074368F7eAce1AE2358Ca, 100000000000000000000 [1e20]",,,,,,
C11,arithmetic,test,yes,0x4c684fb2618c29743531dec9253ede1b757bda0b323dc2f305e3b50ab1773da7,7,6,6,            [CALL] 0xC02aaA..6Cc2.transfer(),CALL,0xC02aaA39b223FE8D0A0e5C4F27eAD9083C756Cc2,,transfer,yes,,29962,Return,"0x80a6419Cb8E7d1Ef1AF074368F7eAce1AE2358Ca, 100000000000000000000 [1e20]","Transfer(from: 0x59cD1C87501baa753d0B5B5Ab5D8416A45cD71DB, to: 0x80a6419Cb8E7d1Ef1AF074368F7eAce1AE2358Ca, amount: 100000000000000000000 [1e20])",,,,,
C11,arithmetic,test,yes,0x4c684fb2618c29743531dec9253ede1b757bda0b323dc2f305e3b50ab1773da7,8,4,4,        [CALL] 0x80a641..58Ca.executeOperation(),CALL,0x80a6419Cb8E7d1Ef1AF074368F7eAce1AE2358Ca,attack_contract,executeOperation,yes,,1027233,Return,"0xC02aaA39b223FE8D0A0e5C4F27eAD9083C756Cc2, 100000000000000000000 [1e20], 0, 0x80a6419Cb8E7d1Ef1AF074368F7eAce1AE2358Ca, 0x0000000000000000000000000ee4b2c533ed3...",,,,,,
C11,arithmetic,test,yes,0x4c684fb2618c29743531dec9253ede1b757bda0b323dc2f305e3b50ab1773da7,9,5,8,          [STATICCALL] 0xC02aaA..6Cc2.balanceOf(),STATICCALL,0xC02aaA39b223FE8D0A0e5C4F27eAD9083C756Cc2,,balanceOf,yes,,534,Return,0x80a6419Cb8E7d1Ef1AF074368F7eAce1AE2358Ca,,,,,,
C11,arithmetic,test,yes,0x4c684fb2618c29743531dec9253ede1b757bda0b323dc2f305e3b50ab1773da7,10,5,8,          [CALL] 0xC02aaA..6Cc2.withdraw(),CALL,0xC02aaA39b223FE8D0A0e5C4F27eAD9083C756Cc2,,withdraw,yes,,9202,Stop,100000000000000000000 [1e20],"Withdrawal(param0: 0x80a6419Cb8E7d1Ef1AF074368F7eAce1AE2358Ca, param1: 100000000000000000000 [1e20])",,,,,
C11,arithmetic,test,yes,0x4c684fb2618c29743531dec9253ede1b757bda0b323dc2f305e3b50ab1773da7,11,6,10,            [CALL] 0x80a641..58Ca.receive() value=100000000000000000000,CALL,0x80a6419Cb8E7d1Ef1AF074368F7eAce1AE2358Ca,attack_contract,receive,yes,100000000000000000000,62,Stop,,,,,,,
C11,arithmetic,test,yes,0x4c684fb2618c29743531dec9253ede1b757bda0b323dc2f305e3b50ab1773da7,12,5,8,          [CALL] 0x7E9Cbc..1596.receive() value=100000000000000000000,CALL,0x7E9Cbcc6f64Eb544D17b0448DC226946b0e11596,,receive,yes,100000000000000000000,0,Stop,,,,,,,
C11,arithmetic,test,yes,0x4c684fb2618c29743531dec9253ede1b757bda0b323dc2f305e3b50ab1773da7,13,5,8,          [CREATE] 0x7E9Cbc..1596.new <unknown>(),CREATE,0x7E9Cbcc6f64Eb544D17b0448DC226946b0e11596,,new <unknown>,yes,,791125,Return,,,,,,,
C11,arithmetic,test,yes,0x4c684fb2618c29743531dec9253ede1b757bda0b323dc2f305e3b50ab1773da7,14,6,13,            [STATICCALL] 0x0D8Df7..601E.underlying(),STATICCALL,0x0D8Df79195EC37C6cD53036f9F8eE0c24b23601E,,underlying,yes,,2424,Return,,,,,,,
C11,arithmetic,test,yes,0x4c684fb2618c29743531dec9253ede1b757bda0b323dc2f305e3b50ab1773da7,15,6,13,            [CALL] 0x5578f2..F17B.mint() value=1000000000000000000,CALL,0x5578f2E245e932a599c46215a0cA88707230F17B,victim,mint,yes,1000000000000000000,124630,Stop,,"AccrueInterest(: 0, : 0, : 1042981734676347846 [1.042e18], : 0) | Mint(: 0x7E9Cbcc6f64Eb544D17b0448DC226946b0e11596, : 1000000000000000000 [1e18], : 5000000000 ...",,,,,
C11,arithmetic,test,yes,0x4c684fb2618c29743531dec9253ede1b757bda0b323dc2f305e3b50ab1773da7,16,7,15,              [STATICCALL] 0x0Dff0a..fA8c.getBorrowRate(),STATICCALL,0x0Dff0a338D8166338478FD330c8d374D525afA8c,,getBorrowRate,yes,,4971,Return,"0, 0, 0",,,,,,
C11,arithmetic,test,yes,0x4c684fb2618c29743531dec9253ede1b757bda0b323dc2f305e3b50ab1773da7,17,7,15,              [CALL] 0x0ee4b2..89f6.mintAllowed(),CALL,0x0ee4b2C533ED3fFbd9f04CD7E812A4041bbE89f6,,mintAllowed,yes,,29408,Return,"0x5578f2E245e932a599c46215a0cA88707230F17B, 0x7E9Cbcc6f64Eb544D17b0448DC226946b0e11596, 1000000000000000000 [1e18]",,,,,,
C11,arithmetic,test,yes,0x4c684fb2618c29743531dec9253ede1b757bda0b323dc2f305e3b50ab1773da7,18,8,17,                [DELEGATECALL] 0xcebC23..0276.mintAllowed(),DELEGATECALL,0xcebC23A10Ccb6805C6c759c9e9538DdD01990276,,mintAllowed,yes,,24240,Return,"0x5578f2E245e932a599c46215a0cA88707230F17B, 0x7E9Cbcc6f64Eb544D17b0448DC226946b0e11596, 1000000000000000000 [1e18]","DistributedSupplierComp(param0: 0x5578f2E245e932a599c46215a0cA88707230F17B, param1: 0x7E9Cbcc6f64Eb544D17b0448DC226946b0e11596, param2: 0, param3: 0)",,,,,
C11,arithmetic,test,yes,0x4c684fb2618c29743531dec9253ede1b757bda0b323dc2f305e3b50ab1773da7,19,9,18,                  [STATICCALL] 0x5578f2..F17B.balanceOf(),STATICCALL,0x5578f2E245e932a599c46215a0cA88707230F17B,victim,balanceOf,yes,,2530,Return,0x7E9Cbcc6f64Eb544D17b0448DC226946b0e11596,,,,,,
C11,arithmetic,test,yes,0x4c684fb2618c29743531dec9253ede1b757bda0b323dc2f305e3b50ab1773da7,20,7,15,              [CALL] 0x0ee4b2..89f6.mintVerify(),CALL,0x0ee4b2C533ED3fFbd9f04CD7E812A4041bbE89f6,,mintVerify,yes,,1004,Return,"0x5578f2E245e932a599c46215a0cA88707230F17B, 0x7E9Cbcc6f64Eb544D17b0448DC226946b0e11596, 1000000000000000000 [1e18], 5000000000 [5e9]",,,,,,
C11,arithmetic,test,yes,0x4c684fb2618c29743531dec9253ede1b757bda0b323dc2f305e3b50ab1773da7,21,8,20,                [DELEGATECALL] 0xcebC23..0276.mintVerify(),DELEGATECALL,0xcebC23A10Ccb6805C6c759c9e9538DdD01990276,,mintVerify,yes,,403,Stop,"0x5578f2E245e932a599c46215a0cA88707230F17B, 0x7E9Cbcc6f64Eb544D17b0448DC226946b0e11596, 1000000000000000000 [1e18], 5000000000 [5e9]",,,,,,
C11,arithmetic,test,yes,0x4c684fb2618c29743531dec9253ede1b757bda0b323dc2f305e3b50ab1773da7,22,6,13,            [STATICCALL] 0x5578f2..F17B.totalSupply(),STATICCALL,0x5578f2E245e932a599c46215a0cA88707230F17B,victim,totalSupply,yes,,367,Return,,,,,,,
C11,arithmetic,test,yes,0x4c684fb2618c29743531dec9253ede1b757bda0b323dc2f305e3b50ab1773da7,23,6,13,            [CALL] 0x5578f2..F17B.redeem(),CALL,0x5578f2E245e932a599c46215a0cA88707230F17B,victim,redeem,yes,,31083,Return,4999999998 [4.999e9],"Transfer(from: 0x7E9Cbcc6f64Eb544D17b0448DC226946b0e11596, to: 0x5578f2E245e932a599c46215a0cA88707230F17B, amount: 4999999998 [4.999e9]) | Redeem(: 0x7E9Cbcc6f6...",,,,,
C11,arithmetic,test,yes,0x4c684fb2618c29743531dec9253ede1b757bda0b323dc2f305e3b50ab1773da7,24,7,23,              [CALL] 0x0ee4b2..89f6.redeemAllowed(),CALL,0x0ee4b2C533ED3fFbd9f04CD7E812A4041bbE89f6,,redeemAllowed,yes,,9895,Return,"0x5578f2E245e932a599c46215a0cA88707230F17B, 0x7E9Cbcc6f64Eb544D17b0448DC226946b0e11596, 4999999998 [4.999e9]",,,,,,
C11,arithmetic,test,yes,0x4c684fb2618c29743531dec9253ede1b757bda0b323dc2f305e3b50ab1773da7,25,8,24,                [DELEGATECALL] 0xcebC23..0276.redeemAllowed(),DELEGATECALL,0xcebC23A10Ccb6805C6c759c9e9538DdD01990276,,redeemAllowed,yes,,9217,Return,"0x5578f2E245e932a599c46215a0cA88707230F17B, 0x7E9Cbcc6f64Eb544D17b0448DC226946b0e11596, 4999999998 [4.999e9]","DistributedSupplierComp(param0: 0x5578f2E245e932a599c46215a0cA88707230F17B, param1: 0x7E9Cbcc6f64Eb544D17b0448DC226946b0e11596, param2: 0, param3: 0)",,,,,
C11,arithmetic,test,yes,0x4c684fb2618c29743531dec9253ede1b757bda0b323dc2f305e3b50ab1773da7,26,9,25,                  [STATICCALL] 0x5578f2..F17B.balanceOf(),STATICCALL,0x5578f2E245e932a599c46215a0cA88707230F17B,victim,balanceOf,yes,,530,Return,0x7E9Cbcc6f64Eb544D17b0448DC226946b0e11596,,,,,,
C11,arithmetic,test,yes,0x4c684fb2618c29743531dec9253ede1b757bda0b323dc2f305e3b50ab1773da7,27,7,23,              [CALL] 0x7E9Cbc..1596.receive() value=999999999600000000,CALL,0x7E9Cbcc6f64Eb544D17b0448DC226946b0e11596,,receive,yes,999999999600000000,0,Stop,,,,,,,
C11,arithmetic,test,yes,0x4c684fb2618c29743531dec9253ede1b757bda0b323dc2f305e3b50ab1773da7,28,7,23,              [CALL] 0x0ee4b2..89f6.redeemVerify(),CALL,0x0ee4b2C533ED3fFbd9f04CD7E812A4041bbE89f6,,redeemVerify,yes,,1047,Return,"0x5578f2E245e932a599c46215a0cA88707230F17B, 0x7E9Cbcc6f64Eb544D17b0448DC226946b0e11596, 999999999600000000 [9.999e17], 4999999998 [4.999e9]",,,,,,
C11,arithmetic,test,yes,0x4c684fb2618c29743531dec9253ede1b757bda0b323dc2f305e3b50ab1773da7,29,8,28,                [DELEGATECALL] 0xcebC23..0276.redeemVerify(),DELEGATECALL,0xcebC23A10Ccb6805C6c759c9e9538DdD01990276,,redeemVerify,yes,,446,Stop,"0x5578f2E245e932a599c46215a0cA88707230F17B, 0x7E9Cbcc6f64Eb544D17b0448DC226946b0e11596, 999999999600000000 [9.999e17], 4999999998 [4.999e9]",,,,,,
C11,arithmetic,test,yes,0x4c684fb2618c29743531dec9253ede1b757bda0b323dc2f305e3b50ab1773da7,30,6,13,            [CREATE] 0x5843Bf..dFE5.new <unknown>(),CREATE,0x5843Bf4e3c2527eC408B15b40496fd428511dFE5,,new <unknown>,yes,,24481,Return,,,,,,,
C11,arithmetic,test,yes,0x4c684fb2618c29743531dec9253ede1b757bda0b323dc2f305e3b50ab1773da7,31,6,13,            [CALL] 0x5843Bf..dFE5.sendEthTo() value=99999999999600000000,CALL,0x5843Bf4e3c2527eC408B15b40496fd428511dFE5,,sendEthTo,yes,99999999999600000000,5133,SelfDestruct,0x5578f2E245e932a599c46215a0cA88707230F17B,,,,,,
C11,arithmetic,test,yes,0x4c684fb2618c29743531dec9253ede1b757bda0b323dc2f305e3b50ab1773da7,32,6,13,            [CALL] 0x0ee4b2..89f6.enterMarkets(),CALL,0x0ee4b2C533ED3fFbd9f04CD7E812A4041bbE89f6,,enterMarkets,yes,,70685,Return,[0x5578f2E245e932a599c46215a0cA88707230F17B],,,,,,
C11,arithmetic,test,yes,0x4c684fb2618c29743531dec9253ede1b757bda0b323dc2f305e3b50ab1773da7,33,7,32,              [DELEGATECALL] 0xcebC23..0276.enterMarkets(),DELEGATECALL,0xcebC23A10Ccb6805C6c759c9e9538DdD01990276,,enterMarkets,yes,,69996,Return,[0x5578f2E245e932a599c46215a0cA88707230F17B],"MarketEntered(: 0x5578f2E245e932a599c46215a0cA88707230F17B, : 0x7E9Cbcc6f64Eb544D17b0448DC226946b0e11596)",,,,,
C11,arithmetic,test,yes,0x4c684fb2618c29743531dec9253ede1b757bda0b323dc2f305e3b50ab1773da7,34,6,13,            [STATICCALL] 0x0D8Df7..601E.getCash(),STATICCALL,0x0D8Df79195EC37C6cD53036f9F8eE0c24b23601E,,getCash,yes,,13523,Return,,,,,,,
C11,arithmetic,test,yes,0x4c684fb2618c29743531dec9253ede1b757bda0b323dc2f305e3b50ab1773da7,35,7,34,              [STATICCALL] 0x0D8Df7..601E.delegateToImplementation(),STATICCALL,0x0D8Df79195EC37C6cD53036f9F8eE0c24b23601E,,delegateToImplementation,yes,,12232,Return,0x3b1d21a2,,,,,,
C11,arithmetic,test,yes,0x4c684fb2618c29743531dec9253ede1b757bda0b323dc2f305e3b50ab1773da7,36,8,35,                [DELEGATECALL] 0x5A3b0B..B791.getCash(),DELEGATECALL,0x5A3b0BAF4532d7e50D7f6a94b0F152B68153B791,,getCash,yes,,6176,Return,,,,,,,
C11,arithmetic,test,yes,0x4c684fb2618c29743531dec9253ede1b757bda0b323dc2f305e3b50ab1773da7,37,9,36,                  [STATICCALL] 0x2260FA..C599.balanceOf(),STATICCALL,0x2260FAC5E5542a773Aa44fBCfeDf7C193bc2C599,,balanceOf,yes,,2795,Return,0x0D8Df79195EC37C6cD53036f9F8eE0c24b23601E,,,,,,
C11,arithmetic,test,yes,0x4c684fb2618c29743531dec9253ede1b757bda0b323dc2f305e3b50ab1773da7,38,6,13,            [CALL] 0x0D8Df7..601E.borrow(),CALL,0x0D8Df79195EC37C6cD53036f9F8eE0c24b23601E,,borrow,yes,,340349,Return,10999999 [1.099e7],,,,,,
C11,arithmetic,test,yes,0x4c684fb2618c29743531dec9253ede1b757bda0b323dc2f305e3b50ab1773da7,39,7,38,              [DELEGATECALL] 0x5A3b0B..B791.borrow(),DELEGATECALL,0x5A3b0BAF4532d7e50D7f6a94b0F152B68153B791,,borrow,yes,,339534,Return,10999999 [1.099e7],"AccrueInterest(: 11000000 [1.1e7], : 0, : 1042781875819451347 [1.042e18], : 0) | Borrow(: 0x7E9Cbcc6f64Eb544D17b0448DC226946b0e11596, : 10999999 [1.099e7], : 10...",,,,,
C11,arithmetic,test,yes,0x4c684fb2618c29743531dec9253ede1b757bda0b323dc2f305e3b50ab1773da7,40,8,39,                [STATICCALL] 0x2260FA..C599.balanceOf(),STATICCALL,0x2260FAC5E5542a773Aa44fBCfeDf7C193bc2C599,,balanceOf,yes,,795,Return,0x0D8Df79195EC37C6cD53036f9F8eE0c24b23601E,,,,,,
C11,arithmetic,test,yes,0x4c684fb2618c29743531dec9253ede1b757bda0b323dc2f305e3b50ab1773da7,41,8,39,                [STATICCALL] 0xD1AbbA..df95.getBorrowRate(),STATICCALL,0xD1AbbAb2a5229CE8BFB573Ce4062058a67a1df95,,getBorrowRate,yes,,4971,Return,"11000000 [1.1e7], 0, 0",,,,,,
C11,arithmetic,test,yes,0x4c684fb2618c29743531dec9253ede1b757bda0b323dc2f305e3b50ab1773da7,42,8,39,                [CALL] 0x0ee4b2..89f6.borrowAllowed(),CALL,0x0ee4b2C533ED3fFbd9f04CD7E812A4041bbE89f6,,borrowAllowed,yes,,197957,Return,"0x0D8Df79195EC37C6cD53036f9F8eE0c24b23601E, 0x7E9Cbcc6f64Eb544D17b0448DC226946b0e11596, 10999999 [1.099e7]",,,,,,
C11,arithmetic,test,yes,0x4c684fb2618c29743531dec9253ede1b757bda0b323dc2f305e3b50ab1773da7,43,9,42,                  [DELEGATECALL] 0xcebC23..0276.borrowAllowed(),DELEGATECALL,0xcebC23A10Ccb6805C6c759c9e9538DdD01990276,,borrowAllowed,yes,,197289,Return,"0x0D8Df79195EC37C6cD53036f9F8eE0c24b23601E, 0x7E9Cbcc6f64Eb544D17b0448DC226946b0e11596, 10999999 [1.099e7]","MarketEntered(: 0x0D8Df79195EC37C6cD53036f9F8eE0c24b23601E, : 0x7E9Cbcc6f64Eb544D17b0448DC226946b0e11596)",,,,,
C11,arithmetic,test,yes,0x4c684fb2618c29743531dec9253ede1b757bda0b323dc2f305e3b50ab1773da7,44,10,43,                    [STATICCALL] 0xd0AF1C..3Bf4.getUnderlyingPrice(),STATICCALL,0xd0AF1C29E842B94490a78797342e3654E7833Bf4,,getUnderlyingPrice,yes,,32802,Return,0x0D8Df79195EC37C6cD53036f9F8eE0c24b23601E,,,,,,
C11,arithmetic,test,yes,0x4c684fb2618c29743531dec9253ede1b757bda0b323dc2f305e3b50ab1773da7,45,11,44,                      [STATICCALL] 0x0D8Df7..601E.symbol(),STATICCALL,0x0D8Df79195EC37C6cD53036f9F8eE0c24b23601E,,symbol,yes,,3053,Return,,,,,,,
C11,arithmetic,test,yes,0x4c684fb2618c29743531dec9253ede1b757bda0b323dc2f305e3b50ab1773da7,46,11,44,                      [STATICCALL] 0x0D8Df7..601E.symbol(),STATICCALL,0x0D8Df79195EC37C6cD53036f9F8eE0c24b23601E,,symbol,yes,,1053,Return,,,,,,,
C11,arithmetic,test,yes,0x4c684fb2618c29743531dec9253ede1b757bda0b323dc2f305e3b50ab1773da7,47,11,44,                      [STATICCALL] 0x0D8Df7..601E.underlying(),STATICCALL,0x0D8Df79195EC37C6cD53036f9F8eE0c24b23601E,,underlying,yes,,424,Return,,,,,,,
C11,arithmetic,test,yes,0x4c684fb2618c29743531dec9253ede1b757bda0b323dc2f305e3b50ab1773da7,48,11,44,                      [STATICCALL] 0x0D8Df7..601E.underlying(),STATICCALL,0x0D8Df79195EC37C6cD53036f9F8eE0c24b23601E,,underlying,yes,,424,Return,,,,,,,
C11,arithmetic,test,yes,0x4c684fb2618c29743531dec9253ede1b757bda0b323dc2f305e3b50ab1773da7,49,11,44,                      [STATICCALL] 0xF40300..E88c.latestRoundData(),STATICCALL,0xF4030086522a5bEEa4988F8cA5B36dbC97BeE88c,,latestRoundData,yes,,15735,Return,,,,,,,
C11,arithmetic,test,yes,0x4c684fb2618c29743531dec9253ede1b757bda0b323dc2f305e3b50ab1773da7,50,12,49,                        [STATICCALL] 0xdBe194..4D2d.latestRoundData(),STATICCALL,0xdBe1941BFbe4410D6865b9b7078e0b49af144D2d,,latestRoundData,yes,,7502,Return,,,,,,,
C11,arithmetic,test,yes,0x4c684fb2618c29743531dec9253ede1b757bda0b323dc2f305e3b50ab1773da7,51,10,43,                    [STATICCALL] 0x5578f2..F17B.getAccountSnapshot(),STATICCALL,0x5578f2E245e932a599c46215a0cA88707230F17B,victim,getAccountSnapshot,yes,,4739,Return,0x7E9Cbcc6f64Eb544D17b0448DC226946b0e11596,,,,,,
C11,arithmetic,test,yes,0x4c684fb2618c29743531dec9253ede1b757bda0b323dc2f305e3b50ab1773da7,52,10,43,                    [STATICCALL] 0xd0AF1C..3Bf4.getUnderlyingPrice(),STATICCALL,0xd0AF1C29E842B94490a78797342e3654E7833Bf4,,getUnderlyingPrice,yes,,28736,Return,0x5578f2E245e932a599c46215a0cA88707230F17B,,,,,,
C11,arithmetic,test,yes,0x4c684fb2618c29743531dec9253ede1b757bda0b323dc2f305e3b50ab1773da7,53,11,52,                      [STATICCALL] 0x5578f2..F17B.symbol(),STATICCALL,0x5578f2E245e932a599c46215a0cA88707230F17B,victim,symbol,yes,,3054,Return,,,,,,,
C11,arithmetic,test,yes,0x4c684fb2618c29743531dec9253ede1b757bda0b323dc2f305e3b50ab1773da7,54,11,52,                      [STATICCALL] 0x5578f2..F17B.symbol(),STATICCALL,0x5578f2E245e932a599c46215a0cA88707230F17B,victim,symbol,yes,,1054,Return,,,,,,,
C11,arithmetic,test,yes,0x4c684fb2618c29743531dec9253ede1b757bda0b323dc2f305e3b50ab1773da7,55,11,52,                      [STATICCALL] 0x5f4eC3..8419.latestRoundData(),STATICCALL,0x5f4eC3Df9cbd43714FE2740f5E3616155c5b8419,,latestRoundData,yes,,15735,Return,,,,,,,
C11,arithmetic,test,yes,0x4c684fb2618c29743531dec9253ede1b757bda0b323dc2f305e3b50ab1773da7,56,12,55,                        [STATICCALL] 0xE62B71..50CC.latestRoundData(),STATICCALL,0xE62B71cf983019BFf55bC83B48601ce8419650CC,,latestRoundData,yes,,7502,Return,,,,,,,
C11,arithmetic,test,yes,0x4c684fb2618c29743531dec9253ede1b757bda0b323dc2f305e3b50ab1773da7,57,10,43,                    [STATICCALL] 0x0D8Df7..601E.getAccountSnapshot(),STATICCALL,0x0D8Df79195EC37C6cD53036f9F8eE0c24b23601E,,getAccountSnapshot,yes,,13283,Return,0x7E9Cbcc6f64Eb544D17b0448DC226946b0e11596,,,,,,
C11,arithmetic,test,yes,0x4c684fb2618c29743531dec9253ede1b757bda0b323dc2f305e3b50ab1773da7,58,11,57,                      [STATICCALL] 0x0D8Df7..601E.delegateToImplementation(),STATICCALL,0x0D8Df79195EC37C6cD53036f9F8eE0c24b23601E,,delegateToImplementation,yes,,11814,Return,0xc37f68e20000000000000000000000007e9cbcc6f64eb544d17b0448dc226946b0e11596,,,,,,
C11,arithmetic,test,yes,0x4c684fb2618c29743531dec9253ede1b757bda0b323dc2f305e3b50ab1773da7,59,12,58,                        [DELEGATECALL] 0x5A3b0B..B791.getAccountSnapshot(),DELEGATECALL,0x5A3b0BAF4532d7e50D7f6a94b0F152B68153B791,,getAccountSnapshot,yes,,9945,Return,0x7E9Cbcc6f64Eb544D17b0448DC226946b0e11596,,,,,,
C11,arithmetic,test,yes,0x4c684fb2618c29743531dec9253ede1b757bda0b323dc2f305e3b50ab1773da7,60,13,59,                          [STATICCALL] 0x2260FA..C599.balanceOf(),STATICCALL,0x2260FAC5E5542a773Aa44fBCfeDf7C193bc2C599,,balanceOf,yes,,795,Return,0x0D8Df79195EC37C6cD53036f9F8eE0c24b23601E,,,,,,
C11,arithmetic,test,yes,0x4c684fb2618c29743531dec9253ede1b757bda0b323dc2f305e3b50ab1773da7,61,10,43,                    [STATICCALL] 0xd0AF1C..3Bf4.getUnderlyingPrice(),STATICCALL,0xd0AF1C29E842B94490a78797342e3654E7833Bf4,,getUnderlyingPrice,yes,,11802,Return,0x0D8Df79195EC37C6cD53036f9F8eE0c24b23601E,,,,,,
C11,arithmetic,test,yes,0x4c684fb2618c29743531dec9253ede1b757bda0b323dc2f305e3b50ab1773da7,62,11,61,                      [STATICCALL] 0x0D8Df7..601E.symbol(),STATICCALL,0x0D8Df79195EC37C6cD53036f9F8eE0c24b23601E,,symbol,yes,,1053,Return,,,,,,,
C11,arithmetic,test,yes,0x4c684fb2618c29743531dec9253ede1b757bda0b323dc2f305e3b50ab1773da7,63,11,61,                      [STATICCALL] 0x0D8Df7..601E.symbol(),STATICCALL,0x0D8Df79195EC37C6cD53036f9F8eE0c24b23601E,,symbol,yes,,1053,Return,,,,,,,
C11,arithmetic,test,yes,0x4c684fb2618c29743531dec9253ede1b757bda0b323dc2f305e3b50ab1773da7,64,11,61,                      [STATICCALL] 0x0D8Df7..601E.underlying(),STATICCALL,0x0D8Df79195EC37C6cD53036f9F8eE0c24b23601E,,underlying,yes,,424,Return,,,,,,,
C11,arithmetic,test,yes,0x4c684fb2618c29743531dec9253ede1b757bda0b323dc2f305e3b50ab1773da7,65,11,61,                      [STATICCALL] 0x0D8Df7..601E.underlying(),STATICCALL,0x0D8Df79195EC37C6cD53036f9F8eE0c24b23601E,,underlying,yes,,424,Return,,,,,,,
C11,arithmetic,test,yes,0x4c684fb2618c29743531dec9253ede1b757bda0b323dc2f305e3b50ab1773da7,66,11,61,                      [STATICCALL] 0xF40300..E88c.latestRoundData(),STATICCALL,0xF4030086522a5bEEa4988F8cA5B36dbC97BeE88c,,latestRoundData,yes,,3235,Return,,,,,,,
C11,arithmetic,test,yes,0x4c684fb2618c29743531dec9253ede1b757bda0b323dc2f305e3b50ab1773da7,67,12,66,                        [STATICCALL] 0xdBe194..4D2d.latestRoundData(),STATICCALL,0xdBe1941BFbe4410D6865b9b7078e0b49af144D2d,,latestRoundData,yes,,1502,Return,,,,,,,
C11,arithmetic,test,yes,0x4c684fb2618c29743531dec9253ede1b757bda0b323dc2f305e3b50ab1773da7,68,10,43,                    [STATICCALL] 0x0D8Df7..601E.borrowIndex(),STATICCALL,0x0D8Df79195EC37C6cD53036f9F8eE0c24b23601E,,borrowIndex,yes,,410,Return,,,,,,,
C11,arithmetic,test,yes,0x4c684fb2618c29743531dec9253ede1b757bda0b323dc2f305e3b50ab1773da7,69,8,39,                [STATICCALL] 0x2260FA..C599.balanceOf(),STATICCALL,0x2260FAC5E5542a773Aa44fBCfeDf7C193bc2C599,,balanceOf,yes,,795,Return,0x0D8Df79195EC37C6cD53036f9F8eE0c24b23601E,,,,,,
C11,arithmetic,test,yes,0x4c684fb2618c29743531dec9253ede1b757bda0b323dc2f305e3b50ab1773da7,70,8,39,                [CALL] 0x2260FA..C599.transfer(),CALL,0x2260FAC5E5542a773Aa44fBCfeDf7C193bc2C599,,transfer,yes,,30803,Return,"0x7E9Cbcc6f64Eb544D17b0448DC226946b0e11596, 10999999 [1.099e7]","Transfer(from: 0x0D8Df79195EC37C6cD53036f9F8eE0c24b23601E, to: 0x7E9Cbcc6f64Eb544D17b0448DC226946b0e11596, amount: 10999999 [1.099e7])",,,,,
C11,arithmetic,test,yes,0x4c684fb2618c29743531dec9253ede1b757bda0b323dc2f305e3b50ab1773da7,71,8,39,                [CALL] 0x0ee4b2..89f6.borrowVerify(),CALL,0x0ee4b2C533ED3fFbd9f04CD7E812A4041bbE89f6,,borrowVerify,yes,,949,Return,"0x0D8Df79195EC37C6cD53036f9F8eE0c24b23601E, 0x7E9Cbcc6f64Eb544D17b0448DC226946b0e11596, 10999999 [1.099e7]",,,,,,
C11,arithmetic,test,yes,0x4c684fb2618c29743531dec9253ede1b757bda0b323dc2f305e3b50ab1773da7,72,9,71,                  [DELEGATECALL] 0xcebC23..0276.borrowVerify(),DELEGATECALL,0xcebC23A10Ccb6805C6c759c9e9538DdD01990276,,borrowVerify,yes,,354,Stop,"0x0D8Df79195EC37C6cD53036f9F8eE0c24b23601E, 0x7E9Cbcc6f64Eb544D17b0448DC226946b0e11596, 10999999 [1.099e7]",,,,,,
C11,arithmetic,test,yes,0x4c684fb2618c29743531dec9253ede1b757bda0b323dc2f305e3b50ab1773da7,73,6,13,            [STATICCALL] 0x2260FA..C599.balanceOf(),STATICCALL,0x2260FAC5E5542a773Aa44fBCfeDf7C193bc2C599,,balanceOf,yes,,795,Return,0x7E9Cbcc6f64Eb544D17b0448DC226946b0e11596,,,,,,
C11,arithmetic,test,yes,0x4c684fb2618c29743531dec9253ede1b757bda0b323dc2f305e3b50ab1773da7,74,6,13,            [CALL] 0x2260FA..C599.transfer(),CALL,0x2260FAC5E5542a773Aa44fBCfeDf7C193bc2C599,,transfer,yes,,26003,Return,"0x80a6419Cb8E7d1Ef1AF074368F7eAce1AE2358Ca, 10999999 [1.099e7]","Transfer(from: 0x7E9Cbcc6f64Eb544D17b0448DC226946b0e11596, to: 0x80a6419Cb8E7d1Ef1AF074368F7eAce1AE2358Ca, amount: 10999999 [1.099e7])",,,,,
C11,arithmetic,test,yes,0x4c684fb2618c29743531dec9253ede1b757bda0b323dc2f305e3b50ab1773da7,75,6,13,            [CALL] 0x5578f2..F17B.redeemUnderlying(),CALL,0x5578f2E245e932a599c46215a0cA88707230F17B,victim,redeemUnderlying,yes,,75230,Return,99999999999599999999 [9.999e19],"Transfer(from: 0x7E9Cbcc6f64Eb544D17b0448DC226946b0e11596, to: 0x5578f2E245e932a599c46215a0cA88707230F17B, amount: 1) | Redeem(: 0x7E9Cbcc6f64Eb544D17b0448DC226...",yes,,,,
C11,arithmetic,test,yes,0x4c684fb2618c29743531dec9253ede1b757bda0b323dc2f305e3b50ab1773da7,76,7,75,              [CALL] 0x0ee4b2..89f6.redeemAllowed(),CALL,0x0ee4b2C533ED3fFbd9f04CD7E812A4041bbE89f6,,redeemAllowed,yes,,53562,Return,"0x5578f2E245e932a599c46215a0cA88707230F17B, 0x7E9Cbcc6f64Eb544D17b0448DC226946b0e11596, 1",,,,,,
C11,arithmetic,test,yes,0x4c684fb2618c29743531dec9253ede1b757bda0b323dc2f305e3b50ab1773da7,77,8,76,                [DELEGATECALL] 0xcebC23..0276.redeemAllowed(),DELEGATECALL,0xcebC23A10Ccb6805C6c759c9e9538DdD01990276,,redeemAllowed,yes,,52884,Return,"0x5578f2E245e932a599c46215a0cA88707230F17B, 0x7E9Cbcc6f64Eb544D17b0448DC226946b0e11596, 1","DistributedSupplierComp(param0: 0x5578f2E245e932a599c46215a0cA88707230F17B, param1: 0x7E9Cbcc6f64Eb544D17b0448DC226946b0e11596, param2: 0, param3: 0)",,,,,
C11,arithmetic,test,yes,0x4c684fb2618c29743531dec9253ede1b757bda0b323dc2f305e3b50ab1773da7,78,9,77,                  [STATICCALL] 0x5578f2..F17B.getAccountSnapshot(),STATICCALL,0x5578f2E245e932a599c46215a0cA88707230F17B,victim,getAccountSnapshot,yes,,2739,Return,0x7E9Cbcc6f64Eb544D17b0448DC226946b0e11596,,,,,,
C11,arithmetic,test,yes,0x4c684fb2618c29743531dec9253ede1b757bda0b323dc2f305e3b50ab1773da7,79,9,77,                  [STATICCALL] 0xd0AF1C..3Bf4.getUnderlyingPrice(),STATICCALL,0xd0AF1C29E842B94490a78797342e3654E7833Bf4,,getUnderlyingPrice,yes,,9736,Return,0x5578f2E245e932a599c46215a0cA88707230F17B,,,,,,
C11,arithmetic,test,yes,0x4c684fb2618c29743531dec9253ede1b757bda0b323dc2f305e3b50ab1773da7,80,10,79,                    [STATICCALL] 0x5578f2..F17B.symbol(),STATICCALL,0x5578f2E245e932a599c46215a0cA88707230F17B,victim,symbol,yes,,1054,Return,,,,,,,
C11,arithmetic,test,yes,0x4c684fb2618c29743531dec9253ede1b757bda0b323dc2f305e3b50ab1773da7,81,10,79,                    [STATICCALL] 0x5578f2..F17B.symbol(),STATICCALL,0x5578f2E245e932a599c46215a0cA88707230F17B,victim,symbol,yes,,1054,Return,,,,,,,
C11,arithmetic,test,yes,0x4c684fb2618c29743531dec9253ede1b757bda0b323dc2f305e3b50ab1773da7,82,10,79,                    [STATICCALL] 0x5f4eC3..8419.latestRoundData(),STATICCALL,0x5f4eC3Df9cbd43714FE2740f5E3616155c5b8419,,latestRoundData,yes,,3235,Return,,,,,,,
C11,arithmetic,test,yes,0x4c684fb2618c29743531dec9253ede1b757bda0b323dc2f305e3b50ab1773da7,83,11,82,                      [STATICCALL] 0xE62B71..50CC.latestRoundData(),STATICCALL,0xE62B71cf983019BFf55bC83B48601ce8419650CC,,latestRoundData,yes,,1502,Return,,,,,,,
C11,arithmetic,test,yes,0x4c684fb2618c29743531dec9253ede1b757bda0b323dc2f305e3b50ab1773da7,84,9,77,                  [STATICCALL] 0x0D8Df7..601E.getAccountSnapshot(),STATICCALL,0x0D8Df79195EC37C6cD53036f9F8eE0c24b23601E,,getAccountSnapshot,yes,,7958,Return,0x7E9Cbcc6f64Eb544D17b0448DC226946b0e11596,,,,,,
C11,arithmetic,test,yes,0x4c684fb2618c29743531dec9253ede1b757bda0b323dc2f305e3b50ab1773da7,85,10,84,                    [STATICCALL] 0x0D8Df7..601E.delegateToImplementation(),STATICCALL,0x0D8Df79195EC37C6cD53036f9F8eE0c24b23601E,,delegateToImplementation,yes,,6489,Return,0xc37f68e20000000000000000000000007e9cbcc6f64eb544d17b0448dc226946b0e11596,,,,,,
C11,arithmetic,test,yes,0x4c684fb2618c29743531dec9253ede1b757bda0b323dc2f305e3b50ab1773da7,86,11,85,                      [DELEGATECALL] 0x5A3b0B..B791.getAccountSnapshot(),DELEGATECALL,0x5A3b0BAF4532d7e50D7f6a94b0F152B68153B791,,getAccountSnapshot,yes,,4620,Return,0x7E9Cbcc6f64Eb544D17b0448DC226946b0e11596,,,,,,
C11,arithmetic,test,yes,0x4c684fb2618c29743531dec9253ede1b757bda0b323dc2f305e3b50ab1773da7,87,12,86,                        [STATICCALL] 0x2260FA..C599.balanceOf(),STATICCALL,0x2260FAC5E5542a773Aa44fBCfeDf7C193bc2C599,,balanceOf,yes,,795,Return,0x0D8Df79195EC37C6cD53036f9F8eE0c24b23601E,,,,,,
C11,arithmetic,test,yes,0x4c684fb2618c29743531dec9253ede1b757bda0b323dc2f305e3b50ab1773da7,88,9,77,                  [STATICCALL] 0xd0AF1C..3Bf4.getUnderlyingPrice(),STATICCALL,0xd0AF1C29E842B94490a78797342e3654E7833Bf4,,getUnderlyingPrice,yes,,11802,Return,0x0D8Df79195EC37C6cD53036f9F8eE0c24b23601E,,,,,,
C11,arithmetic,test,yes,0x4c684fb2618c29743531dec9253ede1b757bda0b323dc2f305e3b50ab1773da7,89,10,88,                    [STATICCALL] 0x0D8Df7..601E.symbol(),STATICCALL,0x0D8Df79195EC37C6cD53036f9F8eE0c24b23601E,,symbol,yes,,1053,Return,,,,,,,
C11,arithmetic,test,yes,0x4c684fb2618c29743531dec9253ede1b757bda0b323dc2f305e3b50ab1773da7,90,10,88,                    [STATICCALL] 0x0D8Df7..601E.symbol(),STATICCALL,0x0D8Df79195EC37C6cD53036f9F8eE0c24b23601E,,symbol,yes,,1053,Return,,,,,,,
C11,arithmetic,test,yes,0x4c684fb2618c29743531dec9253ede1b757bda0b323dc2f305e3b50ab1773da7,91,10,88,                    [STATICCALL] 0x0D8Df7..601E.underlying(),STATICCALL,0x0D8Df79195EC37C6cD53036f9F8eE0c24b23601E,,underlying,yes,,424,Return,,,,,,,
C11,arithmetic,test,yes,0x4c684fb2618c29743531dec9253ede1b757bda0b323dc2f305e3b50ab1773da7,92,10,88,                    [STATICCALL] 0x0D8Df7..601E.underlying(),STATICCALL,0x0D8Df79195EC37C6cD53036f9F8eE0c24b23601E,,underlying,yes,,424,Return,,,,,,,
C11,arithmetic,test,yes,0x4c684fb2618c29743531dec9253ede1b757bda0b323dc2f305e3b50ab1773da7,93,10,88,                    [STATICCALL] 0xF40300..E88c.latestRoundData(),STATICCALL,0xF4030086522a5bEEa4988F8cA5B36dbC97BeE88c,,latestRoundData,yes,,3235,Return,,,,,,,
C11,arithmetic,test,yes,0x4c684fb2618c29743531dec9253ede1b757bda0b323dc2f305e3b50ab1773da7,94,11,93,                      [STATICCALL] 0xdBe194..4D2d.latestRoundData(),STATICCALL,0xdBe1941BFbe4410D6865b9b7078e0b49af144D2d,,latestRoundData,yes,,1502,Return,,,,,,,
C11,arithmetic,test,yes,0x4c684fb2618c29743531dec9253ede1b757bda0b323dc2f305e3b50ab1773da7,95,9,77,                  [STATICCALL] 0x5578f2..F17B.balanceOf(),STATICCALL,0x5578f2E245e932a599c46215a0cA88707230F17B,victim,balanceOf,yes,,530,Return,0x7E9Cbcc6f64Eb544D17b0448DC226946b0e11596,,,,,,
C11,arithmetic,test,yes,0x4c684fb2618c29743531dec9253ede1b757bda0b323dc2f305e3b50ab1773da7,96,7,75,              [CALL] 0x7E9Cbc..1596.receive() value=99999999999599999999,CALL,0x7E9Cbcc6f64Eb544D17b0448DC226946b0e11596,,receive,yes,99999999999599999999,0,Stop,,,,,,,
C11,arithmetic,test,yes,0x4c684fb2618c29743531dec9253ede1b757bda0b323dc2f305e3b50ab1773da7,97,7,75,              [CALL] 0x0ee4b2..89f6.redeemVerify(),CALL,0x0ee4b2C533ED3fFbd9f04CD7E812A4041bbE89f6,,redeemVerify,yes,,1047,Return,"0x5578f2E245e932a599c46215a0cA88707230F17B, 0x7E9Cbcc6f64Eb544D17b0448DC226946b0e11596, 99999999999599999999 [9.999e19], 1",,,,,,
C11,arithmetic,test,yes,0x4c684fb2618c29743531dec9253ede1b757bda0b323dc2f305e3b50ab1773da7,98,8,97,                [DELEGATECALL] 0xcebC23..0276.redeemVerify(),DELEGATECALL,0xcebC23A10Ccb6805C6c759c9e9538DdD01990276,,redeemVerify,yes,,446,Stop,"0x5578f2E245e932a599c46215a0cA88707230F17B, 0x7E9Cbcc6f64Eb544D17b0448DC226946b0e11596, 99999999999599999999 [9.999e19], 1",,,,,,
C11,arithmetic,test,yes,0x4c684fb2618c29743531dec9253ede1b757bda0b323dc2f305e3b50ab1773da7,99,6,13,            [CALL] 0x80a641..58Ca.receive() value=99999999999599999999,CALL,0x80a6419Cb8E7d1Ef1AF074368F7eAce1AE2358Ca,attack_contract,receive,yes,99999999999599999999,62,Stop,,,,,,,
C11,arithmetic,test,yes,0x4c684fb2618c29743531dec9253ede1b757bda0b323dc2f305e3b50ab1773da7,100,5,8,          [CALL] 0xC02aaA..6Cc2.deposit() value=99999999999599999999,CALL,0xC02aaA39b223FE8D0A0e5C4F27eAD9083C756Cc2,,deposit,yes,99999999999599999999,21974,Stop,,"Deposit(param0: 0x80a6419Cb8E7d1Ef1AF074368F7eAce1AE2358Ca, param1: 99999999999599999999 [9.999e19])",,,,,
C11,arithmetic,test,yes,0x4c684fb2618c29743531dec9253ede1b757bda0b323dc2f305e3b50ab1773da7,101,5,8,          [STATICCALL] 0x0D8Df7..601E.underlying(),STATICCALL,0x0D8Df79195EC37C6cD53036f9F8eE0c24b23601E,,underlying,yes,,424,Return,,,,,,,
C11,arithmetic,test,yes,0x4c684fb2618c29743531dec9253ede1b757bda0b323dc2f305e3b50ab1773da7,102,5,8,          [CALL] 0x2260FA..C599.approve(),CALL,0x2260FAC5E5542a773Aa44fBCfeDf7C193bc2C599,,approve,yes,,24724,Return,"0x7a250d5630B4cF539739dF2C5dAcb4c659F2488D, 115792089237316195423570985008687907853269984665640564039457584007913129639935 [1.157e77]","Approval(owner: 0x80a6419Cb8E7d1Ef1AF074368F7eAce1AE2358Ca, spender: 0x7a250d5630B4cF539739dF2C5dAcb4c659F2488D, amount: 115792089237316195423570985008687907853...",,,,,
C11,arithmetic,test,yes,0x4c684fb2618c29743531dec9253ede1b757bda0b323dc2f305e3b50ab1773da7,103,5,8,          [STATICCALL] 0x2260FA..C599.balanceOf(),STATICCALL,0x2260FAC5E5542a773Aa44fBCfeDf7C193bc2C599,,balanceOf,yes,,795,Return,0x80a6419Cb8E7d1Ef1AF074368F7eAce1AE2358Ca,,,,,,
C11,arithmetic,test,yes,0x4c684fb2618c29743531dec9253ede1b757bda0b323dc2f305e3b50ab1773da7,104,5,8,          [CALL] 0x7a250d..488D.swapExactTokensForTokens(),CALL,0x7a250d5630B4cF539739dF2C5dAcb4c659F2488D,,swapExactTokensForTokens,yes,,63237,Return,"10999999 [1.099e7], 0, [0x2260FAC5E5542a773Aa44fBCfeDf7C193bc2C599, 0xC02aaA39b223FE8D0A0e5C4F27eAD9083C756Cc2], 0x80a6419Cb8E7d1Ef1AF074368F7eAce1AE2358Ca, 170...",,,,,,
C11,arithmetic,test,yes,0x4c684fb2618c29743531dec9253ede1b757bda0b323dc2f305e3b50ab1773da7,105,6,104,            [STATICCALL] 0xBb2b80..D940.getReserves(),STATICCALL,0xBb2b8038a1640196FbE3e38816F3e67Cba72D940,,getReserves,yes,,2504,Return,,,,,,,
C11,arithmetic,test,yes,0x4c684fb2618c29743531dec9253ede1b757bda0b323dc2f305e3b50ab1773da7,106,6,104,            [CALL] 0x2260FA..C599.transferFrom(),CALL,0x2260FAC5E5542a773Aa44fBCfeDf7C193bc2C599,,transferFrom,yes,,9770,Return,"0x80a6419Cb8E7d1Ef1AF074368F7eAce1AE2358Ca, 0xBb2b8038a1640196FbE3e38816F3e67Cba72D940, 10999999 [1.099e7]","Transfer(from: 0x80a6419Cb8E7d1Ef1AF074368F7eAce1AE2358Ca, to: 0xBb2b8038a1640196FbE3e38816F3e67Cba72D940, amount: 10999999 [1.099e7])",,,,,
C11,arithmetic,test,yes,0x4c684fb2618c29743531dec9253ede1b757bda0b323dc2f305e3b50ab1773da7,107,6,104,            [CALL] 0xBb2b80..D940.swap(),CALL,0xBb2b8038a1640196FbE3e38816F3e67Cba72D940,,swap,yes,,40714,Stop,"0, 1984144102321156165 [1.984e18], 0x80a6419Cb8E7d1Ef1AF074368F7eAce1AE2358Ca, 0x","Sync(: 10953929123 [1.095e10], : 1979789391570442162608 [1.979e21]) | Swap(param0: 0x7a250d5630B4cF539739dF2C5dAcb4c659F2488D, param1: 10999999 [1.099e7], param...",,,,,
C11,arithmetic,test,yes,0x4c684fb2618c29743531dec9253ede1b757bda0b323dc2f305e3b50ab1773da7,108,7,107,              [CALL] 0xC02aaA..6Cc2.transfer(),CALL,0xC02aaA39b223FE8D0A0e5C4F27eAD9083C756Cc2,,transfer,yes,,8062,Return,"0x80a6419Cb8E7d1Ef1AF074368F7eAce1AE2358Ca, 1984144102321156165 [1.984e18]","Transfer(from: 0xBb2b8038a1640196FbE3e38816F3e67Cba72D940, to: 0x80a6419Cb8E7d1Ef1AF074368F7eAce1AE2358Ca, amount: 1984144102321156165 [1.984e18])",,,,,
C11,arithmetic,test,yes,0x4c684fb2618c29743531dec9253ede1b757bda0b323dc2f305e3b50ab1773da7,109,7,107,              [STATICCALL] 0x2260FA..C599.balanceOf(),STATICCALL,0x2260FAC5E5542a773Aa44fBCfeDf7C193bc2C599,,balanceOf,yes,,795,Return,0xBb2b8038a1640196FbE3e38816F3e67Cba72D940,,,,,,
C11,arithmetic,test,yes,0x4c684fb2618c29743531dec9253ede1b757bda0b323dc2f305e3b50ab1773da7,110,7,107,              [STATICCALL] 0xC02aaA..6Cc2.balanceOf(),STATICCALL,0xC02aaA39b223FE8D0A0e5C4F27eAD9083C756Cc2,,balanceOf,yes,,534,Return,0xBb2b8038a1640196FbE3e38816F3e67Cba72D940,,,,,,
C11,arithmetic,test,yes,0x4c684fb2618c29743531dec9253ede1b757bda0b323dc2f305e3b50ab1773da7,111,5,8,          [CALL] 0xC02aaA..6Cc2.approve(),CALL,0xC02aaA39b223FE8D0A0e5C4F27eAD9083C756Cc2,,approve,yes,,24420,Return,"0xC13e21B648A5Ee794902342038FF3aDAB66BE987, 100000000000000000000 [1e20]","Approval(owner: 0x80a6419Cb8E7d1Ef1AF074368F7eAce1AE2358Ca, spender: 0xC13e21B648A5Ee794902342038FF3aDAB66BE987, amount: 100000000000000000000 [1e20])",,,,,
C11,arithmetic,test,yes,0x4c684fb2618c29743531dec9253ede1b757bda0b323dc2f305e3b50ab1773da7,112,4,4,        [STATICCALL] 0x2e7576..e70d.scaledTotalSupply(),STATICCALL,0x2e7576042566f8D6990e07A1B61Ad1efd86Ae70d,,scaledTotalSupply,yes,,7468,Return,,,,,,,
C11,arithmetic,test,yes,0x4c684fb2618c29743531dec9253ede1b757bda0b323dc2f305e3b50ab1773da7,113,5,112,          [DELEGATECALL] 0x86C717..b985.scaledTotalSupply(),DELEGATECALL,0x86C71796CcDB31c3997F8Ec5C2E3dB3e9e40b985,,scaledTotalSupply,yes,,2419,Return,,,,,,,
C11,arithmetic,test,yes,0x4c684fb2618c29743531dec9253ede1b757bda0b323dc2f305e3b50ab1773da7,114,4,4,        [STATICCALL] 0x3c6b93..bD05.getSupplyData(),STATICCALL,0x3c6b93D38ffA15ea995D1BC950d5D0Fa6b22bD05,,getSupplyData,yes,,9982,Return,,,,,,,
C11,arithmetic,test,yes,0x4c684fb2618c29743531dec9253ede1b757bda0b323dc2f305e3b50ab1773da7,115,5,114,          [DELEGATECALL] 0x026a5B..540E.getSupplyData(),DELEGATECALL,0x026a5B6114431d8F3eF2fA0E1B2EDdDccA9c540E,,getSupplyData,yes,,4921,Return,,,,,,,
C11,arithmetic,test,yes,0x4c684fb2618c29743531dec9253ede1b757bda0b323dc2f305e3b50ab1773da7,116,4,4,        [STATICCALL] 0x59cD1C..71DB.totalSupply(),STATICCALL,0x59cD1C87501baa753d0B5B5Ab5D8416A45cD71DB,,totalSupply,yes,,4822,Return,,,,,,,
C11,arithmetic,test,yes,0x4c684fb2618c29743531dec9253ede1b757bda0b323dc2f305e3b50ab1773da7,117,5,116,          [DELEGATECALL] 0x6175dd..9cC6.totalSupply(),DELEGATECALL,0x6175ddEc3B9b38c88157C10A01ed4A3fa8639cC6,,totalSupply,yes,,4305,Return,,,,,,,
C11,arithmetic,test,yes,0x4c684fb2618c29743531dec9253ede1b757bda0b323dc2f305e3b50ab1773da7,118,6,117,            [STATICCALL] 0xC13e21..E987.getReserveNormalizedIncome(),STATICCALL,0xC13e21B648A5Ee794902342038FF3aDAB66BE987,,getReserveNormalizedIncome,yes,,1340,Return,0xC02aaA39b223FE8D0A0e5C4F27eAD9083C756Cc2,,,,,,
C11,arithmetic,test,yes,0x4c684fb2618c29743531dec9253ede1b757bda0b323dc2f305e3b50ab1773da7,119,7,118,              [DELEGATECALL] 0x811536..7115.getReserveNormalizedIncome(),DELEGATECALL,0x8115366Ca7Cf280a760f0bC0F6Db3026e2437115,,getReserveNormalizedIncome,yes,,788,Return,0xC02aaA39b223FE8D0A0e5C4F27eAD9083C756Cc2,,,,,,
C11,arithmetic,test,yes,0x4c684fb2618c29743531dec9253ede1b757bda0b323dc2f305e3b50ab1773da7,120,4,4,        [STATICCALL] 0xeCe550..e55c.calculateInterestRates(),STATICCALL,0xeCe550fB709C85CE9FC999A033447Ee2DF3ce55c,,calculateInterestRates,yes,,5093,Return,"(0, 100000000000000000000 [1e20], 0, 0, 106658905633387707893044 [1.066e23], 0, 500, 0xC02aaA39b223FE8D0A0e5C4F27eAD9083C756Cc2, 0x59cD1C87501baa753d0B5B5Ab5D84...",,,,,,
C11,arithmetic,test,yes,0x4c684fb2618c29743531dec9253ede1b757bda0b323dc2f305e3b50ab1773da7,121,5,120,          [STATICCALL] 0xC02aaA..6Cc2.balanceOf(),STATICCALL,0xC02aaA39b223FE8D0A0e5C4F27eAD9083C756Cc2,,balanceOf,yes,,534,Return,0x59cD1C87501baa753d0B5B5Ab5D8416A45cD71DB,,,,,,
C11,arithmetic,test,yes,0x4c684fb2618c29743531dec9253ede1b757bda0b323dc2f305e3b50ab1773da7,122,4,4,        [CALL] 0xC02aaA..6Cc2.transferFrom(),CALL,0xC02aaA39b223FE8D0A0e5C4F27eAD9083C756Cc2,,transferFrom,yes,,4148,Return,"0x80a6419Cb8E7d1Ef1AF074368F7eAce1AE2358Ca, 0x59cD1C87501baa753d0B5B5Ab5D8416A45cD71DB, 100000000000000000000 [1e20]","Transfer(from: 0x80a6419Cb8E7d1Ef1AF074368F7eAce1AE2358Ca, to: 0x59cD1C87501baa753d0B5B5Ab5D8416A45cD71DB, amount: 100000000000000000000 [1e20])",,,,,
C11,arithmetic,test,yes,0x4c684fb2618c29743531dec9253ede1b757bda0b323dc2f305e3b50ab1773da7,123,4,4,        [CALL] 0x59cD1C..71DB.handleRepayment(),CALL,0x59cD1C87501baa753d0B5B5Ab5D8416A45cD71DB,,handleRepayment,yes,,1136,Return,"0x80a6419Cb8E7d1Ef1AF074368F7eAce1AE2358Ca, 0x80a6419Cb8E7d1Ef1AF074368F7eAce1AE2358Ca, 100000000000000000000 [1e20]",,,,,,
C11,arithmetic,test,yes,0x4c684fb2618c29743531dec9253ede1b757bda0b323dc2f305e3b50ab1773da7,124,5,123,          [DELEGATECALL] 0x6175dd..9cC6.handleRepayment(),DELEGATECALL,0x6175ddEc3B9b38c88157C10A01ed4A3fa8639cC6,,handleRepayment,yes,,578,Stop,"0x80a6419Cb8E7d1Ef1AF074368F7eAce1AE2358Ca, 0x80a6419Cb8E7d1Ef1AF074368F7eAce1AE2358Ca, 100000000000000000000 [1e20]",,,,,,
C11,arithmetic,test,yes,0x4c684fb2618c29743531dec9253ede1b757bda0b323dc2f305e3b50ab1773da7,125,1,1,  [STATICCALL] 0xC02aaA..6Cc2.balanceOf(),STATICCALL,0xC02aaA39b223FE8D0A0e5C4F27eAD9083C756Cc2,,balanceOf,yes,,534,Return,0x80a6419Cb8E7d1Ef1AF074368F7eAce1AE2358Ca,,,,,,
C11,arithmetic,test,yes,0x4c684fb2618c29743531dec9253ede1b757bda0b323dc2f305e3b50ab1773da7,126,1,1,  [CALL] 0xC02aaA..6Cc2.withdraw(),CALL,0xC02aaA39b223FE8D0A0e5C4F27eAD9083C756Cc2,,withdraw,yes,,9202,Stop,1984144101921156164 [1.984e18],"Withdrawal(param0: 0x80a6419Cb8E7d1Ef1AF074368F7eAce1AE2358Ca, param1: 1984144101921156164 [1.984e18])",,,,,
C11,arithmetic,test,yes,0x4c684fb2618c29743531dec9253ede1b757bda0b323dc2f305e3b50ab1773da7,127,2,126,    [CALL] 0x80a641..58Ca.receive() value=1984144101921156164,CALL,0x80a6419Cb8E7d1Ef1AF074368F7eAce1AE2358Ca,attack_contract,receive,yes,1984144101921156164,62,Stop,,,,,,,
C11,arithmetic,test,yes,0x4c684fb2618c29743531dec9253ede1b757bda0b323dc2f305e3b50ab1773da7,128,1,1,  [CALL] 0x0c0634..F6eb.receive() value=1984144101921156164,CALL,0x0c06340f5024C114Fe196Fcb38e42D20ab00F6eb,attacker,receive,yes,1984144101921156164,0,Stop,,,,,,,
C12,arithmetic,test,yes,0x2a027c8b915c3737942f512fc5d26fd15752d0332353b3059de771a35a606c2d,1,0,,[CALL] 0x2100dC..44f0.3b7c1299(),CALL,0x2100dCd8758aB8B89b9b545A43A1E47e8e2944f0,attack_contract,3b7c1299,no,,1951270,Stop,00000000000000000000000000000000000000000000000000000000000000a000000000000000000000000000000000000000000000000000000000000001a000000000000000000000000000000000...,,,,,,
C12,arithmetic,test,yes,0x2a027c8b915c3737942f512fc5d26fd15752d0332353b3059de771a35a606c2d,2,1,1,  [STATICCALL] 0xBA1222..F2C8.getPool(),STATICCALL,0xBA12222222228d8Ba445958a75a0704d566BF2C8,,getPool,yes,,2927,Return,0x9210f1204b5a24742eba12f710636d76240df3d00000000000000000000000fc,,,,,,
C12,arithmetic,test,yes,0x2a027c8b915c3737942f512fc5d26fd15752d0332353b3059de771a35a606c2d,3,1,1,  [STATICCALL] 0xBA1222..F2C8.getPool(),STATICCALL,0xBA12222222228d8Ba445958a75a0704d566BF2C8,,getPool,yes,,2927,Return,0x7b50775383d3d6f0215a8f290f2c9e2eebbeceb20000000000000000000000fe,,,,,,
C12,arithmetic,test,yes,0x2a027c8b915c3737942f512fc5d26fd15752d0332353b3059de771a35a606c2d,4,1,1,  [STATICCALL] 0xBA1222..F2C8.getPool(),STATICCALL,0xBA12222222228d8Ba445958a75a0704d566BF2C8,,getPool,yes,,2927,Return,0x804cdb9116a10bb78768d3252355a1b18067bf8f0000000000000000000000fb,,,,,,
C12,arithmetic,test,yes,0x2a027c8b915c3737942f512fc5d26fd15752d0332353b3059de771a35a606c2d,5,1,1,  [STATICCALL] 0xBA1222..F2C8.getPool(),STATICCALL,0xBA12222222228d8Ba445958a75a0704d566BF2C8,,getPool,yes,,2927,Return,0x2bbf681cc4eb09218bee85ea2a5d3d13fa40fc0c0000000000000000000000fd,,,,,,
C12,arithmetic,test,yes,0x2a027c8b915c3737942f512fc5d26fd15752d0332353b3059de771a35a606c2d,6,1,1,  [CALL] 0x87870B..A4E2.flashLoan(),CALL,0x87870Bca3F3fD6335C3F4ce8392D69350B4fA4E2,,flashLoan,yes,,1579678,Return,"0x2100dCd8758aB8B89b9b545A43A1E47e8e2944f0, [0xA0b86991c6218b36c1d19D4a2e9Eb0cE3606eB48], [300000000000 [3e11]], [0, 0], 0x2100dCd8758aB8B89b9b545A43A1E47e8e294...",,,,,,
C12,arithmetic,test,yes,0x2a027c8b915c3737942f512fc5d26fd15752d0332353b3059de771a35a606c2d,7,2,6,    [DELEGATECALL] 0xF1Cd41..a621.flashLoan(),DELEGATECALL,0xF1Cd4193bbc1aD4a23E833170f49d60f3D35a621,,flashLoan,yes,,1574518,Stop,"0x2100dCd8758aB8B89b9b545A43A1E47e8e2944f0, [0xA0b86991c6218b36c1d19D4a2e9Eb0cE3606eB48], [300000000000 [3e11]], [0, 0], 0x2100dCd8758aB8B89b9b545A43A1E47e8e294...",,,,,,
C12,arithmetic,test,yes,0x2a027c8b915c3737942f512fc5d26fd15752d0332353b3059de771a35a606c2d,8,3,7,      [STATICCALL] 0x2f39d2..4E9e.getACLManager(),STATICCALL,0x2f39d218133AFaB8F2B819B1066c7E434Ad94E9e,,getACLManager,yes,,2359,Return,,,,,,,
C12,arithmetic,test,yes,0x2a027c8b915c3737942f512fc5d26fd15752d0332353b3059de771a35a606c2d,9,3,7,      [STATICCALL] 0xc2aaCf..85b0.isFlashBorrower(),STATICCALL,0xc2aaCf6553D20d1e9d78E365AAba8032af9c85b0,,isFlashBorrower,yes,,2658,Return,0x2100dCd8758aB8B89b9b545A43A1E47e8e2944f0,,,,,,
C12,arithmetic,test,yes,0x2a027c8b915c3737942f512fc5d26fd15752d0332353b3059de771a35a606c2d,10,3,7,      [DELEGATECALL] 0x0A6227..5c8b.2e7263ea(),DELEGATECALL,0x0A62276bFBF1Ad8443f37Da8630d407408085c8b,,2e7263ea,no,,1549398,Stop,0000000000000000000000000000000000000000000000000000000000000034000000000000000000000000000000000000000000000000000000000000003600000000000000000000000000000000...,"ReserveDataUpdated(param0: 0xA0b86991c6218b36c1d19D4a2e9Eb0cE3606eB48, param1: 26226655753588747715659766 [2.622e25], param2: 49809112432968832517034367 [4.98e2...",,,,,
C12,arithmetic,test,yes,0x2a027c8b915c3737942f512fc5d26fd15752d0332353b3059de771a35a606c2d,11,4,10,        [CALL] 0x98C23E..6F5c.transferUnderlyingTo(),CALL,0x98C23E9d8f34FEFb1B7BD6a91B7FF122F4e16F5c,,transferUnderlyingTo,yes,,54501,Return,"0x2100dCd8758aB8B89b9b545A43A1E47e8e2944f0, 300000000000 [3e11]",,,,,,
C12,arithmetic,test,yes,0x2a027c8b915c3737942f512fc5d26fd15752d0332353b3059de771a35a606c2d,12,5,11,          [DELEGATECALL] 0x7EfFD7..fF3d.transferUnderlyingTo(),DELEGATECALL,0x7EfFD7b47Bfd17e52fB7559d3f924201b9DbfF3d,,transferUnderlyingTo,yes,,49481,Stop,"0x2100dCd8758aB8B89b9b545A43A1E47e8e2944f0, 300000000000 [3e11]",,,,,,
C12,arithmetic,test,yes,0x2a027c8b915c3737942f512fc5d26fd15752d0332353b3059de771a35a606c2d,13,6,12,            [CALL] 0xA0b869..eB48.transfer(),CALL,0xA0b86991c6218b36c1d19D4a2e9Eb0cE3606eB48,,transfer,yes,,44017,Return,"0x2100dCd8758aB8B89b9b545A43A1E47e8e2944f0, 300000000000 [3e11]",,,,,,
C12,arithmetic,test,yes,0x2a027c8b915c3737942f512fc5d26fd15752d0332353b3059de771a35a606c2d,14,7,13,              [DELEGATECALL] 0xa2327a..bDCF.transfer(),DELEGATECALL,0xa2327a938Febf5FEC13baCFb16Ae10EcBc4cbDCF,,transfer,yes,,36728,Return,"0x2100dCd8758aB8B89b9b545A43A1E47e8e2944f0, 300000000000 [3e11]","Transfer(from: 0x98C23E9d8f34FEFb1B7BD6a91B7FF122F4e16F5c, to: 0x2100dCd8758aB8B89b9b545A43A1E47e8e2944f0, amount: 300000000000 [3e11])",,,,,
C12,arithmetic,test,yes,0x2a027c8b915c3737942f512fc5d26fd15752d0332353b3059de771a35a606c2d,15,4,10,        [CALL] 0x2100dC..44f0.executeOperation(),CALL,0x2100dCd8758aB8B89b9b545A43A1E47e8e2944f0,attack_contract,executeOperation,yes,,1389226,Return,"[0xA0b86991c6218b36c1d19D4a2e9Eb0cE3606eB48], [300000000000 [3e11]], [150000000 [1.5e8]], 0x2100dCd8758aB8B89b9b545A43A1E47e8e2944f0, 0x000000000000000000000000...",,,,,,
C12,arithmetic,test,yes,0x2a027c8b915c3737942f512fc5d26fd15752d0332353b3059de771a35a606c2d,16,5,15,          [STATICCALL] 0xBA1222..F2C8.getPoolTokens(),STATICCALL,0xBA12222222228d8Ba445958a75a0704d566BF2C8,,getPoolTokens,yes,,19557,Return,0x9210f1204b5a24742eba12f710636d76240df3d00000000000000000000000fc,,,,,,
C12,arithmetic,test,yes,0x2a027c8b915c3737942f512fc5d26fd15752d0332353b3059de771a35a606c2d,17,5,15,          [CALL] 0xA0b869..eB48.approve(),CALL,0xA0b86991c6218b36c1d19D4a2e9Eb0cE3606eB48,,approve,yes,,27867,Return,"0xBA12222222228d8Ba445958a75a0704d566BF2C8, 115792089237316195423570985008687907853269984665640564039457584007913129639935 [1.157e77]",,,,,,
C12,arithmetic,test,yes,0x2a027c8b915c3737942f512fc5d26fd15752d0332353b3059de771a35a606c2d,18,6,17,            [DELEGATECALL] 0xa2327a..bDCF.approve(),DELEGATECALL,0xa2327a938Febf5FEC13baCFb16Ae10EcBc4cbDCF,,approve,yes,,27078,Return,"0xBA12222222228d8Ba445958a75a0704d566BF2C8, 115792089237316195423570985008687907853269984665640564039457584007913129639935 [1.157e77]","Approval(owner: 0x2100dCd8758aB8B89b9b545A43A1E47e8e2944f0, spender: 0xBA12222222228d8Ba445958a75a0704d566BF2C8, amount: 115792089237316195423570985008687907853...",,,,,
C12,arithmetic,test,yes,0x2a027c8b915c3737942f512fc5d26fd15752d0332353b3059de771a35a606c2d,19,5,15,          [STATICCALL] 0xA0b869..eB48.balanceOf(),STATICCALL,0xA0b86991c6218b36c1d19D4a2e9Eb0cE3606eB48,,balanceOf,yes,,1315,Return,0x2100dCd8758aB8B89b9b545A43A1E47e8e2944f0,,,,,,
C12,arithmetic,test,yes,0x2a027c8b915c3737942f512fc5d26fd15752d0332353b3059de771a35a606c2d,20,6,19,            [DELEGATECALL] 0xa2327a..bDCF.balanceOf(),DELEGATECALL,0xa2327a938Febf5FEC13baCFb16Ae10EcBc4cbDCF,,balanceOf,yes,,529,Return,0x2100dCd8758aB8B89b9b545A43A1E47e8e2944f0,,,,,,
C12,arithmetic,test,yes,0x2a027c8b915c3737942f512fc5d26fd15752d0332353b3059de771a35a606c2d,21,5,15,          [CALL] 0xBA1222..F2C8.swap(),CALL,0xBA12222222228d8Ba445958a75a0704d566BF2C8,,swap,yes,,145246,Return,"(0x9210f1204b5a24742eba12f710636d76240df3d00000000000000000000000fc, 1, 0xA0b86991c6218b36c1d19D4a2e9Eb0cE3606eB48, 0xd093fA4Fb80D09bB30817FDcd442d4d02eD3E5de, ...",topic 0: 0x2170c741c41531aec20e7c107c24eecfdd15e69c9bb0a8dd37b1840b9e0b207b topic 1: 0x9210f1204b5a24742eba12f710636d76240df3d00000000000000000000000fc topic 2:...,,,,,
C12,arithmetic,test,yes,0x2a027c8b915c3737942f512fc5d26fd15752d0332353b3059de771a35a606c2d,22,6,21,            [CALL] 0x9210F1..F3d0.onSwap(),CALL,0x9210F1204b5a24742Eba12f710636D76240dF3d0,victim,onSwap,yes,,26113,Return,"(1, 0xA0b86991c6218b36c1d19D4a2e9Eb0cE3606eB48, 0xd093fA4Fb80D09bB30817FDcd442d4d02eD3E5de, 970495 [9.704e5], 0x9210f1204b5a24742eba12f710636d76240df3d000000000...",,yes,,,,
C12,arithmetic,test,yes,0x2a027c8b915c3737942f512fc5d26fd15752d0332353b3059de771a35a606c2d,23,7,22,              [STATICCALL] 0x7d2768..c7A9.getReserveNormalizedIncome(),STATICCALL,0x7d2768dE32b0b80b7a3454c06BdAc94A69DDc7A9,,getReserveNormalizedIncome,yes,,12856,Return,0xA0b86991c6218b36c1d19D4a2e9Eb0cE3606eB48,,,,,,
C12,arithmetic,test,yes,0x2a027c8b915c3737942f512fc5d26fd15752d0332353b3059de771a35a606c2d,24,8,23,                [DELEGATECALL] 0xC6845a..5baf.getReserveNormalizedIncome(),DELEGATECALL,0xC6845a5C768BF8D7681249f8927877Efda425baf,,getReserveNormalizedIncome,yes,,7745,Return,0xA0b86991c6218b36c1d19D4a2e9Eb0cE3606eB48,,,,,,
C12,arithmetic,test,yes,0x2a027c8b915c3737942f512fc5d26fd15752d0332353b3059de771a35a606c2d,25,6,21,            [CALL] 0xA0b869..eB48.transferFrom(),CALL,0xA0b86991c6218b36c1d19D4a2e9Eb0cE3606eB48,,transferFrom,yes,,10792,Return,"0x2100dCd8758aB8B89b9b545A43A1E47e8e2944f0, 0xBA12222222228d8Ba445958a75a0704d566BF2C8, 1067753 [1.067e6]",,,,,,
C12,arithmetic,test,yes,0x2a027c8b915c3737942f512fc5d26fd15752d0332353b3059de771a35a606c2d,26,7,25,              [DELEGATECALL] 0xa2327a..bDCF.transferFrom(),DELEGATECALL,0xa2327a938Febf5FEC13baCFb16Ae10EcBc4cbDCF,,transferFrom,yes,,9997,Return,"0x2100dCd8758aB8B89b9b545A43A1E47e8e2944f0, 0xBA12222222228d8Ba445958a75a0704d566BF2C8, 1067753 [1.067e6]","Transfer(from: 0x2100dCd8758aB8B89b9b545A43A1E47e8e2944f0, to: 0xBA12222222228d8Ba445958a75a0704d566BF2C8, amount: 1067753 [1.067e6])",,,,,
C12,arithmetic,test,yes,0x2a027c8b915c3737942f512fc5d26fd15752d0332353b3059de771a35a606c2d,27,6,21,            [CALL] 0xd093fA..E5de.transfer(),CALL,0xd093fA4Fb80D09bB30817FDcd442d4d02eD3E5de,,transfer,yes,,72584,Return,"0x2100dCd8758aB8B89b9b545A43A1E47e8e2944f0, 970495 [9.704e5]",,,,,,
C12,arithmetic,test,yes,0x2a027c8b915c3737942f512fc5d26fd15752d0332353b3059de771a35a606c2d,28,7,27,              [DELEGATECALL] 0x7B6e13..60D0.transfer(),DELEGATECALL,0x7B6e135e8881580Bcc818178De863BD0be1360D0,,transfer,yes,,65314,Return,"0x2100dCd8758aB8B89b9b545A43A1E47e8e2944f0, 970495 [9.704e5]","Transfer(from: 0xBA12222222228d8Ba445958a75a0704d566BF2C8, to: 0x2100dCd8758aB8B89b9b545A43A1E47e8e2944f0, amount: 970495 [9.704e5])",,,,,
C12,arithmetic,test,yes,0x2a027c8b915c3737942f512fc5d26fd15752d0332353b3059de771a35a606c2d,29,5,15,          [STATICCALL] 0xBA1222..F2C8.getPoolTokens(),STATICCALL,0xBA12222222228d8Ba445958a75a0704d566BF2C8,,getPoolTokens,yes,,5574,Return,0x9210f1204b5a24742eba12f710636d76240df3d00000000000000000000000fc,,,,,,
C12,arithmetic,test,yes,0x2a027c8b915c3737942f512fc5d26fd15752d0332353b3059de771a35a606c2d,30,5,15,          [CALL] 0xE39B5e..49d5.querySwap(),CALL,0xE39B5e3B6D74016b2F6A9673D7d7493B6DF549d5,,querySwap,yes,,39200,Return,"(0x9210f1204b5a24742eba12f710636d76240df3d00000000000000000000000fc, 1, 0x9210F1204b5a24742Eba12f710636D76240dF3d0, 0xA0b86991c6218b36c1d19D4a2e9Eb0cE3606eB48, ...",,,,,,
C12,arithmetic,test,yes,0x2a027c8b915c3737942f512fc5d26fd15752d0332353b3059de771a35a606c2d,31,6,30,            [CALL] 0xBA1222..F2C8.queryBatchSwap(),CALL,0xBA12222222228d8Ba445958a75a0704d566BF2C8,,queryBatchSwap,yes,,34329,Return,"1, [(0x9210f1204b5a24742eba12f710636d76240df3d00000000000000000000000fc, 0, 1, 107796952916 [1.077e11], 0x)], [0x9210F1204b5a24742Eba12f710636D76240dF3d0, 0xA0b...",,,,,,
C12,arithmetic,test,yes,0x2a027c8b915c3737942f512fc5d26fd15752d0332353b3059de771a35a606c2d,32,7,31,              [CALL] 0xBA1222..F2C8.queryBatchSwap(),CALL,0xBA12222222228d8Ba445958a75a0704d566BF2C8,,queryBatchSwap,yes,,30940,Revert,"1, [(0x9210f1204b5a24742eba12f710636d76240df3d00000000000000000000000fc, 0, 1, 107796952916 [1.077e11], 0x)], [0x9210F1204b5a24742Eba12f710636D76240dF3d0, 0xA0b...",topic 0: 0x2170c741c41531aec20e7c107c24eecfdd15e69c9bb0a8dd37b1840b9e0b207b topic 1: 0x9210f1204b5a24742eba12f710636d76240df3d00000000000000000000000fc topic 2:...,,,,,
C12,arithmetic,test,yes,0x2a027c8b915c3737942f512fc5d26fd15752d0332353b3059de771a35a606c2d,33,8,32,                [CALL] 0x9210F1..F3d0.onSwap(),CALL,0x9210F1204b5a24742Eba12f710636D76240dF3d0,victim,onSwap,yes,,11289,Return,"(1, 0x9210F1204b5a24742Eba12f710636D76240dF3d0, 0xA0b86991c6218b36c1d19D4a2e9Eb0cE3606eB48, 107796952916 [1.077e11], 0x9210f1204b5a24742eba12f710636d76240df3d00...",,yes,,,,
C12,arithmetic,test,yes,0x2a027c8b915c3737942f512fc5d26fd15752d0332353b3059de771a35a606c2d,34,9,33,                  [STATICCALL] 0x7d2768..c7A9.getReserveNormalizedIncome(),STATICCALL,0x7d2768dE32b0b80b7a3454c06BdAc94A69DDc7A9,,getReserveNormalizedIncome,yes,,2356,Return,0xA0b86991c6218b36c1d19D4a2e9Eb0cE3606eB48,,,,,,
C12,arithmetic,test,yes,0x2a027c8b915c3737942f512fc5d26fd15752d0332353b3059de771a35a606c2d,35,10,34,                    [DELEGATECALL] 0xC6845a..5baf.getReserveNormalizedIncome(),DELEGATECALL,0xC6845a5C768BF8D7681249f8927877Efda425baf,,getReserveNormalizedIncome,yes,,1745,Return,0xA0b86991c6218b36c1d19D4a2e9Eb0cE3606eB48,,,,,,
C12,arithmetic,test,yes,0x2a027c8b915c3737942f512fc5d26fd15752d0332353b3059de771a35a606c2d,36,5,15,          [CALL] 0xE39B5e..49d5.queryBatchSwap(),CALL,0xE39B5e3B6D74016b2F6A9673D7d7493B6DF549d5,,queryBatchSwap,yes,,41948,Return,"0, [(0x9210f1204b5a24742eba12f710636d76240df3d00000000000000000000000fc, 2, 0, 106520941720152868211419 [1.065e23], 0x)], [0xA0b86991c6218b36c1d19D4a2e9Eb0cE360...",,,,,,
C12,arithmetic,test,yes,0x2a027c8b915c3737942f512fc5d26fd15752d0332353b3059de771a35a606c2d,37,6,36,            [CALL] 0xBA1222..F2C8.queryBatchSwap(),CALL,0xBA12222222228d8Ba445958a75a0704d566BF2C8,,queryBatchSwap,yes,,35550,Return,"0, [(0x9210f1204b5a24742eba12f710636d76240df3d00000000000000000000000fc, 2, 0, 106520941720152868211419 [1.065e23], 0x)], [0xA0b86991c6218b36c1d19D4a2e9Eb0cE360...",,,,,,
C12,arithmetic,test,yes,0x2a027c8b915c3737942f512fc5d26fd15752d0332353b3059de771a35a606c2d,38,7,37,              [CALL] 0xBA1222..F2C8.queryBatchSwap(),CALL,0xBA12222222228d8Ba445958a75a0704d566BF2C8,,queryBatchSwap,yes,,31668,Revert,"0, [(0x9210f1204b5a24742eba12f710636d76240df3d00000000000000000000000fc, 2, 0, 106520941720152868211419 [1.065e23], 0x)], [0xA0b86991c6218b36c1d19D4a2e9Eb0cE360...",topic 0: 0x2170c741c41531aec20e7c107c24eecfdd15e69c9bb0a8dd37b1840b9e0b207b topic 1: 0x9210f1204b5a24742eba12f710636d76240df3d00000000000000000000000fc topic 2:...,,,,,
C12,arithmetic,test,yes,0x2a027c8b915c3737942f512fc5d26fd15752d0332353b3059de771a35a606c2d,39,8,38,                [CALL] 0x9210F1..F3d0.onSwap(),CALL,0x9210F1204b5a24742Eba12f710636D76240dF3d0,victim,onSwap,yes,,11537,Return,"(0, 0x9210F1204b5a24742Eba12f710636D76240dF3d0, 0xA0b86991c6218b36c1d19D4a2e9Eb0cE3606eB48, 106520941720152868211419 [1.065e23], 0x9210f1204b5a24742eba12f710636...",,yes,,,,
C12,arithmetic,test,yes,0x2a027c8b915c3737942f512fc5d26fd15752d0332353b3059de771a35a606c2d,40,9,39,                  [STATICCALL] 0x7d2768..c7A9.getReserveNormalizedIncome(),STATICCALL,0x7d2768dE32b0b80b7a3454c06BdAc94A69DDc7A9,,getReserveNormalizedIncome,yes,,2356,Return,0xA0b86991c6218b36c1d19D4a2e9Eb0cE3606eB48,,,,,,
C12,arithmetic,test,yes,0x2a027c8b915c3737942f512fc5d26fd15752d0332353b3059de771a35a606c2d,41,10,40,                    [DELEGATECALL] 0xC6845a..5baf.getReserveNormalizedIncome(),DELEGATECALL,0xC6845a5C768BF8D7681249f8927877Efda425baf,,getReserveNormalizedIncome,yes,,1745,Return,0xA0b86991c6218b36c1d19D4a2e9Eb0cE3606eB48,,,,,,
C12,arithmetic,test,yes,0x2a027c8b915c3737942f512fc5d26fd15752d0332353b3059de771a35a606c2d,42,5,15,          [STATICCALL] 0x9210F1..F3d0.getVirtualSupply(),STATICCALL,0x9210F1204b5a24742Eba12f710636D76240dF3d0,victim,getVirtualSupply,yes,,10870,Return,,,,,,,
C12,arithmetic,test,yes,0x2a027c8b915c3737942f512fc5d26fd15752d0332353b3059de771a35a606c2d,43,6,42,            [STATICCALL] 0xBA1222..F2C8.getPoolTokens(),STATICCALL,0xBA12222222228d8Ba445958a75a0704d566BF2C8,,getPoolTokens,yes,,5574,Return,0x9210f1204b5a24742eba12f710636d76240df3d00000000000000000000000fc,,,,,,
C12,arithmetic,test,yes,0x2a027c8b915c3737942f512fc5d26fd15752d0332353b3059de771a35a606c2d,44,5,15,          [CALL] 0x9210F1..F3d0.approve(),CALL,0x9210F1204b5a24742Eba12f710636D76240dF3d0,victim,approve,yes,,24650,Return,"0xBA12222222228d8Ba445958a75a0704d566BF2C8, 115792089237316195423570985008687907853269984665640564039457584007913129639935 [1.157e77]","Approval(owner: 0x2100dCd8758aB8B89b9b545A43A1E47e8e2944f0, spender: 0xBA12222222228d8Ba445958a75a0704d566BF2C8, amount: 115792089237316195423570985008687907853...",,,,,
C12,arithmetic,test,yes,0x2a027c8b915c3737942f512fc5d26fd15752d0332353b3059de771a35a606c2d,45,5,15,          [CALL] 0xBA1222..F2C8.batchSwap(),CALL,0xBA12222222228d8Ba445958a75a0704d566BF2C8,,batchSwap,yes,,599500,Return,"0, [(0x9210f1204b5a24742eba12f710636d76240df3d00000000000000000000000fc, 2, 0, 106520941720152868211419 [1.065e23], 0x), (0x9210f1204b5a24742eba12f710636d76240d...",topic 0: 0x2170c741c41531aec20e7c107c24eecfdd15e69c9bb0a8dd37b1840b9e0b207b topic 1: 0x9210f1204b5a24742eba12f710636d76240df3d00000000000000000000000fc topic 2:...,,,,,
C12,arithmetic,test,yes,0x2a027c8b915c3737942f512fc5d26fd15752d0332353b3059de771a35a606c2d,46,6,45,            [CALL] 0x9210F1..F3d0.onSwap(),CALL,0x9210F1204b5a24742Eba12f710636D76240dF3d0,victim,onSwap,yes,,11537,Return,"(0, 0x9210F1204b5a24742Eba12f710636D76240dF3d0, 0xA0b86991c6218b36c1d19D4a2e9Eb0cE3606eB48, 106520941720152868211419 [1.065e23], 0x9210f1204b5a24742eba12f710636...",,yes,,,,
C12,arithmetic,test,yes,0x2a027c8b915c3737942f512fc5d26fd15752d0332353b3059de771a35a606c2d,47,7,46,              [STATICCALL] 0x7d2768..c7A9.getReserveNormalizedIncome(),STATICCALL,0x7d2768dE32b0b80b7a3454c06BdAc94A69DDc7A9,,getReserveNormalizedIncome,yes,,2356,Return,0xA0b86991c6218b36c1d19D4a2e9Eb0cE3606eB48,,,,,,
C12,arithmetic,test,yes,0x2a027c8b915c3737942f512fc5d26fd15752d0332353b3059de771a35a606c2d,48,8,47,                [DELEGATECALL] 0xC6845a..5baf.getReserveNormalizedIncome(),DELEGATECALL,0xC6845a5C768BF8D7681249f8927877Efda425baf,,getReserveNormalizedIncome,yes,,1745,Return,0xA0b86991c6218b36c1d19D4a2e9Eb0cE3606eB48,,,,,,
C12,arithmetic,test,yes,0x2a027c8b915c3737942f512fc5d26fd15752d0332353b3059de771a35a606c2d,49,6,45,            [CALL] 0x9210F1..F3d0.onSwap(),CALL,0x9210F1204b5a24742Eba12f710636D76240dF3d0,victim,onSwap,yes,,11537,Return,"(0, 0x9210F1204b5a24742Eba12f710636D76240dF3d0, 0xA0b86991c6218b36c1d19D4a2e9Eb0cE3606eB48, 775114420171 [7.751e11], 0x9210f1204b5a24742eba12f710636d76240df3d00...",,yes,,,,
C12,arithmetic,test,yes,0x2a027c8b915c3737942f512fc5d26fd15752d0332353b3059de771a35a606c2d,50,7,49,              [STATICCALL] 0x7d2768..c7A9.getReserveNormalizedIncome(),STATICCALL,0x7d2768dE32b0b80b7a3454c06BdAc94A69DDc7A9,,getReserveNormalizedIncome,yes,,2356,Return,0xA0b86991c6218b36c1d19D4a2e9Eb0cE3606eB48,,,,,,
C12,arithmetic,test,yes,0x2a027c8b915c3737942f512fc5d26fd15752d0332353b3059de771a35a606c2d,51,8,50,                [DELEGATECALL] 0xC6845a..5baf.getReserveNormalizedIncome(),DELEGATECALL,0xC6845a5C768BF8D7681249f8927877Efda425baf,,getReserveNormalizedIncome,yes,,1745,Return,0xA0b86991c6218b36c1d19D4a2e9Eb0cE3606eB48,,,,,,
C12,arithmetic,test,yes,0x2a027c8b915c3737942f512fc5d26fd15752d0332353b3059de771a35a606c2d,52,6,45,            [CALL] 0x7B5077..ceb2.onSwap(),CALL,0x7B50775383d3D6f0215A8F290f2C9e2eEBBEceb2,,onSwap,yes,,177639,Return,"(0, 0x9210F1204b5a24742Eba12f710636D76240dF3d0, 0x804CdB9116a10bB78768D3252355a1b18067bF8f, 1000000000000000000 [1e18], 0x7b50775383d3d6f0215a8f290f2c9e2eebbece...","TokenRateCacheUpdated(param0: 0x2BBf681cC4eb09218BEe85EA2a5d3D13Fa40fC0C, param1: 1018655575711664594 [1.018e18]) | TokenRateCacheUpdated(param0: 0x804CdB9116a1...",,,,,
C12,arithmetic,test,yes,0x2a027c8b915c3737942f512fc5d26fd15752d0332353b3059de771a35a606c2d,53,7,52,              [STATICCALL] 0x2BBf68..fC0C.getRate(),STATICCALL,0x2BBf681cC4eb09218BEe85EA2a5d3D13Fa40fC0C,,getRate,yes,,36594,Return,,,,,,,
C12,arithmetic,test,yes,0x2a027c8b915c3737942f512fc5d26fd15752d0332353b3059de771a35a606c2d,54,8,53,                [STATICCALL] 0xBA1222..F2C8.getPoolTokens(),STATICCALL,0xBA12222222228d8Ba445958a75a0704d566BF2C8,,getPoolTokens,yes,,19557,Return,0x2bbf681cc4eb09218bee85ea2a5d3d13fa40fc0c0000000000000000000000fd,,,,,,
C12,arithmetic,test,yes,0x2a027c8b915c3737942f512fc5d26fd15752d0332353b3059de771a35a606c2d,55,8,53,                [STATICCALL] 0x7d2768..c7A9.getReserveNormalizedIncome(),STATICCALL,0x7d2768dE32b0b80b7a3454c06BdAc94A69DDc7A9,,getReserveNormalizedIncome,yes,,8356,Return,0xdAC17F958D2ee523a2206206994597C13D831ec7,,,,,,
C12,arithmetic,test,yes,0x2a027c8b915c3737942f512fc5d26fd15752d0332353b3059de771a35a606c2d,56,9,55,                  [DELEGATECALL] 0xC6845a..5baf.getReserveNormalizedIncome(),DELEGATECALL,0xC6845a5C768BF8D7681249f8927877Efda425baf,,getReserveNormalizedIncome,yes,,7745,Return,0xdAC17F958D2ee523a2206206994597C13D831ec7,,,,,,
C12,arithmetic,test,yes,0x2a027c8b915c3737942f512fc5d26fd15752d0332353b3059de771a35a606c2d,57,7,52,              [STATICCALL] 0x804CdB..bF8f.getRate(),STATICCALL,0x804CdB9116a10bB78768D3252355a1b18067bF8f,,getRate,yes,,36611,Return,,,,,,,
C12,arithmetic,test,yes,0x2a027c8b915c3737942f512fc5d26fd15752d0332353b3059de771a35a606c2d,58,8,57,                [STATICCALL] 0xBA1222..F2C8.getPoolTokens(),STATICCALL,0xBA12222222228d8Ba445958a75a0704d566BF2C8,,getPoolTokens,yes,,19574,Return,0x804cdb9116a10bb78768d3252355a1b18067bf8f0000000000000000000000fb,,,,,,
C12,arithmetic,test,yes,0x2a027c8b915c3737942f512fc5d26fd15752d0332353b3059de771a35a606c2d,59,8,57,                [STATICCALL] 0x7d2768..c7A9.getReserveNormalizedIncome(),STATICCALL,0x7d2768dE32b0b80b7a3454c06BdAc94A69DDc7A9,,getReserveNormalizedIncome,yes,,8356,Return,0x6B175474E89094C44Da98b954EedeAC495271d0F,,,,,,
C12,arithmetic,test,yes,0x2a027c8b915c3737942f512fc5d26fd15752d0332353b3059de771a35a606c2d,60,9,59,                  [DELEGATECALL] 0xC6845a..5baf.getReserveNormalizedIncome(),DELEGATECALL,0xC6845a5C768BF8D7681249f8927877Efda425baf,,getReserveNormalizedIncome,yes,,7745,Return,0x6B175474E89094C44Da98b954EedeAC495271d0F,,,,,,
C12,arithmetic,test,yes,0x2a027c8b915c3737942f512fc5d26fd15752d0332353b3059de771a35a606c2d,61,7,52,              [STATICCALL] 0x9210F1..F3d0.getRate(),STATICCALL,0x9210F1204b5a24742Eba12f710636D76240dF3d0,victim,getRate,yes,,14558,Return,,,,,,,
C12,arithmetic,test,yes,0x2a027c8b915c3737942f512fc5d26fd15752d0332353b3059de771a35a606c2d,62,8,61,                [STATICCALL] 0xBA1222..F2C8.getPoolTokens(),STATICCALL,0xBA12222222228d8Ba445958a75a0704d566BF2C8,,getPoolTokens,yes,,5557,Return,0x9210f1204b5a24742eba12f710636d76240df3d00000000000000000000000fc,,,,,,
C12,arithmetic,test,yes,0x2a027c8b915c3737942f512fc5d26fd15752d0332353b3059de771a35a606c2d,63,8,61,                [STATICCALL] 0x7d2768..c7A9.getReserveNormalizedIncome(),STATICCALL,0x7d2768dE32b0b80b7a3454c06BdAc94A69DDc7A9,,getReserveNormalizedIncome,yes,,2356,Return,0xA0b86991c6218b36c1d19D4a2e9Eb0cE3606eB48,,,,,,
C12,arithmetic,test,yes,0x2a027c8b915c3737942f512fc5d26fd15752d0332353b3059de771a35a606c2d,64,9,63,                  [DELEGATECALL] 0xC6845a..5baf.getReserveNormalizedIncome(),DELEGATECALL,0xC6845a5C768BF8D7681249f8927877Efda425baf,,getReserveNormalizedIncome,yes,,1745,Return,0xA0b86991c6218b36c1d19D4a2e9Eb0cE3606eB48,,,,,,
C12,arithmetic,test,yes,0x2a027c8b915c3737942f512fc5d26fd15752d0332353b3059de771a35a606c2d,65,6,45,            [CALL] 0x7B5077..ceb2.onSwap(),CALL,0x7B50775383d3D6f0215A8F290f2C9e2eEBBEceb2,,onSwap,yes,,64593,Return,"(0, 0x9210F1204b5a24742Eba12f710636D76240dF3d0, 0x804CdB9116a10bB78768D3252355a1b18067bF8f, 7300000000000000000000 [7.3e21], 0x7b50775383d3d6f0215a8f290f2c9e2ee...",DueProtocolFeeIncreased(: 161222710398341949 [1.612e17]),,,,,
C12,arithmetic,test,yes,0x2a027c8b915c3737942f512fc5d26fd15752d0332353b3059de771a35a606c2d,66,6,45,            [CALL] 0x7B5077..ceb2.onSwap(),CALL,0x7B50775383d3D6f0215A8F290f2C9e2eEBBEceb2,,onSwap,yes,,79215,Return,"(0, 0x9210F1204b5a24742Eba12f710636D76240dF3d0, 0x2BBf681cC4eb09218BEe85EA2a5d3D13Fa40fC0C, 20000000000000000000000 [2e22], 0x7b50775383d3d6f0215a8f290f2c9e2eeb...",DueProtocolFeeIncreased(: 343370832867625898 [3.433e17]),,,,,
C12,arithmetic,test,yes,0x2a027c8b915c3737942f512fc5d26fd15752d0332353b3059de771a35a606c2d,67,6,45,            [CALL] 0x9210F1..F3d0.onSwap(),CALL,0x9210F1204b5a24742Eba12f710636D76240dF3d0,victim,onSwap,yes,,11537,Return,"(0, 0x9210F1204b5a24742Eba12f710636D76240dF3d0, 0xA0b86991c6218b36c1d19D4a2e9Eb0cE3606eB48, 20000000000 [2e10], 0x9210f1204b5a24742eba12f710636d76240df3d0000000...",,yes,,,,
C12,arithmetic,test,yes,0x2a027c8b915c3737942f512fc5d26fd15752d0332353b3059de771a35a606c2d,68,7,67,              [STATICCALL] 0x7d2768..c7A9.getReserveNormalizedIncome(),STATICCALL,0x7d2768dE32b0b80b7a3454c06BdAc94A69DDc7A9,,getReserveNormalizedIncome,yes,,2356,Return,0xA0b86991c6218b36c1d19D4a2e9Eb0cE3606eB48,,,,,,
C12,arithmetic,test,yes,0x2a027c8b915c3737942f512fc5d26fd15752d0332353b3059de771a35a606c2d,69,8,68,                [DELEGATECALL] 0xC6845a..5baf.getReserveNormalizedIncome(),DELEGATECALL,0xC6845a5C768BF8D7681249f8927877Efda425baf,,getReserveNormalizedIncome,yes,,1745,Return,0xA0b86991c6218b36c1d19D4a2e9Eb0cE3606eB48,,,,,,
C12,arithmetic,test,yes,0x2a027c8b915c3737942f512fc5d26fd15752d0332353b3059de771a35a606c2d,70,6,45,            [CALL] 0x9210F1..F3d0.onSwap(),CALL,0x9210F1204b5a24742Eba12f710636D76240dF3d0,victim,onSwap,yes,,10153,Return,"(0, 0xA0b86991c6218b36c1d19D4a2e9Eb0cE3606eB48, 0x9210F1204b5a24742Eba12f710636D76240dF3d0, 150000000000 [1.5e11], 0x9210f1204b5a24742eba12f710636d76240df3d0000...",,yes,,,,
C12,arithmetic,test,yes,0x2a027c8b915c3737942f512fc5d26fd15752d0332353b3059de771a35a606c2d,71,7,70,              [STATICCALL] 0x7d2768..c7A9.getReserveNormalizedIncome(),STATICCALL,0x7d2768dE32b0b80b7a3454c06BdAc94A69DDc7A9,,getReserveNormalizedIncome,yes,,2356,Return,0xA0b86991c6218b36c1d19D4a2e9Eb0cE3606eB48,,,,,,
C12,arithmetic,test,yes,0x2a027c8b915c3737942f512fc5d26fd15752d0332353b3059de771a35a606c2d,72,8,71,                [DELEGATECALL] 0xC6845a..5baf.getReserveNormalizedIncome(),DELEGATECALL,0xC6845a5C768BF8D7681249f8927877Efda425baf,,getReserveNormalizedIncome,yes,,1745,Return,0xA0b86991c6218b36c1d19D4a2e9Eb0cE3606eB48,,,,,,
C12,arithmetic,test,yes,0x2a027c8b915c3737942f512fc5d26fd15752d0332353b3059de771a35a606c2d,73,6,45,            [CALL] 0xA0b869..eB48.transferFrom(),CALL,0xA0b86991c6218b36c1d19D4a2e9Eb0cE3606eB48,,transferFrom,yes,,5992,Return,"0x2100dCd8758aB8B89b9b545A43A1E47e8e2944f0, 0xBA12222222228d8Ba445958a75a0704d566BF2C8, 42203047084 [4.22e10]",,,,,,
C12,arithmetic,test,yes,0x2a027c8b915c3737942f512fc5d26fd15752d0332353b3059de771a35a606c2d,74,7,73,              [DELEGATECALL] 0xa2327a..bDCF.transferFrom(),DELEGATECALL,0xa2327a938Febf5FEC13baCFb16Ae10EcBc4cbDCF,,transferFrom,yes,,5197,Return,"0x2100dCd8758aB8B89b9b545A43A1E47e8e2944f0, 0xBA12222222228d8Ba445958a75a0704d566BF2C8, 42203047084 [4.22e10]","Transfer(from: 0x2100dCd8758aB8B89b9b545A43A1E47e8e2944f0, to: 0xBA12222222228d8Ba445958a75a0704d566BF2C8, amount: 42203047084 [4.22e10])",,,,,
C12,arithmetic,test,yes,0x2a027c8b915c3737942f512fc5d26fd15752d0332353b3059de771a35a606c2d,75,6,45,            [CALL] 0x9210F1..F3d0.transfer(),CALL,0x9210F1204b5a24742Eba12f710636D76240dF3d0,victim,transfer,yes,,30277,Return,"0x2100dCd8758aB8B89b9b545A43A1E47e8e2944f0, 15628058279052017368410 [1.562e22]","Transfer(from: 0xBA12222222228d8Ba445958a75a0704d566BF2C8, to: 0x2100dCd8758aB8B89b9b545A43A1E47e8e2944f0, amount: 15628058279052017368410 [1.562e22])",,,,,
C12,arithmetic,test,yes,0x2a027c8b915c3737942f512fc5d26fd15752d0332353b3059de771a35a606c2d,76,6,45,            [CALL] 0x804CdB..bF8f.transfer(),CALL,0x804CdB9116a10bB78768D3252355a1b18067bF8f,,transfer,yes,,30277,Return,"0x2100dCd8758aB8B89b9b545A43A1E47e8e2944f0, 139431483281398727050809 [1.394e23]","Transfer(from: 0xBA12222222228d8Ba445958a75a0704d566BF2C8, to: 0x2100dCd8758aB8B89b9b545A43A1E47e8e2944f0, amount: 139431483281398727050809 [1.394e23])",,,,,
C12,arithmetic,test,yes,0x2a027c8b915c3737942f512fc5d26fd15752d0332353b3059de771a35a606c2d,77,6,45,            [CALL] 0x2BBf68..fC0C.transfer(),CALL,0x2BBf681cC4eb09218BEe85EA2a5d3D13Fa40fC0C,,transfer,yes,,30277,Return,"0x2100dCd8758aB8B89b9b545A43A1E47e8e2944f0, 248868905733352246491156 [2.488e23]","Transfer(from: 0xBA12222222228d8Ba445958a75a0704d566BF2C8, to: 0x2100dCd8758aB8B89b9b545A43A1E47e8e2944f0, amount: 248868905733352246491156 [2.488e23])",,,,,
C12,arithmetic,test,yes,0x2a027c8b915c3737942f512fc5d26fd15752d0332353b3059de771a35a606c2d,78,5,15,          [STATICCALL] 0x804CdB..bF8f.balanceOf(),STATICCALL,0x804CdB9116a10bB78768D3252355a1b18067bF8f,,balanceOf,yes,,667,Return,0x2100dCd8758aB8B89b9b545A43A1E47e8e2944f0,,,,,,
C12,arithmetic,test,yes,0x2a027c8b915c3737942f512fc5d26fd15752d0332353b3059de771a35a606c2d,79,5,15,          [CALL] 0x804CdB..bF8f.approve(),CALL,0x804CdB9116a10bB78768D3252355a1b18067bF8f,,approve,yes,,24650,Return,"0xBA12222222228d8Ba445958a75a0704d566BF2C8, 115792089237316195423570985008687907853269984665640564039457584007913129639935 [1.157e77]","Approval(owner: 0x2100dCd8758aB8B89b9b545A43A1E47e8e2944f0, spender: 0xBA12222222228d8Ba445958a75a0704d566BF2C8, amount: 115792089237316195423570985008687907853...",,,,,
C12,arithmetic,test,yes,0x2a027c8b915c3737942f512fc5d26fd15752d0332353b3059de771a35a606c2d,80,5,15,          [CALL] 0xBA1222..F2C8.swap(),CALL,0xBA12222222228d8Ba445958a75a0704d566BF2C8,,swap,yes,,77056,Return,"(0x804cdb9116a10bb78768d3252355a1b18067bf8f0000000000000000000000fb, 0, 0x804CdB9116a10bB78768D3252355a1b18067bF8f, 0x6B175474E89094C44Da98b954EedeAC495271d0F, ...",topic 0: 0x2170c741c41531aec20e7c107c24eecfdd15e69c9bb0a8dd37b1840b9e0b207b topic 1: 0x804cdb9116a10bb78768d3252355a1b18067bf8f0000000000000000000000fb topic 2:...,,,,,
C12,arithmetic,test,yes,0x2a027c8b915c3737942f512fc5d26fd15752d0332353b3059de771a35a606c2d,81,6,80,            [CALL] 0x804CdB..bF8f.onSwap(),CALL,0x804CdB9116a10bB78768D3252355a1b18067bF8f,,onSwap,yes,,11573,Return,"(0, 0x804CdB9116a10bB78768D3252355a1b18067bF8f, 0x6B175474E89094C44Da98b954EedeAC495271d0F, 139431483281398727050809 [1.394e23], 0x804cdb9116a10bb78768d3252355a...",,,,,,
C12,arithmetic,test,yes,0x2a027c8b915c3737942f512fc5d26fd15752d0332353b3059de771a35a606c2d,82,7,81,              [STATICCALL] 0x7d2768..c7A9.getReserveNormalizedIncome(),STATICCALL,0x7d2768dE32b0b80b7a3454c06BdAc94A69DDc7A9,,getReserveNormalizedIncome,yes,,2356,Return,0x6B175474E89094C44Da98b954EedeAC495271d0F,,,,,,
C12,arithmetic,test,yes,0x2a027c8b915c3737942f512fc5d26fd15752d0332353b3059de771a35a606c2d,83,8,82,                [DELEGATECALL] 0xC6845a..5baf.getReserveNormalizedIncome(),DELEGATECALL,0xC6845a5C768BF8D7681249f8927877Efda425baf,,getReserveNormalizedIncome,yes,,1745,Return,0x6B175474E89094C44Da98b954EedeAC495271d0F,,,,,,
C12,arithmetic,test,yes,0x2a027c8b915c3737942f512fc5d26fd15752d0332353b3059de771a35a606c2d,84,6,80,            [CALL] 0x804CdB..bF8f.transferFrom(),CALL,0x804CdB9116a10bB78768D3252355a1b18067bF8f,,transferFrom,yes,,4025,Return,"0x2100dCd8758aB8B89b9b545A43A1E47e8e2944f0, 0xBA12222222228d8Ba445958a75a0704d566BF2C8, 139431483281398727050809 [1.394e23]","Transfer(from: 0x2100dCd8758aB8B89b9b545A43A1E47e8e2944f0, to: 0xBA12222222228d8Ba445958a75a0704d566BF2C8, amount: 139431483281398727050809 [1.394e23])",,,,,
C12,arithmetic,test,yes,0x2a027c8b915c3737942f512fc5d26fd15752d0332353b3059de771a35a606c2d,85,6,80,            [CALL] 0x6B1754..1d0F.transfer(),CALL,0x6B175474E89094C44Da98b954EedeAC495271d0F,,transfer,yes,,30174,Return,"0x2100dCd8758aB8B89b9b545A43A1E47e8e2944f0, 141127441135443677639857 [1.411e23]","Transfer(from: 0xBA12222222228d8Ba445958a75a0704d566BF2C8, to: 0x2100dCd8758aB8B89b9b545A43A1E47e8e2944f0, amount: 141127441135443677639857 [1.411e23])",,,,,
C12,arithmetic,test,yes,0x2a027c8b915c3737942f512fc5d26fd15752d0332353b3059de771a35a606c2d,86,5,15,          [STATICCALL] 0x9210F1..F3d0.balanceOf(),STATICCALL,0x9210F1204b5a24742Eba12f710636D76240dF3d0,victim,balanceOf,yes,,667,Return,0x2100dCd8758aB8B89b9b545A43A1E47e8e2944f0,,,,,,
C12,arithmetic,test,yes,0x2a027c8b915c3737942f512fc5d26fd15752d0332353b3059de771a35a606c2d,87,5,15,          [CALL] 0x9210F1..F3d0.approve(),CALL,0x9210F1204b5a24742Eba12f710636D76240dF3d0,victim,approve,yes,,2650,Return,"0xBA12222222228d8Ba445958a75a0704d566BF2C8, 115792089237316195423570985008687907853269984665640564039457584007913129639935 [1.157e77]","Approval(owner: 0x2100dCd8758aB8B89b9b545A43A1E47e8e2944f0, spender: 0xBA12222222228d8Ba445958a75a0704d566BF2C8, amount: 115792089237316195423570985008687907853...",,,,,
C12,arithmetic,test,yes,0x2a027c8b915c3737942f512fc5d26fd15752d0332353b3059de771a35a606c2d,88,5,15,          [CALL] 0xBA1222..F2C8.swap(),CALL,0xBA12222222228d8Ba445958a75a0704d566BF2C8,,swap,yes,,39546,Return,"(0x9210f1204b5a24742eba12f710636d76240df3d00000000000000000000000fc, 0, 0x9210F1204b5a24742Eba12f710636D76240dF3d0, 0xA0b86991c6218b36c1d19D4a2e9Eb0cE3606eB48, ...",topic 0: 0x2170c741c41531aec20e7c107c24eecfdd15e69c9bb0a8dd37b1840b9e0b207b topic 1: 0x9210f1204b5a24742eba12f710636d76240df3d00000000000000000000000fc topic 2:...,,,,,
C12,arithmetic,test,yes,0x2a027c8b915c3737942f512fc5d26fd15752d0332353b3059de771a35a606c2d,89,6,88,            [CALL] 0x9210F1..F3d0.onSwap(),CALL,0x9210F1204b5a24742Eba12f710636D76240dF3d0,victim,onSwap,yes,,11537,Return,"(0, 0x9210F1204b5a24742Eba12f710636D76240dF3d0, 0xA0b86991c6218b36c1d19D4a2e9Eb0cE3606eB48, 15628058279052017368410 [1.562e22], 0x9210f1204b5a24742eba12f710636d...",,yes,,,,
C12,arithmetic,test,yes,0x2a027c8b915c3737942f512fc5d26fd15752d0332353b3059de771a35a606c2d,90,7,89,              [STATICCALL] 0x7d2768..c7A9.getReserveNormalizedIncome(),STATICCALL,0x7d2768dE32b0b80b7a3454c06BdAc94A69DDc7A9,,getReserveNormalizedIncome,yes,,2356,Return,0xA0b86991c6218b36c1d19D4a2e9Eb0cE3606eB48,,,,,,
C12,arithmetic,test,yes,0x2a027c8b915c3737942f512fc5d26fd15752d0332353b3059de771a35a606c2d,91,8,90,                [DELEGATECALL] 0xC6845a..5baf.getReserveNormalizedIncome(),DELEGATECALL,0xC6845a5C768BF8D7681249f8927877Efda425baf,,getReserveNormalizedIncome,yes,,1745,Return,0xA0b86991c6218b36c1d19D4a2e9Eb0cE3606eB48,,,,,,
C12,arithmetic,test,yes,0x2a027c8b915c3737942f512fc5d26fd15752d0332353b3059de771a35a606c2d,92,6,88,            [CALL] 0x9210F1..F3d0.transferFrom(),CALL,0x9210F1204b5a24742Eba12f710636D76240dF3d0,victim,transferFrom,yes,,4025,Return,"0x2100dCd8758aB8B89b9b545A43A1E47e8e2944f0, 0xBA12222222228d8Ba445958a75a0704d566BF2C8, 15628058279052017368410 [1.562e22]","Transfer(from: 0x2100dCd8758aB8B89b9b545A43A1E47e8e2944f0, to: 0xBA12222222228d8Ba445958a75a0704d566BF2C8, amount: 15628058279052017368410 [1.562e22])",,,,,
C12,arithmetic,test,yes,0x2a027c8b915c3737942f512fc5d26fd15752d0332353b3059de771a35a606c2d,93,6,88,            [CALL] 0xA0b869..eB48.transfer(),CALL,0xA0b86991c6218b36c1d19D4a2e9Eb0cE3606eB48,,transfer,yes,,4817,Return,"0x2100dCd8758aB8B89b9b545A43A1E47e8e2944f0, 15685572043 [1.568e10]",,,,,,
C12,arithmetic,test,yes,0x2a027c8b915c3737942f512fc5d26fd15752d0332353b3059de771a35a606c2d,94,7,93,              [DELEGATECALL] 0xa2327a..bDCF.transfer(),DELEGATECALL,0xa2327a938Febf5FEC13baCFb16Ae10EcBc4cbDCF,,transfer,yes,,4028,Return,"0x2100dCd8758aB8B89b9b545A43A1E47e8e2944f0, 15685572043 [1.568e10]","Transfer(from: 0xBA12222222228d8Ba445958a75a0704d566BF2C8, to: 0x2100dCd8758aB8B89b9b545A43A1E47e8e2944f0, amount: 15685572043 [1.568e10])",,,,,
C12,arithmetic,test,yes,0x2a027c8b915c3737942f512fc5d26fd15752d0332353b3059de771a35a606c2d,95,5,15,          [STATICCALL] 0x2BBf68..fC0C.balanceOf(),STATICCALL,0x2BBf681cC4eb09218BEe85EA2a5d3D13Fa40fC0C,,balanceOf,yes,,667,Return,0x2100dCd8758aB8B89b9b545A43A1E47e8e2944f0,,,,,,
C12,arithmetic,test,yes,0x2a027c8b915c3737942f512fc5d26fd15752d0332353b3059de771a35a606c2d,96,5,15,          [CALL] 0x2BBf68..fC0C.approve(),CALL,0x2BBf681cC4eb09218BEe85EA2a5d3D13Fa40fC0C,,approve,yes,,24650,Return,"0xBA12222222228d8Ba445958a75a0704d566BF2C8, 115792089237316195423570985008687907853269984665640564039457584007913129639935 [1.157e77]","Approval(owner: 0x2100dCd8758aB8B89b9b545A43A1E47e8e2944f0, spender: 0xBA12222222228d8Ba445958a75a0704d566BF2C8, amount: 115792089237316195423570985008687907853...",,,,,
C12,arithmetic,test,yes,0x2a027c8b915c3737942f512fc5d26fd15752d0332353b3059de771a35a606c2d,97,5,15,          [CALL] 0xBA1222..F2C8.swap(),CALL,0xBA12222222228d8Ba445958a75a0704d566BF2C8,,swap,yes,,88223,Return,"(0x2bbf681cc4eb09218bee85ea2a5d3d13fa40fc0c0000000000000000000000fd, 0, 0x2BBf681cC4eb09218BEe85EA2a5d3D13Fa40fC0C, 0xdAC17F958D2ee523a2206206994597C13D831ec7, ...",topic 0: 0x2170c741c41531aec20e7c107c24eecfdd15e69c9bb0a8dd37b1840b9e0b207b topic 1: 0x2bbf681cc4eb09218bee85ea2a5d3d13fa40fc0c0000000000000000000000fd topic 2:...,,,,,
C12,arithmetic,test,yes,0x2a027c8b915c3737942f512fc5d26fd15752d0332353b3059de771a35a606c2d,98,6,97,            [CALL] 0x2BBf68..fC0C.onSwap(),CALL,0x2BBf681cC4eb09218BEe85EA2a5d3D13Fa40fC0C,,onSwap,yes,,11573,Return,"(0, 0x2BBf681cC4eb09218BEe85EA2a5d3D13Fa40fC0C, 0xdAC17F958D2ee523a2206206994597C13D831ec7, 248868905733352246491156 [2.488e23], 0x2bbf681cc4eb09218bee85ea2a5d3...",,,,,,
C12,arithmetic,test,yes,0x2a027c8b915c3737942f512fc5d26fd15752d0332353b3059de771a35a606c2d,99,7,98,              [STATICCALL] 0x7d2768..c7A9.getReserveNormalizedIncome(),STATICCALL,0x7d2768dE32b0b80b7a3454c06BdAc94A69DDc7A9,,getReserveNormalizedIncome,yes,,2356,Return,0xdAC17F958D2ee523a2206206994597C13D831ec7,,,,,,
C12,arithmetic,test,yes,0x2a027c8b915c3737942f512fc5d26fd15752d0332353b3059de771a35a606c2d,100,8,99,                [DELEGATECALL] 0xC6845a..5baf.getReserveNormalizedIncome(),DELEGATECALL,0xC6845a5C768BF8D7681249f8927877Efda425baf,,getReserveNormalizedIncome,yes,,1745,Return,0xdAC17F958D2ee523a2206206994597C13D831ec7,,,,,,
C12,arithmetic,test,yes,0x2a027c8b915c3737942f512fc5d26fd15752d0332353b3059de771a35a606c2d,101,6,97,            [CALL] 0x2BBf68..fC0C.transferFrom(),CALL,0x2BBf681cC4eb09218BEe85EA2a5d3D13Fa40fC0C,,transferFrom,yes,,4025,Return,"0x2100dCd8758aB8B89b9b545A43A1E47e8e2944f0, 0xBA12222222228d8Ba445958a75a0704d566BF2C8, 248868905733352246491156 [2.488e23]","Transfer(from: 0x2100dCd8758aB8B89b9b545A43A1E47e8e2944f0, to: 0xBA12222222228d8Ba445958a75a0704d566BF2C8, amount: 248868905733352246491156 [2.488e23])",,,,,
C12,arithmetic,test,yes,0x2a027c8b915c3737942f512fc5d26fd15752d0332353b3059de771a35a606c2d,102,6,97,            [CALL] 0xdAC17F..1ec7.transfer(),CALL,0xdAC17F958D2ee523a2206206994597C13D831ec7,,transfer,yes,,41601,Stop,"0x2100dCd8758aB8B89b9b545A43A1E47e8e2944f0, 253461006245 [2.534e11]","Transfer(from: 0xBA12222222228d8Ba445958a75a0704d566BF2C8, to: 0x2100dCd8758aB8B89b9b545A43A1E47e8e2944f0, amount: 253461006245 [2.534e11])",,,,,
C12,arithmetic,test,yes,0x2a027c8b915c3737942f512fc5d26fd15752d0332353b3059de771a35a606c2d,103,5,15,          [STATICCALL] 0xA0b869..eB48.balanceOf(),STATICCALL,0xA0b86991c6218b36c1d19D4a2e9Eb0cE3606eB48,,balanceOf,yes,,1315,Return,0x2100dCd8758aB8B89b9b545A43A1E47e8e2944f0,,,,,,
C12,arithmetic,test,yes,0x2a027c8b915c3737942f512fc5d26fd15752d0332353b3059de771a35a606c2d,104,6,103,            [DELEGATECALL] 0xa2327a..bDCF.balanceOf(),DELEGATECALL,0xa2327a938Febf5FEC13baCFb16Ae10EcBc4cbDCF,,balanceOf,yes,,529,Return,0x2100dCd8758aB8B89b9b545A43A1E47e8e2944f0,,,,,,
C12,arithmetic,test,yes,0x2a027c8b915c3737942f512fc5d26fd15752d0332353b3059de771a35a606c2d,105,5,15,          [CALL] 0x6B1754..1d0F.approve(),CALL,0x6B175474E89094C44Da98b954EedeAC495271d0F,,approve,yes,,24514,Return,"0x7a250d5630B4cF539739dF2C5dAcb4c659F2488D, 115792089237316195423570985008687907853269984665640564039457584007913129639935 [1.157e77]","Approval(owner: 0x2100dCd8758aB8B89b9b545A43A1E47e8e2944f0, spender: 0x7a250d5630B4cF539739dF2C5dAcb4c659F2488D, amount: 115792089237316195423570985008687907853...",,,,,
C12,arithmetic,test,yes,0x2a027c8b915c3737942f512fc5d26fd15752d0332353b3059de771a35a606c2d,106,5,15,          [STATICCALL] 0x6B1754..1d0F.balanceOf(),STATICCALL,0x6B175474E89094C44Da98b954EedeAC495271d0F,,balanceOf,yes,,602,Return,0x2100dCd8758aB8B89b9b545A43A1E47e8e2944f0,,,,,,
C12,arithmetic,test,yes,0x2a027c8b915c3737942f512fc5d26fd15752d0332353b3059de771a35a606c2d,107,5,15,          [CALL] 0x7a250d..488D.swapTokensForExactTokens(),CALL,0x7a250d5630B4cF539739dF2C5dAcb4c659F2488D,,swapTokensForExactTokens,yes,,66236,Return,"26668542794 [2.666e10], 141127441135443677639857 [1.411e23], [0x6B175474E89094C44Da98b954EedeAC495271d0F, 0xA0b86991c6218b36c1d19D4a2e9Eb0cE3606eB48], 0x2100dCd...",,,,,,
C12,arithmetic,test,yes,0x2a027c8b915c3737942f512fc5d26fd15752d0332353b3059de771a35a606c2d,108,6,107,            [STATICCALL] 0xAE461c..B8D5.getReserves(),STATICCALL,0xAE461cA67B15dc8dc81CE7615e0320dA1A9aB8D5,,getReserves,yes,,2504,Return,,,,,,,
C12,arithmetic,test,yes,0x2a027c8b915c3737942f512fc5d26fd15752d0332353b3059de771a35a606c2d,109,6,107,            [CALL] 0x6B1754..1d0F.transferFrom(),CALL,0x6B175474E89094C44Da98b954EedeAC495271d0F,,transferFrom,yes,,8618,Return,"0x2100dCd8758aB8B89b9b545A43A1E47e8e2944f0, 0xAE461cA67B15dc8dc81CE7615e0320dA1A9aB8D5, 26802705870098744783607 [2.68e22]","Transfer(from: 0x2100dCd8758aB8B89b9b545A43A1E47e8e2944f0, to: 0xAE461cA67B15dc8dc81CE7615e0320dA1A9aB8D5, amount: 26802705870098744783607 [2.68e22])",,,,,
C12,arithmetic,test,yes,0x2a027c8b915c3737942f512fc5d26fd15752d0332353b3059de771a35a606c2d,110,6,107,            [CALL] 0xAE461c..B8D5.swap(),CALL,0xAE461cA67B15dc8dc81CE7615e0320dA1A9aB8D5,,swap,yes,,44857,Stop,"0, 26668542794 [2.666e10], 0x2100dCd8758aB8B89b9b545A43A1E47e8e2944f0, 0x","Sync(: 10873582901949763847088055 [1.087e25], : 10824960657035 [1.082e13]) | Swap(param0: 0x7a250d5630B4cF539739dF2C5dAcb4c659F2488D, param1: 268027058700987447...",,,,,
C12,arithmetic,test,yes,0x2a027c8b915c3737942f512fc5d26fd15752d0332353b3059de771a35a606c2d,111,7,110,              [CALL] 0xA0b869..eB48.transfer(),CALL,0xA0b86991c6218b36c1d19D4a2e9Eb0cE3606eB48,,transfer,yes,,11617,Return,"0x2100dCd8758aB8B89b9b545A43A1E47e8e2944f0, 26668542794 [2.666e10]",,,,,,
C12,arithmetic,test,yes,0x2a027c8b915c3737942f512fc5d26fd15752d0332353b3059de771a35a606c2d,112,8,111,                [DELEGATECALL] 0xa2327a..bDCF.transfer(),DELEGATECALL,0xa2327a938Febf5FEC13baCFb16Ae10EcBc4cbDCF,,transfer,yes,,10828,Return,"0x2100dCd8758aB8B89b9b545A43A1E47e8e2944f0, 26668542794 [2.666e10]","Transfer(from: 0xAE461cA67B15dc8dc81CE7615e0320dA1A9aB8D5, to: 0x2100dCd8758aB8B89b9b545A43A1E47e8e2944f0, amount: 26668542794 [2.666e10])",,,,,
C12,arithmetic,test,yes,0x2a027c8b915c3737942f512fc5d26fd15752d0332353b3059de771a35a606c2d,113,7,110,              [STATICCALL] 0x6B1754..1d0F.balanceOf(),STATICCALL,0x6B175474E89094C44Da98b954EedeAC495271d0F,,balanceOf,yes,,602,Return,0xAE461cA67B15dc8dc81CE7615e0320dA1A9aB8D5,,,,,,
C12,arithmetic,test,yes,0x2a027c8b915c3737942f512fc5d26fd15752d0332353b3059de771a35a606c2d,114,7,110,              [STATICCALL] 0xA0b869..eB48.balanceOf(),STATICCALL,0xA0b86991c6218b36c1d19D4a2e9Eb0cE3606eB48,,balanceOf,yes,,1315,Return,0xAE461cA67B15dc8dc81CE7615e0320dA1A9aB8D5,,,,,,
C12,arithmetic,test,yes,0x2a027c8b915c3737942f512fc5d26fd15752d0332353b3059de771a35a606c2d,115,8,114,                [DELEGATECALL] 0xa2327a..bDCF.balanceOf(),DELEGATECALL,0xa2327a938Febf5FEC13baCFb16Ae10EcBc4cbDCF,,balanceOf,yes,,529,Return,0xAE461cA67B15dc8dc81CE7615e0320dA1A9aB8D5,,,,,,
C12,arithmetic,test,yes,0x2a027c8b915c3737942f512fc5d26fd15752d0332353b3059de771a35a606c2d,116,5,15,          [CALL] 0xA0b869..eB48.approve(),CALL,0xA0b86991c6218b36c1d19D4a2e9Eb0cE3606eB48,,approve,yes,,27867,Return,"0x87870Bca3F3fD6335C3F4ce8392D69350B4fA4E2, 300150000000 [3.001e11]",,,,,,
C12,arithmetic,test,yes,0x2a027c8b915c3737942f512fc5d26fd15752d0332353b3059de771a35a606c2d,117,6,116,            [DELEGATECALL] 0xa2327a..bDCF.approve(),DELEGATECALL,0xa2327a938Febf5FEC13baCFb16Ae10EcBc4cbDCF,,approve,yes,,27078,Return,"0x87870Bca3F3fD6335C3F4ce8392D69350B4fA4E2, 300150000000 [3.001e11]","Approval(owner: 0x2100dCd8758aB8B89b9b545A43A1E47e8e2944f0, spender: 0x87870Bca3F3fD6335C3F4ce8392D69350B4fA4E2, amount: 300150000000 [3.001e11])",,,,,
C12,arithmetic,test,yes,0x2a027c8b915c3737942f512fc5d26fd15752d0332353b3059de771a35a606c2d,118,4,10,        [STATICCALL] 0x72E95b..D004.scaledTotalSupply(),STATICCALL,0x72E95b8931767C79bA4EeE721354d6E99a61D004,,scaledTotalSupply,yes,,7468,Return,,,,,,,
C12,arithmetic,test,yes,0x2a027c8b915c3737942f512fc5d26fd15752d0332353b3059de771a35a606c2d,119,5,118,          [DELEGATECALL] 0xaC725C..9EC6.scaledTotalSupply(),DELEGATECALL,0xaC725CB59D16C81061BDeA61041a8A5e73DA9EC6,,scaledTotalSupply,yes,,2419,Return,,,,,,,
C12,arithmetic,test,yes,0x2a027c8b915c3737942f512fc5d26fd15752d0332353b3059de771a35a606c2d,120,4,10,        [STATICCALL] 0xB0fe3D..7a39.getSupplyData(),STATICCALL,0xB0fe3D292f4bd50De902Ba5bDF120Ad66E9d7a39,,getSupplyData,yes,,9982,Return,,,,,,,
C12,arithmetic,test,yes,0x2a027c8b915c3737942f512fc5d26fd15752d0332353b3059de771a35a606c2d,121,5,120,          [DELEGATECALL] 0x15C562..eD57.getSupplyData(),DELEGATECALL,0x15C5620dfFaC7c7366EED66C20Ad222DDbB1eD57,,getSupplyData,yes,,4921,Return,,,,,,,
C12,arithmetic,test,yes,0x2a027c8b915c3737942f512fc5d26fd15752d0332353b3059de771a35a606c2d,122,4,10,        [STATICCALL] 0x98C23E..6F5c.totalSupply(),STATICCALL,0x98C23E9d8f34FEFb1B7BD6a91B7FF122F4e16F5c,,totalSupply,yes,,4841,Return,,,,,,,
C12,arithmetic,test,yes,0x2a027c8b915c3737942f512fc5d26fd15752d0332353b3059de771a35a606c2d,123,5,122,          [DELEGATECALL] 0x7EfFD7..fF3d.totalSupply(),DELEGATECALL,0x7EfFD7b47Bfd17e52fB7559d3f924201b9DbfF3d,,totalSupply,yes,,4324,Return,,,,,,,
C12,arithmetic,test,yes,0x2a027c8b915c3737942f512fc5d26fd15752d0332353b3059de771a35a606c2d,124,6,123,            [STATICCALL] 0x87870B..A4E2.getReserveNormalizedIncome(),STATICCALL,0x87870Bca3F3fD6335C3F4ce8392D69350B4fA4E2,,getReserveNormalizedIncome,yes,,1359,Return,0xA0b86991c6218b36c1d19D4a2e9Eb0cE3606eB48,,,,,,
C12,arithmetic,test,yes,0x2a027c8b915c3737942f512fc5d26fd15752d0332353b3059de771a35a606c2d,125,7,124,              [DELEGATECALL] 0xF1Cd41..a621.getReserveNormalizedIncome(),DELEGATECALL,0xF1Cd4193bbc1aD4a23E833170f49d60f3D35a621,,getReserveNormalizedIncome,yes,,807,Return,0xA0b86991c6218b36c1d19D4a2e9Eb0cE3606eB48,,,,,,
C12,arithmetic,test,yes,0x2a027c8b915c3737942f512fc5d26fd15752d0332353b3059de771a35a606c2d,126,4,10,        [STATICCALL] 0x8F183E..Ba6E.calculateInterestRates(),STATICCALL,0x8F183Ee74C790CB558232a141099b316D6C8Ba6E,,calculateInterestRates,yes,,5941,Return,"(0, 300150000000 [3.001e11], 0, 0, 248655085795555 [2.486e14], 0, 1000, 0xA0b86991c6218b36c1d19D4a2e9Eb0cE3606eB48, 0x98C23E9d8f34FEFb1B7BD6a91B7FF122F4e16F5c)",,,,,,
C12,arithmetic,test,yes,0x2a027c8b915c3737942f512fc5d26fd15752d0332353b3059de771a35a606c2d,127,5,126,          [STATICCALL] 0xA0b869..eB48.balanceOf(),STATICCALL,0xA0b86991c6218b36c1d19D4a2e9Eb0cE3606eB48,,balanceOf,yes,,1315,Return,0x98C23E9d8f34FEFb1B7BD6a91B7FF122F4e16F5c,,,,,,
C12,arithmetic,test,yes,0x2a027c8b915c3737942f512fc5d26fd15752d0332353b3059de771a35a606c2d,128,6,127,            [DELEGATECALL] 0xa2327a..bDCF.balanceOf(),DELEGATECALL,0xa2327a938Febf5FEC13baCFb16Ae10EcBc4cbDCF,,balanceOf,yes,,529,Return,0x98C23E9d8f34FEFb1B7BD6a91B7FF122F4e16F5c,,,,,,
C12,arithmetic,test,yes,0x2a027c8b915c3737942f512fc5d26fd15752d0332353b3059de771a35a606c2d,129,4,10,        [CALL] 0xA0b869..eB48.transferFrom(),CALL,0xA0b86991c6218b36c1d19D4a2e9Eb0cE3606eB48,,transferFrom,yes,,5992,Return,"0x2100dCd8758aB8B89b9b545A43A1E47e8e2944f0, 0x98C23E9d8f34FEFb1B7BD6a91B7FF122F4e16F5c, 300150000000 [3.001e11]",,,,,,
C12,arithmetic,test,yes,0x2a027c8b915c3737942f512fc5d26fd15752d0332353b3059de771a35a606c2d,130,5,129,          [DELEGATECALL] 0xa2327a..bDCF.transferFrom(),DELEGATECALL,0xa2327a938Febf5FEC13baCFb16Ae10EcBc4cbDCF,,transferFrom,yes,,5197,Return,"0x2100dCd8758aB8B89b9b545A43A1E47e8e2944f0, 0x98C23E9d8f34FEFb1B7BD6a91B7FF122F4e16F5c, 300150000000 [3.001e11]","Transfer(from: 0x2100dCd8758aB8B89b9b545A43A1E47e8e2944f0, to: 0x98C23E9d8f34FEFb1B7BD6a91B7FF122F4e16F5c, amount: 300150000000 [3.001e11])",,,,,
C12,arithmetic,test,yes,0x2a027c8b915c3737942f512fc5d26fd15752d0332353b3059de771a35a606c2d,131,4,10,        [CALL] 0x98C23E..6F5c.handleRepayment(),CALL,0x98C23E9d8f34FEFb1B7BD6a91B7FF122F4e16F5c,,handleRepayment,yes,,1136,Return,"0x2100dCd8758aB8B89b9b545A43A1E47e8e2944f0, 0x2100dCd8758aB8B89b9b545A43A1E47e8e2944f0, 300150000000 [3.001e11]",,,,,,
C12,arithmetic,test,yes,0x2a027c8b915c3737942f512fc5d26fd15752d0332353b3059de771a35a606c2d,132,5,131,          [DELEGATECALL] 0x7EfFD7..fF3d.handleRepayment(),DELEGATECALL,0x7EfFD7b47Bfd17e52fB7559d3f924201b9DbfF3d,,handleRepayment,yes,,578,Stop,"0x2100dCd8758aB8B89b9b545A43A1E47e8e2944f0, 0x2100dCd8758aB8B89b9b545A43A1E47e8e2944f0, 300150000000 [3.001e11]",,,,,,
C12,arithmetic,test,yes,0x2a027c8b915c3737942f512fc5d26fd15752d0332353b3059de771a35a606c2d,133,1,1,  [STATICCALL] 0x6B1754..1d0F.balanceOf(),STATICCALL,0x6B175474E89094C44Da98b954EedeAC495271d0F,,balanceOf,yes,,602,Return,0x2100dCd8758aB8B89b9b545A43A1E47e8e2944f0,,,,,,
C12,arithmetic,test,yes,0x2a027c8b915c3737942f512fc5d26fd15752d0332353b3059de771a35a606c2d,134,1,1,  [CALL] 0x6B1754..1d0F.transfer(),CALL,0x6B175474E89094C44Da98b954EedeAC495271d0F,,transfer,yes,,8274,Return,"0xEd187F37E5Ad87d5b3B2624C01dE56C5862b7a9B, 114324735265344932856250 [1.143e23]","Transfer(from: 0x2100dCd8758aB8B89b9b545A43A1E47e8e2944f0, to: 0xEd187F37E5Ad87d5b3B2624C01dE56C5862b7a9B, amount: 114324735265344932856250 [1.143e23])",,,,,
C12,arithmetic,test,yes,0x2a027c8b915c3737942f512fc5d26fd15752d0332353b3059de771a35a606c2d,135,1,1,  [STATICCALL] 0xA0b869..eB48.balanceOf(),STATICCALL,0xA0b86991c6218b36c1d19D4a2e9Eb0cE3606eB48,,balanceOf,yes,,1315,Return,0x2100dCd8758aB8B89b9b545A43A1E47e8e2944f0,,,,,,
C12,arithmetic,test,yes,0x2a027c8b915c3737942f512fc5d26fd15752d0332353b3059de771a35a606c2d,136,2,135,    [DELEGATECALL] 0xa2327a..bDCF.balanceOf(),DELEGATECALL,0xa2327a938Febf5FEC13baCFb16Ae10EcBc4cbDCF,,balanceOf,yes,,529,Return,0x2100dCd8758aB8B89b9b545A43A1E47e8e2944f0,,,,,,
C12,arithmetic,test,yes,0x2a027c8b915c3737942f512fc5d26fd15752d0332353b3059de771a35a606c2d,137,1,1,  [CALL] 0xA0b869..eB48.transfer(),CALL,0xA0b86991c6218b36c1d19D4a2e9Eb0cE3606eB48,,transfer,yes,,8817,Return,"0xEd187F37E5Ad87d5b3B2624C01dE56C5862b7a9B, 0",,,,,,
C12,arithmetic,test,yes,0x2a027c8b915c3737942f512fc5d26fd15752d0332353b3059de771a35a606c2d,138,2,137,    [DELEGATECALL] 0xa2327a..bDCF.transfer(),DELEGATECALL,0xa2327a938Febf5FEC13baCFb16Ae10EcBc4cbDCF,,transfer,yes,,8028,Return,"0xEd187F37E5Ad87d5b3B2624C01dE56C5862b7a9B, 0","Transfer(from: 0x2100dCd8758aB8B89b9b545A43A1E47e8e2944f0, to: 0xEd187F37E5Ad87d5b3B2624C01dE56C5862b7a9B, amount: 0)",,,,,
C12,arithmetic,test,yes,0x2a027c8b915c3737942f512fc5d26fd15752d0332353b3059de771a35a606c2d,139,1,1,  [STATICCALL] 0xdAC17F..1ec7.balanceOf(),STATICCALL,0xdAC17F958D2ee523a2206206994597C13D831ec7,,balanceOf,yes,,1031,Return,0x2100dCd8758aB8B89b9b545A43A1E47e8e2944f0,,,,,,
C12,arithmetic,test,yes,0x2a027c8b915c3737942f512fc5d26fd15752d0332353b3059de771a35a606c2d,140,1,1,  [CALL] 0xdAC17F..1ec7.transfer(),CALL,0xdAC17F958D2ee523a2206206994597C13D831ec7,,transfer,yes,,28801,Stop,"0xEd187F37E5Ad87d5b3B2624C01dE56C5862b7a9B, 253461006245 [2.534e11]","Transfer(from: 0x2100dCd8758aB8B89b9b545A43A1E47e8e2944f0, to: 0xEd187F37E5Ad87d5b3B2624C01dE56C5862b7a9B, amount: 253461006245 [2.534e11])",,,,,
C13,business_logic,dev,yes,0x2606d459a50ca4920722a111745c2eeced1d8a01ff25ee762e22d5d4b1595739,1,0,,[CALL] 0xC79311..F2b3.updateGhoBorrowRate(),CALL,0xC793113F1548B97E37c409f39244EE44241bF2b3,attack_contract,updateGhoBorrowRate,yes,,59353,Stop,,,,,,,
C13,business_logic,dev,yes,0x2606d459a50ca4920722a111745c2eeced1d8a01ff25ee762e22d5d4b1595739,2,1,1,  [STATICCALL] 0xA0b869..eB48.balanceOf(),STATICCALL,0xA0b86991c6218b36c1d19D4a2e9Eb0cE3606eB48,victim,balanceOf,yes,,9839,Return,0xBc452fdC8F851d7c5B72e1Fe74DFB63bb793D511,,,,,,
C13,business_logic,dev,yes,0x2606d459a50ca4920722a111745c2eeced1d8a01ff25ee762e22d5d4b1595739,3,2,2,    [DELEGATECALL] 0x435068..02dd.balanceOf(),DELEGATECALL,0x43506849D7C04F9138D1A2050bbF3A0c054402dd,victim,balanceOf,yes,,2553,Return,0xBc452fdC8F851d7c5B72e1Fe74DFB63bb793D511,,,,,,
C13,business_logic,dev,yes,0x2606d459a50ca4920722a111745c2eeced1d8a01ff25ee762e22d5d4b1595739,4,1,1,  [CALL] 0xA0b869..eB48.transferFrom(),CALL,0xA0b86991c6218b36c1d19D4a2e9Eb0cE3606eB48,victim,transferFrom,yes,,40049,Return,"0xBc452fdC8F851d7c5B72e1Fe74DFB63bb793D511, 0xDed2b1a426E1b7d415A40Bcad44e98F47181dda2, 1303910120000 [1.303e12]",,yes,,,,
C13,business_logic,dev,yes,0x2606d459a50ca4920722a111745c2eeced1d8a01ff25ee762e22d5d4b1595739,5,2,4,    [DELEGATECALL] 0x435068..02dd.transferFrom(),DELEGATECALL,0x43506849D7C04F9138D1A2050bbF3A0c054402dd,victim,transferFrom,yes,,39254,Return,"0xBc452fdC8F851d7c5B72e1Fe74DFB63bb793D511, 0xDed2b1a426E1b7d415A40Bcad44e98F47181dda2, 1303910120000 [1.303e12]","Transfer(from: 0xBc452fdC8F851d7c5B72e1Fe74DFB63bb793D511, to: 0xDed2b1a426E1b7d415A40Bcad44e98F47181dda2, amount: 1303910120000 [1.303e12])",yes,,,,
C14,business_logic,test,yes,0xda8f6a4bed7e5689a343d111632d37480c0316f1d20b732803c4bd482823e284,1,0,,[CALL] 0x93D4F6..5ADA.stake() value=300000000000000000,CALL,0x93D4F6f84d242C7959f8d1F1917DdbC9Fb925ADA,attack_contract,stake,yes,300000000000000000,360244,Stop,"0, 100000000000000000000 [1e20]",,,,,,
C14,business_logic,test,yes,0xda8f6a4bed7e5689a343d111632d37480c0316f1d20b732803c4bd482823e284,2,1,1,  [CALL] 0x7a250d..488D.swapExactETHForTokensSupportingFeeOnTransferTokens() value=300000000000000000,CALL,0x7a250d5630B4cF539739dF2C5dAcb4c659F2488D,,swapExactETHForTokensSupportingFeeOnTransferTokens,yes,300000000000000000,151124,Stop,"0, [0xC02aaA39b223FE8D0A0e5C4F27eAD9083C756Cc2, 0xBFae33128ecF041856378b57adf0449181FFFDE7], 0x93D4F6f84d242C7959f8d1F1917DdbC9Fb925ADA, 1718526887 [1.718e9]",,,,,,
C14,business_logic,test,yes,0xda8f6a4bed7e5689a343d111632d37480c0316f1d20b732803c4bd482823e284,3,2,2,    [CALL] 0xC02aaA..6Cc2.deposit() value=300000000000000000,CALL,0xC02aaA39b223FE8D0A0e5C4F27eAD9083C756Cc2,,deposit,yes,300000000000000000,23974,Stop,,"Deposit(param0: 0x7a250d5630B4cF539739dF2C5dAcb4c659F2488D, param1: 300000000000000000 [3e17])",,,,,
C14,business_logic,test,yes,0xda8f6a4bed7e5689a343d111632d37480c0316f1d20b732803c4bd482823e284,4,2,2,    [CALL] 0xC02aaA..6Cc2.transfer(),CALL,0xC02aaA39b223FE8D0A0e5C4F27eAD9083C756Cc2,,transfer,yes,,8062,Return,"0x64571ea88C809abeeA5DdbEb7427eF37F87946D0, 300000000000000000 [3e17]","Transfer(from: 0x7a250d5630B4cF539739dF2C5dAcb4c659F2488D, to: 0x64571ea88C809abeeA5DdbEb7427eF37F87946D0, amount: 300000000000000000 [3e17])",,,,,
C14,business_logic,test,yes,0xda8f6a4bed7e5689a343d111632d37480c0316f1d20b732803c4bd482823e284,5,2,2,    [STATICCALL] 0xBFae33..FDE7.balanceOf(),STATICCALL,0xBFae33128ecF041856378b57adf0449181FFFDE7,,balanceOf,yes,,2639,Return,0x93D4F6f84d242C7959f8d1F1917DdbC9Fb925ADA,,,,,,
C14,business_logic,test,yes,0xda8f6a4bed7e5689a343d111632d37480c0316f1d20b732803c4bd482823e284,6,2,2,    [STATICCALL] 0x64571e..46D0.getReserves(),STATICCALL,0x64571ea88C809abeeA5DdbEb7427eF37F87946D0,,getReserves,yes,,2504,Return,,,,,,,
C14,business_logic,test,yes,0xda8f6a4bed7e5689a343d111632d37480c0316f1d20b732803c4bd482823e284,7,2,2,    [STATICCALL] 0xC02aaA..6Cc2.balanceOf(),STATICCALL,0xC02aaA39b223FE8D0A0e5C4F27eAD9083C756Cc2,,balanceOf,yes,,534,Return,0x64571ea88C809abeeA5DdbEb7427eF37F87946D0,,,,,,
C14,business_logic,test,yes,0xda8f6a4bed7e5689a343d111632d37480c0316f1d20b732803c4bd482823e284,8,2,2,    [CALL] 0x64571e..46D0.swap(),CALL,0x64571ea88C809abeeA5DdbEb7427eF37F87946D0,,swap,yes,,91673,Stop,"48265619511955219 [4.826e16], 0, 0x93D4F6f84d242C7959f8d1F1917DdbC9Fb925ADA, 0x","Sync(: 1331574789944782958 [1.331e18], : 8551712579258068946 [8.551e18]) | Swap(param0: 0x7a250d5630B4cF539739dF2C5dAcb4c659F2488D, param1: 0, param2: 300000000...",,,,,
C14,business_logic,test,yes,0xda8f6a4bed7e5689a343d111632d37480c0316f1d20b732803c4bd482823e284,9,3,8,      [CALL] 0xBFae33..FDE7.transfer(),CALL,0xBFae33128ecF041856378b57adf0449181FFFDE7,,transfer,yes,,59177,Return,"0x93D4F6f84d242C7959f8d1F1917DdbC9Fb925ADA, 48265619511955219 [4.826e16]","Transfer(from: 0x64571ea88C809abeeA5DdbEb7427eF37F87946D0, to: 0x93D4F6f84d242C7959f8d1F1917DdbC9Fb925ADA, amount: 48265619511955219 [4.826e16])",,,,,
C14,business_logic,test,yes,0xda8f6a4bed7e5689a343d111632d37480c0316f1d20b732803c4bd482823e284,10,3,8,      [STATICCALL] 0xBFae33..FDE7.balanceOf(),STATICCALL,0xBFae33128ecF041856378b57adf0449181FFFDE7,,balanceOf,yes,,639,Return,0x64571ea88C809abeeA5DdbEb7427eF37F87946D0,,,,,,
C14,business_logic,test,yes,0xda8f6a4bed7e5689a343d111632d37480c0316f1d20b732803c4bd482823e284,11,3,8,      [STATICCALL] 0xC02aaA..6Cc2.balanceOf(),STATICCALL,0xC02aaA39b223FE8D0A0e5C4F27eAD9083C756Cc2,,balanceOf,yes,,534,Return,0x64571ea88C809abeeA5DdbEb7427eF37F87946D0,,,,,,
C14,business_logic,test,yes,0xda8f6a4bed7e5689a343d111632d37480c0316f1d20b732803c4bd482823e284,12,2,2,    [STATICCALL] 0xBFae33..FDE7.balanceOf(),STATICCALL,0xBFae33128ecF041856378b57adf0449181FFFDE7,,balanceOf,yes,,639,Return,0x93D4F6f84d242C7959f8d1F1917DdbC9Fb925ADA,,,,,,
C14,business_logic,test,yes,0xda8f6a4bed7e5689a343d111632d37480c0316f1d20b732803c4bd482823e284,13,1,1,  [STATICCALL] 0xBFae33..FDE7.balanceOf(),STATICCALL,0xBFae33128ecF041856378b57adf0449181FFFDE7,,balanceOf,yes,,639,Return,0x93D4F6f84d242C7959f8d1F1917DdbC9Fb925ADA,,,,,,
C14,business_logic,test,yes,0xda8f6a4bed7e5689a343d111632d37480c0316f1d20b732803c4bd482823e284,14,1,1,  [CALL] 0xBFae33..FDE7.approve(),CALL,0xBFae33128ecF041856378b57adf0449181FFFDE7,,approve,yes,,24633,Return,"0xA1cE40702E15d0417a6c74D0bAB96772F36F4E99, 48265619511955219 [4.826e16]","Approval(owner: 0x93D4F6f84d242C7959f8d1F1917DdbC9Fb925ADA, spender: 0xA1cE40702E15d0417a6c74D0bAB96772F36F4E99, amount: 48265619511955219 [4.826e16])",,,,,
C14,business_logic,test,yes,0xda8f6a4bed7e5689a343d111632d37480c0316f1d20b732803c4bd482823e284,15,1,1,  [CALL] 0xA1cE40..4E99.stake(),CALL,0xA1cE40702E15d0417a6c74D0bAB96772F36F4E99,victim,stake,yes,,167510,Stop,"3, 48265619511955219 [4.826e16]",,yes,,,,
C14,business_logic,test,yes,0xda8f6a4bed7e5689a343d111632d37480c0316f1d20b732803c4bd482823e284,16,2,15,    [STATICCALL] 0xBFae33..FDE7.balanceOf(),STATICCALL,0xBFae33128ecF041856378b57adf0449181FFFDE7,,balanceOf,yes,,639,Return,0x93D4F6f84d242C7959f8d1F1917DdbC9Fb925ADA,,,,,,
C14,business_logic,test,yes,0xda8f6a4bed7e5689a343d111632d37480c0316f1d20b732803c4bd482823e284,17,2,15,    [STATICCALL] 0xBFae33..FDE7.balanceOf(),STATICCALL,0xBFae33128ecF041856378b57adf0449181FFFDE7,,balanceOf,yes,,2639,Return,0xA1cE40702E15d0417a6c74D0bAB96772F36F4E99,,,,,,
C14,business_logic,test,yes,0xda8f6a4bed7e5689a343d111632d37480c0316f1d20b732803c4bd482823e284,18,2,15,    [CALL] 0xBFae33..FDE7.transferFrom(),CALL,0xBFae33128ecF041856378b57adf0449181FFFDE7,,transferFrom,yes,,14184,Return,"0x93D4F6f84d242C7959f8d1F1917DdbC9Fb925ADA, 0xA1cE40702E15d0417a6c74D0bAB96772F36F4E99, 48265619511955219 [4.826e16]","Transfer(from: 0x93D4F6f84d242C7959f8d1F1917DdbC9Fb925ADA, to: 0xA1cE40702E15d0417a6c74D0bAB96772F36F4E99, amount: 48265619511955219 [4.826e16]) | Approval(owne...",,,,,
C14,business_logic,test,yes,0xda8f6a4bed7e5689a343d111632d37480c0316f1d20b732803c4bd482823e284,19,2,15,    [STATICCALL] 0xBFae33..FDE7.balanceOf(),STATICCALL,0xBFae33128ecF041856378b57adf0449181FFFDE7,,balanceOf,yes,,639,Return,0xA1cE40702E15d0417a6c74D0bAB96772F36F4E99,,,,,,
C15,business_logic,test,yes,0xbd72bccec6dd824f8cac5d9a3a2364794c9272d7f7348d074b580e3c6e44312e,1,0,,[CALL] 0xE897C0..FEe2.exploit(),CALL,0xE897C0f9443785F8D4F0FA6e92a81066b3fbFEe2,attack_contract,exploit,yes,,908988,Stop,0x319Ec3AD98CF8b12a8BE5719FeC6E0a9bb1ad0D1,,,,,,
C15,business_logic,test,yes,0xbd72bccec6dd824f8cac5d9a3a2364794c9272d7f7348d074b580e3c6e44312e,2,1,1,  [CREATE] 0xA8c6E7..A849.new <unknown>(),CREATE,0xA8c6E7352b13815f6bFA87c7FFaaA6e3a7BfA849,,new <unknown>,yes,,439990,Return,,,,,,,
C15,business_logic,test,yes,0xbd72bccec6dd824f8cac5d9a3a2364794c9272d7f7348d074b580e3c6e44312e,3,1,1,  [STATICCALL] 0xdAC17F..1ec7.allowance(),STATICCALL,0xdAC17F958D2ee523a2206206994597C13D831ec7,,allowance,yes,,5356,Return,"0xE897C0f9443785F8D4F0FA6e92a81066b3fbFEe2, 0x319Ec3AD98CF8b12a8BE5719FeC6E0a9bb1ad0D1",,,,,,
C15,business_logic,test,yes,0xbd72bccec6dd824f8cac5d9a3a2364794c9272d7f7348d074b580e3c6e44312e,4,1,1,  [CALL] 0xdAC17F..1ec7.approve(),CALL,0xdAC17F958D2ee523a2206206994597C13D831ec7,,approve,yes,,22953,Stop,"0x319Ec3AD98CF8b12a8BE5719FeC6E0a9bb1ad0D1, 2000000 [2e6]","Approval(owner: 0xE897C0f9443785F8D4F0FA6e92a81066b3fbFEe2, spender: 0x319Ec3AD98CF8b12a8BE5719FeC6E0a9bb1ad0D1, amount: 2000000 [2e6])",,,,,
C15,business_logic,test,yes,0xbd72bccec6dd824f8cac5d9a3a2364794c9272d7f7348d074b580e3c6e44312e,5,1,1,  [CALL] 0x319Ec3..d0D1.depositTokens(),CALL,0x319Ec3AD98CF8b12a8BE5719FeC6E0a9bb1ad0D1,victim,depositTokens,yes,,50754,Stop,"0xdAC17F958D2ee523a2206206994597C13D831ec7, 2000000 [2e6]","TokenDeposited(param0: 0xdAC17F958D2ee523a2206206994597C13D831ec7, param1: 0xE897C0f9443785F8D4F0FA6e92a81066b3fbFEe2, param2: 2000000 [2e6])",,,,,
C15,business_logic,test,yes,0xbd72bccec6dd824f8cac5d9a3a2364794c9272d7f7348d074b580e3c6e44312e,6,2,5,    [CALL] 0xdAC17F..1ec7.transferFrom(),CALL,0xdAC17F958D2ee523a2206206994597C13D831ec7,,transferFrom,yes,,22924,Stop,"0xE897C0f9443785F8D4F0FA6e92a81066b3fbFEe2, 0x319Ec3AD98CF8b12a8BE5719FeC6E0a9bb1ad0D1, 2000000 [2e6]","Transfer(from: 0xE897C0f9443785F8D4F0FA6e92a81066b3fbFEe2, to: 0x319Ec3AD98CF8b12a8BE5719FeC6E0a9bb1ad0D1, amount: 2000000 [2e6])",,,,,
C15,business_logic,test,yes,0xbd72bccec6dd824f8cac5d9a3a2364794c9272d7f7348d074b580e3c6e44312e,7,1,1,  [CALL] 0xA8c6E7..A849.42c59677(),CALL,0xA8c6E7352b13815f6bFA87c7FFaaA6e3a7BfA849,,42c59677,no,,49262,Stop,000000000000000000000000319ec3ad98cf8b12a8be5719fec6e0a9bb1ad0d1000000000000000000000000dac17f958d2ee523a2206206994597c13d831ec700000000000000000000000000000000...,,,,,,
C15,business_logic,test,yes,0xbd72bccec6dd824f8cac5d9a3a2364794c9272d7f7348d074b580e3c6e44312e,8,2,7,    [CALL] 0x319Ec3..d0D1.lockTokens(),CALL,0x319Ec3AD98CF8b12a8BE5719FeC6E0a9bb1ad0D1,victim,lockTokens,yes,,47217,Stop,"0xE897C0f9443785F8D4F0FA6e92a81066b3fbFEe2, 0","LockTokens(param0: 0xA8c6E7352b13815f6bFA87c7FFaaA6e3a7BfA849, param1: 0xE897C0f9443785F8D4F0FA6e92a81066b3fbFEe2, param2: 0)",yes,,,,
C15,business_logic,test,yes,0xbd72bccec6dd824f8cac5d9a3a2364794c9272d7f7348d074b580e3c6e44312e,9,1,1,  [CALL] 0x319Ec3..d0D1.withdrawTokensWithAlt(),CALL,0x319Ec3AD98CF8b12a8BE5719FeC6E0a9bb1ad0D1,victim,withdrawTokensWithAlt,yes,,33116,Stop,"0xdAC17F958D2ee523a2206206994597C13D831ec7, 0xA8c6E7352b13815f6bFA87c7FFaaA6e3a7BfA849, 1000000 [1e6]","TokenWithdrawn(param0: 0xdAC17F958D2ee523a2206206994597C13D831ec7, param1: 0xE897C0f9443785F8D4F0FA6e92a81066b3fbFEe2, param2: 1000000 [1e6])",,,,,
C15,business_logic,test,yes,0xbd72bccec6dd824f8cac5d9a3a2364794c9272d7f7348d074b580e3c6e44312e,10,2,9,    [CALL] 0xdAC17F..1ec7.transfer(),CALL,0xdAC17F958D2ee523a2206206994597C13D831ec7,,transfer,yes,,6901,Stop,"0xE897C0f9443785F8D4F0FA6e92a81066b3fbFEe2, 1000000 [1e6]","Transfer(from: 0x319Ec3AD98CF8b12a8BE5719FeC6E0a9bb1ad0D1, to: 0xE897C0f9443785F8D4F0FA6e92a81066b3fbFEe2, amount: 1000000 [1e6])",,,,,
C15,business_logic,test,yes,0xbd72bccec6dd824f8cac5d9a3a2364794c9272d7f7348d074b580e3c6e44312e,11,1,1,  [CALL] 0xA8c6E7..A849.42c59677(),CALL,0xA8c6E7352b13815f6bFA87c7FFaaA6e3a7BfA849,,42c59677,no,,45124,Stop,000000000000000000000000319ec3ad98cf8b12a8be5719fec6e0a9bb1ad0d1000000000000000000000000dac17f958d2ee523a2206206994597c13d831ec700000000000000000000000000000000...,,,,,,
C15,business_logic,test,yes,0xbd72bccec6dd824f8cac5d9a3a2364794c9272d7f7348d074b580e3c6e44312e,12,2,11,    [STATICCALL] 0xdAC17F..1ec7.balanceOf(),STATICCALL,0xdAC17F958D2ee523a2206206994597C13D831ec7,,balanceOf,yes,,1031,Return,0x319Ec3AD98CF8b12a8BE5719FeC6E0a9bb1ad0D1,,,,,,
C15,business_logic,test,yes,0xbd72bccec6dd824f8cac5d9a3a2364794c9272d7f7348d074b580e3c6e44312e,13,2,11,    [CALL] 0x319Ec3..d0D1.withdrawTokens(),CALL,0x319Ec3AD98CF8b12a8BE5719FeC6E0a9bb1ad0D1,victim,withdrawTokens,yes,,31035,Stop,"0xdAC17F958D2ee523a2206206994597C13D831ec7, 10335882398 [1.033e10]","TokenWithdrawn(param0: 0xdAC17F958D2ee523a2206206994597C13D831ec7, param1: 0xA8c6E7352b13815f6bFA87c7FFaaA6e3a7BfA849, param2: 10335882398 [1.033e10])",,,,,
C15,business_logic,test,yes,0xbd72bccec6dd824f8cac5d9a3a2364794c9272d7f7348d074b580e3c6e44312e,14,3,13,      [CALL] 0xdAC17F..1ec7.transfer(),CALL,0xdAC17F958D2ee523a2206206994597C13D831ec7,,transfer,yes,,26801,Stop,"0xA8c6E7352b13815f6bFA87c7FFaaA6e3a7BfA849, 10335882398 [1.033e10]","Transfer(from: 0x319Ec3AD98CF8b12a8BE5719FeC6E0a9bb1ad0D1, to: 0xA8c6E7352b13815f6bFA87c7FFaaA6e3a7BfA849, amount: 10335882398 [1.033e10])",,,,,
C15,business_logic,test,yes,0xbd72bccec6dd824f8cac5d9a3a2364794c9272d7f7348d074b580e3c6e44312e,15,2,11,    [STATICCALL] 0xdAC17F..1ec7.balanceOf(),STATICCALL,0xdAC17F958D2ee523a2206206994597C13D831ec7,,balanceOf,yes,,1031,Return,0xA8c6E7352b13815f6bFA87c7FFaaA6e3a7BfA849,,,,,,
C15,business_logic,test,yes,0xbd72bccec6dd824f8cac5d9a3a2364794c9272d7f7348d074b580e3c6e44312e,16,2,11,    [CALL] 0xdAC17F..1ec7.transfer(),CALL,0xdAC17F958D2ee523a2206206994597C13D831ec7,,transfer,yes,,6901,Stop,"0xE897C0f9443785F8D4F0FA6e92a81066b3fbFEe2, 10335882398 [1.033e10]","Transfer(from: 0xA8c6E7352b13815f6bFA87c7FFaaA6e3a7BfA849, to: 0xE897C0f9443785F8D4F0FA6e92a81066b3fbFEe2, amount: 10335882398 [1.033e10])",,,,,
C15,business_logic,test,yes,0xbd72bccec6dd824f8cac5d9a3a2364794c9272d7f7348d074b580e3c6e44312e,17,1,1,  [STATICCALL] 0xA0b869..eB48.allowance(),STATICCALL,0xA0b86991c6218b36c1d19D4a2e9Eb0cE3606eB48,,allowance,yes,,9926,Return,"0xE897C0f9443785F8D4F0FA6e92a81066b3fbFEe2, 0x319Ec3AD98CF8b12a8BE5719FeC6E0a9bb1ad0D1",,,,,,
C15,business_logic,test,yes,0xbd72bccec6dd824f8cac5d9a3a2364794c9272d7f7348d074b580e3c6e44312e,18,2,17,    [DELEGATECALL] 0xa2327a..bDCF.allowance(),DELEGATECALL,0xa2327a938Febf5FEC13baCFb16Ae10EcBc4cbDCF,,allowance,yes,,2637,Return,"0xE897C0f9443785F8D4F0FA6e92a81066b3fbFEe2, 0x319Ec3AD98CF8b12a8BE5719FeC6E0a9bb1ad0D1",,,,,,
C15,business_logic,test,yes,0xbd72bccec6dd824f8cac5d9a3a2364794c9272d7f7348d074b580e3c6e44312e,19,1,1,  [CALL] 0xA0b869..eB48.approve(),CALL,0xA0b86991c6218b36c1d19D4a2e9Eb0cE3606eB48,,approve,yes,,29767,Return,"0x319Ec3AD98CF8b12a8BE5719FeC6E0a9bb1ad0D1, 2000000 [2e6]",,,,,,
C15,business_logic,test,yes,0xbd72bccec6dd824f8cac5d9a3a2364794c9272d7f7348d074b580e3c6e44312e,20,2,19,    [DELEGATECALL] 0xa2327a..bDCF.approve(),DELEGATECALL,0xa2327a938Febf5FEC13baCFb16Ae10EcBc4cbDCF,,approve,yes,,28978,Return,"0x319Ec3AD98CF8b12a8BE5719FeC6E0a9bb1ad0D1, 2000000 [2e6]","Approval(owner: 0xE897C0f9443785F8D4F0FA6e92a81066b3fbFEe2, spender: 0x319Ec3AD98CF8b12a8BE5719FeC6E0a9bb1ad0D1, amount: 2000000 [2e6])",,,,,
C15,business_logic,test,yes,0xbd72bccec6dd824f8cac5d9a3a2364794c9272d7f7348d074b580e3c6e44312e,21,1,1,  [CALL] 0x319Ec3..d0D1.depositTokens(),CALL,0x319Ec3AD98CF8b12a8BE5719FeC6E0a9bb1ad0D1,victim,depositTokens,yes,,43661,Stop,"0xA0b86991c6218b36c1d19D4a2e9Eb0cE3606eB48, 2000000 [2e6]","TokenDeposited(param0: 0xA0b86991c6218b36c1d19D4a2e9Eb0cE3606eB48, param1: 0xE897C0f9443785F8D4F0FA6e92a81066b3fbFEe2, param2: 2000000 [2e6])",,,,,
C15,business_logic,test,yes,0xbd72bccec6dd824f8cac5d9a3a2364794c9272d7f7348d074b580e3c6e44312e,22,2,21,    [CALL] 0xA0b869..eB48.transferFrom(),CALL,0xA0b86991c6218b36c1d19D4a2e9Eb0cE3606eB48,,transferFrom,yes,,15592,Return,"0xE897C0f9443785F8D4F0FA6e92a81066b3fbFEe2, 0x319Ec3AD98CF8b12a8BE5719FeC6E0a9bb1ad0D1, 2000000 [2e6]",,,,,,
C15,business_logic,test,yes,0xbd72bccec6dd824f8cac5d9a3a2364794c9272d7f7348d074b580e3c6e44312e,23,3,22,      [DELEGATECALL] 0xa2327a..bDCF.transferFrom(),DELEGATECALL,0xa2327a938Febf5FEC13baCFb16Ae10EcBc4cbDCF,,transferFrom,yes,,14797,Return,"0xE897C0f9443785F8D4F0FA6e92a81066b3fbFEe2, 0x319Ec3AD98CF8b12a8BE5719FeC6E0a9bb1ad0D1, 2000000 [2e6]","Transfer(from: 0xE897C0f9443785F8D4F0FA6e92a81066b3fbFEe2, to: 0x319Ec3AD98CF8b12a8BE5719FeC6E0a9bb1ad0D1, amount: 2000000 [2e6])",,,,,
C15,business_logic,test,yes,0xbd72bccec6dd824f8cac5d9a3a2364794c9272d7f7348d074b580e3c6e44312e,24,1,1,  [CALL] 0xA8c6E7..A849.42c59677(),CALL,0xA8c6E7352b13815f6bFA87c7FFaaA6e3a7BfA849,,42c59677,no,,5462,Stop,000000000000000000000000319ec3ad98cf8b12a8be5719fec6e0a9bb1ad0d1000000000000000000000000a0b86991c6218b36c1d19d4a2e9eb0ce3606eb4800000000000000000000000000000000...,,,,,,
C15,business_logic,test,yes,0xbd72bccec6dd824f8cac5d9a3a2364794c9272d7f7348d074b580e3c6e44312e,25,2,24,    [CALL] 0x319Ec3..d0D1.lockTokens(),CALL,0x319Ec3AD98CF8b12a8BE5719FeC6E0a9bb1ad0D1,victim,lockTokens,yes,,3417,Stop,"0xE897C0f9443785F8D4F0FA6e92a81066b3fbFEe2, 0","LockTokens(param0: 0xA8c6E7352b13815f6bFA87c7FFaaA6e3a7BfA849, param1: 0xE897C0f9443785F8D4F0FA6e92a81066b3fbFEe2, param2: 0)",yes,,,,
C15,business_logic,test,yes,0xbd72bccec6dd824f8cac5d9a3a2364794c9272d7f7348d074b580e3c6e44312e,26,1,1,  [CALL] 0x319Ec3..d0D1.withdrawTokensWithAlt(),CALL,0x319Ec3AD98CF8b12a8BE5719FeC6E0a9bb1ad0D1,victim,withdrawTokensWithAlt,yes,,31271,Stop,"0xA0b86991c6218b36c1d19D4a2e9Eb0cE3606eB48, 0xA8c6E7352b13815f6bFA87c7FFaaA6e3a7BfA849, 1000000 [1e6]","TokenWithdrawn(param0: 0xA0b86991c6218b36c1d19D4a2e9Eb0cE3606eB48, param1: 0xE897C0f9443785F8D4F0FA6e92a81066b3fbFEe2, param2: 1000000 [1e6])",,,,,
C15,business_logic,test,yes,0xbd72bccec6dd824f8cac5d9a3a2364794c9272d7f7348d074b580e3c6e44312e,27,2,26,    [CALL] 0xA0b869..eB48.transfer(),CALL,0xA0b86991c6218b36c1d19D4a2e9Eb0cE3606eB48,,transfer,yes,,4817,Return,"0xE897C0f9443785F8D4F0FA6e92a81066b3fbFEe2, 1000000 [1e6]",,,,,,
C15,business_logic,test,yes,0xbd72bccec6dd824f8cac5d9a3a2364794c9272d7f7348d074b580e3c6e44312e,28,3,27,      [DELEGATECALL] 0xa2327a..bDCF.transfer(),DELEGATECALL,0xa2327a938Febf5FEC13baCFb16Ae10EcBc4cbDCF,,transfer,yes,,4028,Return,"0xE897C0f9443785F8D4F0FA6e92a81066b3fbFEe2, 1000000 [1e6]","Transfer(from: 0x319Ec3AD98CF8b12a8BE5719FeC6E0a9bb1ad0D1, to: 0xE897C0f9443785F8D4F0FA6e92a81066b3fbFEe2, amount: 1000000 [1e6])",,,,,
C15,business_logic,test,yes,0xbd72bccec6dd824f8cac5d9a3a2364794c9272d7f7348d074b580e3c6e44312e,29,1,1,  [CALL] 0xA8c6E7..A849.42c59677(),CALL,0xA8c6E7352b13815f6bFA87c7FFaaA6e3a7BfA849,,42c59677,no,,46071,Stop,000000000000000000000000319ec3ad98cf8b12a8be5719fec6e0a9bb1ad0d1000000000000000000000000a0b86991c6218b36c1d19d4a2e9eb0ce3606eb4800000000000000000000000000000000...,,,,,,
C15,business_logic,test,yes,0xbd72bccec6dd824f8cac5d9a3a2364794c9272d7f7348d074b580e3c6e44312e,30,2,29,    [STATICCALL] 0xA0b869..eB48.balanceOf(),STATICCALL,0xA0b86991c6218b36c1d19D4a2e9Eb0cE3606eB48,,balanceOf,yes,,1315,Return,0x319Ec3AD98CF8b12a8BE5719FeC6E0a9bb1ad0D1,,,,,,
C15,business_logic,test,yes,0xbd72bccec6dd824f8cac5d9a3a2364794c9272d7f7348d074b580e3c6e44312e,31,3,30,      [DELEGATECALL] 0xa2327a..bDCF.balanceOf(),DELEGATECALL,0xa2327a938Febf5FEC13baCFb16Ae10EcBc4cbDCF,,balanceOf,yes,,529,Return,0x319Ec3AD98CF8b12a8BE5719FeC6E0a9bb1ad0D1,,,,,,
C15,business_logic,test,yes,0xbd72bccec6dd824f8cac5d9a3a2364794c9272d7f7348d074b580e3c6e44312e,32,2,29,    [CALL] 0x319Ec3..d0D1.withdrawTokens(),CALL,0x319Ec3AD98CF8b12a8BE5719FeC6E0a9bb1ad0D1,victim,withdrawTokens,yes,,33190,Stop,"0xA0b86991c6218b36c1d19D4a2e9Eb0cE3606eB48, 6592359286 [6.592e9]","TokenWithdrawn(param0: 0xA0b86991c6218b36c1d19D4a2e9Eb0cE3606eB48, param1: 0xA8c6E7352b13815f6bFA87c7FFaaA6e3a7BfA849, param2: 6592359286 [6.592e9])",,,,,
C15,business_logic,test,yes,0xbd72bccec6dd824f8cac5d9a3a2364794c9272d7f7348d074b580e3c6e44312e,33,3,32,      [CALL] 0xA0b869..eB48.transfer(),CALL,0xA0b86991c6218b36c1d19D4a2e9Eb0cE3606eB48,,transfer,yes,,28717,Return,"0xA8c6E7352b13815f6bFA87c7FFaaA6e3a7BfA849, 6592359286 [6.592e9]",,,,,,
C15,business_logic,test,yes,0xbd72bccec6dd824f8cac5d9a3a2364794c9272d7f7348d074b580e3c6e44312e,34,4,33,        [DELEGATECALL] 0xa2327a..bDCF.transfer(),DELEGATECALL,0xa2327a938Febf5FEC13baCFb16Ae10EcBc4cbDCF,,transfer,yes,,27928,Return,"0xA8c6E7352b13815f6bFA87c7FFaaA6e3a7BfA849, 6592359286 [6.592e9]","Transfer(from: 0x319Ec3AD98CF8b12a8BE5719FeC6E0a9bb1ad0D1, to: 0xA8c6E7352b13815f6bFA87c7FFaaA6e3a7BfA849, amount: 6592359286 [6.592e9])",,,,,
C15,business_logic,test,yes,0xbd72bccec6dd824f8cac5d9a3a2364794c9272d7f7348d074b580e3c6e44312e,35,2,29,    [STATICCALL] 0xA0b869..eB48.balanceOf(),STATICCALL,0xA0b86991c6218b36c1d19D4a2e9Eb0cE3606eB48,,balanceOf,yes,,1315,Return,0xA8c6E7352b13815f6bFA87c7FFaaA6e3a7BfA849,,,,,,
C15,business_logic,test,yes,0xbd72bccec6dd824f8cac5d9a3a2364794c9272d7f7348d074b580e3c6e44312e,36,3,35,      [DELEGATECALL] 0xa2327a..bDCF.balanceOf(),DELEGATECALL,0xa2327a938Febf5FEC13baCFb16Ae10EcBc4cbDCF,,balanceOf,yes,,529,Return,0xA8c6E7352b13815f6bFA87c7FFaaA6e3a7BfA849,,,,,,
C15,business_logic,test,yes,0xbd72bccec6dd824f8cac5d9a3a2364794c9272d7f7348d074b580e3c6e44312e,37,2,29,    [CALL] 0xA0b869..eB48.transfer(),CALL,0xA0b86991c6218b36c1d19D4a2e9Eb0cE3606eB48,,transfer,yes,,4817,Return,"0xE897C0f9443785F8D4F0FA6e92a81066b3fbFEe2, 6592359286 [6.592e9]",,,,,,
C15,business_logic,test,yes,0xbd72bccec6dd824f8cac5d9a3a2364794c9272d7f7348d074b580e3c6e44312e,38,3,37,      [DELEGATECALL] 0xa2327a..bDCF.transfer(),DELEGATECALL,0xa2327a938Febf5FEC13baCFb16Ae10EcBc4cbDCF,,transfer,yes,,4028,Return,"0xE897C0f9443785F8D4F0FA6e92a81066b3fbFEe2, 6592359286 [6.592e9]","Transfer(from: 0xA8c6E7352b13815f6bFA87c7FFaaA6e3a7BfA849, to: 0xE897C0f9443785F8D4F0FA6e92a81066b3fbFEe2, amount: 6592359286 [6.592e9])",,,,,
C15,business_logic,test,yes,0xbd72bccec6dd824f8cac5d9a3a2364794c9272d7f7348d074b580e3c6e44312e,39,1,1,  [STATICCALL] 0xdAC17F..1ec7.balanceOf(),STATICCALL,0xdAC17F958D2ee523a2206206994597C13D831ec7,,balanceOf,yes,,1031,Return,0xE897C0f9443785F8D4F0FA6e92a81066b3fbFEe2,,,,,,
C15,business_logic,test,yes,0xbd72bccec6dd824f8cac5d9a3a2364794c9272d7f7348d074b580e3c6e44312e,40,1,1,  [CALL] 0xdAC17F..1ec7.transfer(),CALL,0xdAC17F958D2ee523a2206206994597C13D831ec7,,transfer,yes,,9701,Stop,"0x7d9bC45a9ABDA926A7Ce63f78759dBFA9Ed72e26, 10339882398 [1.033e10]","Transfer(from: 0xE897C0f9443785F8D4F0FA6e92a81066b3fbFEe2, to: 0x7d9bC45a9ABDA926A7Ce63f78759dBFA9Ed72e26, amount: 10339882398 [1.033e10])",,,,,
C15,business_logic,test,yes,0xbd72bccec6dd824f8cac5d9a3a2364794c9272d7f7348d074b580e3c6e44312e,41,1,1,  [STATICCALL] 0xA0b869..eB48.balanceOf(),STATICCALL,0xA0b86991c6218b36c1d19D4a2e9Eb0cE3606eB48,,balanceOf,yes,,1315,Return,0xE897C0f9443785F8D4F0FA6e92a81066b3fbFEe2,,,,,,
C15,business_logic,test,yes,0xbd72bccec6dd824f8cac5d9a3a2364794c9272d7f7348d074b580e3c6e44312e,42,2,41,    [DELEGATECALL] 0xa2327a..bDCF.balanceOf(),DELEGATECALL,0xa2327a938Febf5FEC13baCFb16Ae10EcBc4cbDCF,,balanceOf,yes,,529,Return,0xE897C0f9443785F8D4F0FA6e92a81066b3fbFEe2,,,,,,
C15,business_logic,test,yes,0xbd72bccec6dd824f8cac5d9a3a2364794c9272d7f7348d074b580e3c6e44312e,43,1,1,  [CALL] 0xA0b869..eB48.transfer(),CALL,0xA0b86991c6218b36c1d19D4a2e9Eb0cE3606eB48,,transfer,yes,,11617,Return,"0x7d9bC45a9ABDA926A7Ce63f78759dBFA9Ed72e26, 6596359286 [6.596e9]",,,,,,
C15,business_logic,test,yes,0xbd72bccec6dd824f8cac5d9a3a2364794c9272d7f7348d074b580e3c6e44312e,44,2,43,    [DELEGATECALL] 0xa2327a..bDCF.transfer(),DELEGATECALL,0xa2327a938Febf5FEC13baCFb16Ae10EcBc4cbDCF,,transfer,yes,,10828,Return,"0x7d9bC45a9ABDA926A7Ce63f78759dBFA9Ed72e26, 6596359286 [6.596e9]","Transfer(from: 0xE897C0f9443785F8D4F0FA6e92a81066b3fbFEe2, to: 0x7d9bC45a9ABDA926A7Ce63f78759dBFA9Ed72e26, amount: 6596359286 [6.596e9])",,,,,
C15,business_logic,test,yes,0xbd72bccec6dd824f8cac5d9a3a2364794c9272d7f7348d074b580e3c6e44312e,45,1,1,  [CALL] 0xA8c6E7..A849.killMe(),CALL,0xA8c6E7352b13815f6bFA87c7FFaaA6e3a7BfA849,,killMe,yes,,5396,SelfDestruct,,,,,,,
C15,business_logic,test,yes,0xbd72bccec6dd824f8cac5d9a3a2364794c9272d7f7348d074b580e3c6e44312e,46,1,1,  [CALL] 0xE897C0..FEe2.killMe(),CALL,0xE897C0f9443785F8D4F0FA6e92a81066b3fbFEe2,attack_contract,killMe,yes,,5466,SelfDestruct,,,,,,,
C16,business_logic,test,yes,0xc310a0affe2169d1f6feec1c63dbc7f7c62a887fa48795d327d4d2da2d6b111d,1,0,,[CALL] 0xeBC291..Bf99.863df8af(),CALL,0xeBC29199C817Dc47BA12E3F86102564D640CBf99,attack_contract,863df8af,no,,2015830,Stop,,,,,,,
C16,business_logic,test,yes,0xc310a0affe2169d1f6feec1c63dbc7f7c62a887fa48795d327d4d2da2d6b111d,2,1,1,  [CALL] 0x6B1754..1d0F.decimals(),CALL,0x6B175474E89094C44Da98b954EedeAC495271d0F,,decimals,yes,,240,Return,,,,,,,
C16,business_logic,test,yes,0xc310a0affe2169d1f6feec1c63dbc7f7c62a887fa48795d327d4d2da2d6b111d,3,1,1,  [CALL] 0x6B1754..1d0F.decimals(),CALL,0x6B175474E89094C44Da98b954EedeAC495271d0F,,decimals,yes,,240,Return,,,,,,,
C16,business_logic,test,yes,0xc310a0affe2169d1f6feec1c63dbc7f7c62a887fa48795d327d4d2da2d6b111d,4,1,1,  [STATICCALL] 0x6B1754..1d0F.balanceOf(),STATICCALL,0x6B175474E89094C44Da98b954EedeAC495271d0F,,balanceOf,yes,,2602,Return,0x27182842E098f60e3D576794A5bFFb0777E025d3,,,,,,
C16,business_logic,test,yes,0xc310a0affe2169d1f6feec1c63dbc7f7c62a887fa48795d327d4d2da2d6b111d,5,1,1,  [CALL] 0x7d2768..c7A9.flashLoan(),CALL,0x7d2768dE32b0b80b7a3454c06BdAc94A69DDc7A9,,flashLoan,yes,,1993387,Return,"0xeBC29199C817Dc47BA12E3F86102564D640CBf99, [0x6B175474E89094C44Da98b954EedeAC495271d0F], [30000000000000000000000000 [3e25]], [0], 0xeBC29199C817Dc47BA12E3F861...",,,,,,
C16,business_logic,test,yes,0xc310a0affe2169d1f6feec1c63dbc7f7c62a887fa48795d327d4d2da2d6b111d,6,2,5,    [DELEGATECALL] 0xC6845a..5baf.flashLoan(),DELEGATECALL,0xC6845a5C768BF8D7681249f8927877Efda425baf,,flashLoan,yes,,1988162,Stop,"0xeBC29199C817Dc47BA12E3F86102564D640CBf99, [0x6B175474E89094C44Da98b954EedeAC495271d0F], [30000000000000000000000000 [3e25]], [0], 0xeBC29199C817Dc47BA12E3F861...","ReserveDataUpdated(param0: 0x6B175474E89094C44Da98b954EedeAC495271d0F, param1: 1959998735747773165680402 [1.959e24], param2: 105012559700472614291509045 [1.05e2...",,,,,
C16,business_logic,test,yes,0xc310a0affe2169d1f6feec1c63dbc7f7c62a887fa48795d327d4d2da2d6b111d,7,3,6,      [CALL] 0x028171..68A3.transferUnderlyingTo(),CALL,0x028171bCA77440897B824Ca71D1c56caC55b68A3,,transferUnderlyingTo,yes,,37076,Return,"0xeBC29199C817Dc47BA12E3F86102564D640CBf99, 30000000000000000000000000 [3e25]",,,,,,
C16,business_logic,test,yes,0xc310a0affe2169d1f6feec1c63dbc7f7c62a887fa48795d327d4d2da2d6b111d,8,4,7,        [DELEGATECALL] 0x7b2a3C..7bD0.transferUnderlyingTo(),DELEGATECALL,0x7b2a3CF972C3193F26CdeC6217D27379b6417bD0,,transferUnderlyingTo,yes,,31962,Return,"0xeBC29199C817Dc47BA12E3F86102564D640CBf99, 30000000000000000000000000 [3e25]",,,,,,
C16,business_logic,test,yes,0xc310a0affe2169d1f6feec1c63dbc7f7c62a887fa48795d327d4d2da2d6b111d,9,5,8,          [CALL] 0x6B1754..1d0F.transfer(),CALL,0x6B175474E89094C44Da98b954EedeAC495271d0F,,transfer,yes,,30174,Return,"0xeBC29199C817Dc47BA12E3F86102564D640CBf99, 30000000000000000000000000 [3e25]","Transfer(from: 0x028171bCA77440897B824Ca71D1c56caC55b68A3, to: 0xeBC29199C817Dc47BA12E3F86102564D640CBf99, amount: 30000000000000000000000000 [3e25])",,,,,
C16,business_logic,test,yes,0xc310a0affe2169d1f6feec1c63dbc7f7c62a887fa48795d327d4d2da2d6b111d,10,3,6,      [CALL] 0xeBC291..Bf99.executeOperation(),CALL,0xeBC29199C817Dc47BA12E3F86102564D640CBf99,attack_contract,executeOperation,yes,,1798478,Return,"[0x6B175474E89094C44Da98b954EedeAC495271d0F], [30000000000000000000000000 [3e25]], [27000000000000000000000 [2.7e22]], 0xeBC29199C817Dc47BA12E3F86102564D640CBf9...",,,,,,
C16,business_logic,test,yes,0xc310a0affe2169d1f6feec1c63dbc7f7c62a887fa48795d327d4d2da2d6b111d,11,4,10,        [CALL] 0x6B1754..1d0F.approve(),CALL,0x6B175474E89094C44Da98b954EedeAC495271d0F,,approve,yes,,24514,Return,"0x7d2768dE32b0b80b7a3454c06BdAc94A69DDc7A9, 115792089237316195423570985008687907853269984665640564039457584007913129639935 [1.157e77]","Approval(owner: 0xeBC29199C817Dc47BA12E3F86102564D640CBf99, spender: 0x7d2768dE32b0b80b7a3454c06BdAc94A69DDc7A9, amount: 115792089237316195423570985008687907853...",,,,,
C16,business_logic,test,yes,0xc310a0affe2169d1f6feec1c63dbc7f7c62a887fa48795d327d4d2da2d6b111d,12,4,10,        [CREATE] 0x583c21..6c72.new <unknown>(),CREATE,0x583c21631c48D442B5C0E605d624f54A0B366c72,,new <unknown>,yes,,982878,Return,,,,,,,
C16,business_logic,test,yes,0xc310a0affe2169d1f6feec1c63dbc7f7c62a887fa48795d327d4d2da2d6b111d,13,5,12,          [CREATE] 0xA0b3ee..f12b.new <unknown>(),CREATE,0xA0b3ee897f233F385E5D61086c32685257d4f12b,,new <unknown>,yes,,408243,Return,,,,,,,
C16,business_logic,test,yes,0xc310a0affe2169d1f6feec1c63dbc7f7c62a887fa48795d327d4d2da2d6b111d,14,4,10,        [CALL] 0x6B1754..1d0F.transfer(),CALL,0x6B175474E89094C44Da98b954EedeAC495271d0F,,transfer,yes,,25374,Return,"0x583c21631c48D442B5C0E605d624f54A0B366c72, 30000000000000000000000000 [3e25]","Transfer(from: 0xeBC29199C817Dc47BA12E3F86102564D640CBf99, to: 0x583c21631c48D442B5C0E605d624f54A0B366c72, amount: 30000000000000000000000000 [3e25])",,,,,
C16,business_logic,test,yes,0xc310a0affe2169d1f6feec1c63dbc7f7c62a887fa48795d327d4d2da2d6b111d,15,4,10,        [CALL] 0x583c21..6c72.9f443549(),CALL,0x583c21631c48D442B5C0E605d624f54A0B366c72,,9f443549,no,,706385,Return,000000000000000000000000ebc29199c817dc47ba12e3f86102564d640cbf990000000000000000000000000000000000000000000000000000000001c9c38000000000000000000000000000000000...,,,,,,
C16,business_logic,test,yes,0xc310a0affe2169d1f6feec1c63dbc7f7c62a887fa48795d327d4d2da2d6b111d,16,5,15,          [CALL] 0x6B1754..1d0F.decimals(),CALL,0x6B175474E89094C44Da98b954EedeAC495271d0F,,decimals,yes,,240,Return,,,,,,,
C16,business_logic,test,yes,0xc310a0affe2169d1f6feec1c63dbc7f7c62a887fa48795d327d4d2da2d6b111d,17,5,15,          [STATICCALL] 0x6B1754..1d0F.balanceOf(),STATICCALL,0x6B175474E89094C44Da98b954EedeAC495271d0F,,balanceOf,yes,,602,Return,0x583c21631c48D442B5C0E605d624f54A0B366c72,,,,,,
C16,business_logic,test,yes,0xc310a0affe2169d1f6feec1c63dbc7f7c62a887fa48795d327d4d2da2d6b111d,18,5,15,          [CALL] 0x6B1754..1d0F.decimals(),CALL,0x6B175474E89094C44Da98b954EedeAC495271d0F,,decimals,yes,,240,Return,,,,,,,
C16,business_logic,test,yes,0xc310a0affe2169d1f6feec1c63dbc7f7c62a887fa48795d327d4d2da2d6b111d,19,5,15,          [CALL] 0x6B1754..1d0F.approve(),CALL,0x6B175474E89094C44Da98b954EedeAC495271d0F,,approve,yes,,24514,Return,"0x27182842E098f60e3D576794A5bFFb0777E025d3, 115792089237316195423570985008687907853269984665640564039457584007913129639935 [1.157e77]","Approval(owner: 0x583c21631c48D442B5C0E605d624f54A0B366c72, spender: 0x27182842E098f60e3D576794A5bFFb0777E025d3, amount: 115792089237316195423570985008687907853...",,,,,
C16,business_logic,test,yes,0xc310a0affe2169d1f6feec1c63dbc7f7c62a887fa48795d327d4d2da2d6b111d,20,5,15,          [CALL] 0x6B1754..1d0F.decimals(),CALL,0x6B175474E89094C44Da98b954EedeAC495271d0F,,decimals,yes,,240,Return,,,,,,,
C16,business_logic,test,yes,0xc310a0affe2169d1f6feec1c63dbc7f7c62a887fa48795d327d4d2da2d6b111d,21,5,15,          [CALL] 0xe025E3..D9DC.deposit(),CALL,0xe025E3ca2bE02316033184551D4d3Aa22024D9DC,victim,deposit,yes,,96703,Return,"0, 20000000000000000000000000 [2e25]",,,,,,
C16,business_logic,test,yes,0xc310a0affe2169d1f6feec1c63dbc7f7c62a887fa48795d327d4d2da2d6b111d,22,6,21,            [CALL] 0x271828..25d3.e9c4a3ac(),CALL,0x27182842E098f60e3D576794A5bFFb0777E025d3,,e9c4a3ac,no,,93913,Return,e2bbb1580000000000000000000000000000000000000000000000000000000000000000000000000000000000000000000000000000000000108b2a2c28029094000000583c21631c48d442b5c0e605...,,,,,,
C16,business_logic,test,yes,0xc310a0affe2169d1f6feec1c63dbc7f7c62a887fa48795d327d4d2da2d6b111d,23,7,22,              [DELEGATECALL] 0xbb0D4b..4c0a.e2bbb158(),DELEGATECALL,0xbb0D4bb654a21054aF95456a3B29c63e8D1F4c0a,,e2bbb158,no,,86568,Stop,0000000000000000000000000000000000000000000000000000000000000000000000000000000000000000000000000000000000108b2a2c28029094000000583c21631c48d442b5c0e605d624f54a...,"RequestDeposit(param0: 0x583c21631c48D442B5C0E605d624f54A0B366c72, param1: 20000000000000000000000000 [2e25]) | Deposit(param0: 0x6B175474E89094C44Da98b954EedeA...",,,,,
C16,business_logic,test,yes,0xc310a0affe2169d1f6feec1c63dbc7f7c62a887fa48795d327d4d2da2d6b111d,24,8,23,                [STATICCALL] 0x6B1754..1d0F.balanceOf(),STATICCALL,0x6B175474E89094C44Da98b954EedeAC495271d0F,,balanceOf,yes,,602,Return,0x27182842E098f60e3D576794A5bFFb0777E025d3,,,,,,
C16,business_logic,test,yes,0xc310a0affe2169d1f6feec1c63dbc7f7c62a887fa48795d327d4d2da2d6b111d,25,8,23,                [CALL] 0x6B1754..1d0F.transferFrom(),CALL,0x6B175474E89094C44Da98b954EedeAC495271d0F,,transferFrom,yes,,6618,Return,"0x583c21631c48D442B5C0E605d624f54A0B366c72, 0x27182842E098f60e3D576794A5bFFb0777E025d3, 20000000000000000000000000 [2e25]","Transfer(from: 0x583c21631c48D442B5C0E605d624f54A0B366c72, to: 0x27182842E098f60e3D576794A5bFFb0777E025d3, amount: 20000000000000000000000000 [2e25])",,,,,
C16,business_logic,test,yes,0xc310a0affe2169d1f6feec1c63dbc7f7c62a887fa48795d327d4d2da2d6b111d,26,8,23,                [STATICCALL] 0x6B1754..1d0F.balanceOf(),STATICCALL,0x6B175474E89094C44Da98b954EedeAC495271d0F,,balanceOf,yes,,602,Return,0x27182842E098f60e3D576794A5bFFb0777E025d3,,,,,,
C16,business_logic,test,yes,0xc310a0affe2169d1f6feec1c63dbc7f7c62a887fa48795d327d4d2da2d6b111d,27,8,23,                [DELEGATECALL] 0x42ec0e..eE89.computeInterestRate(),DELEGATECALL,0x42ec0eb1d2746A9f2739D7501C5d5608bdE9eE89,,computeInterestRate,yes,,882,Return,"0x6B175474E89094C44Da98b954EedeAC495271d0F, 373591832 [3.735e8]",,,,,,
C16,business_logic,test,yes,0xc310a0affe2169d1f6feec1c63dbc7f7c62a887fa48795d327d4d2da2d6b111d,28,8,23,                [CALL] 0xe025E3..D9DC.03ddf252(),CALL,0xe025E3ca2bE02316033184551D4d3Aa22024D9DC,victim,03ddf252,no,,2004,Return,ad1be2c89b69c2b068fc378daa952ba7f163c4a11628f55a4df523b3ef0000000000000000000000000000000000000000000000000000000000000000000000000000000000000000583c21631c48d4...,"Transfer(from: 0x0000000000000000000000000000000000000000, to: 0x583c21631c48D442B5C0E605d624f54A0B366c72, amount: 19568124398774981141467060 [1.956e25])",,,,,
C16,business_logic,test,yes,0xc310a0affe2169d1f6feec1c63dbc7f7c62a887fa48795d327d4d2da2d6b111d,29,5,15,          [CALL] 0x6B1754..1d0F.decimals(),CALL,0x6B175474E89094C44Da98b954EedeAC495271d0F,,decimals,yes,,240,Return,,,,,,,
C16,business_logic,test,yes,0xc310a0affe2169d1f6feec1c63dbc7f7c62a887fa48795d327d4d2da2d6b111d,30,5,15,          [CALL] 0xe025E3..D9DC.mint(),CALL,0xe025E3ca2bE02316033184551D4d3Aa22024D9DC,victim,mint,yes,,120569,Return,"0, 200000000000000000000000000 [2e26]",,,,,,
C16,business_logic,test,yes,0xc310a0affe2169d1f6feec1c63dbc7f7c62a887fa48795d327d4d2da2d6b111d,31,6,30,            [CALL] 0x271828..25d3.e9c4a3ac(),CALL,0x27182842E098f60e3D576794A5bFFb0777E025d3,,e9c4a3ac,no,,120279,Return,1b2ef1ca0000000000000000000000000000000000000000000000000000000000000000000000000000000000000000000000000000000000a56fa5b99019a5c8000000583c21631c48d442b5c0e605...,,,,,,
C16,business_logic,test,yes,0xc310a0affe2169d1f6feec1c63dbc7f7c62a887fa48795d327d4d2da2d6b111d,32,7,31,              [DELEGATECALL] 0xbb0D4b..4c0a.1b2ef1ca(),DELEGATECALL,0xbb0D4bb654a21054aF95456a3B29c63e8D1F4c0a,,1b2ef1ca,no,,119434,Stop,0000000000000000000000000000000000000000000000000000000000000000000000000000000000000000000000000000000000a56fa5b99019a5c8000000583c21631c48d442b5c0e605d624f54a...,"RequestMint(param0: 0x583c21631c48D442B5C0E605d624f54A0B366c72, param1: 200000000000000000000000000 [2e26]) | Deposit(param0: 0x6B175474E89094C44Da98b954EedeAC4...",,,,,
C16,business_logic,test,yes,0xc310a0affe2169d1f6feec1c63dbc7f7c62a887fa48795d327d4d2da2d6b111d,33,8,32,                [STATICCALL] 0x6B1754..1d0F.balanceOf(),STATICCALL,0x6B175474E89094C44Da98b954EedeAC495271d0F,,balanceOf,yes,,602,Return,0x27182842E098f60e3D576794A5bFFb0777E025d3,,,,,,
C16,business_logic,test,yes,0xc310a0affe2169d1f6feec1c63dbc7f7c62a887fa48795d327d4d2da2d6b111d,34,8,32,                [DELEGATECALL] 0x42ec0e..eE89.computeInterestRate(),DELEGATECALL,0x42ec0eb1d2746A9f2739D7501C5d5608bdE9eE89,,computeInterestRate,yes,,882,Return,"0x6B175474E89094C44Da98b954EedeAC495271d0F, 373591832 [3.735e8]",,,,,,
C16,business_logic,test,yes,0xc310a0affe2169d1f6feec1c63dbc7f7c62a887fa48795d327d4d2da2d6b111d,35,8,32,                [CALL] 0xe025E3..D9DC.03ddf252(),CALL,0xe025E3ca2bE02316033184551D4d3Aa22024D9DC,victim,03ddf252,no,,2004,Return,ad1be2c89b69c2b068fc378daa952ba7f163c4a11628f55a4df523b3ef0000000000000000000000000000000000000000000000000000000000000000000000000000000000000000583c21631c48d4...,"Transfer(from: 0x0000000000000000000000000000000000000000, to: 0x583c21631c48D442B5C0E605d624f54A0B366c72, amount: 195681243987749811414670603 [1.956e26])",,,,,
C16,business_logic,test,yes,0xc310a0affe2169d1f6feec1c63dbc7f7c62a887fa48795d327d4d2da2d6b111d,36,8,32,                [DELEGATECALL] 0x42ec0e..eE89.computeInterestRate(),DELEGATECALL,0x42ec0eb1d2746A9f2739D7501C5d5608bdE9eE89,,computeInterestRate,yes,,1099,Return,"0x6B175474E89094C44Da98b954EedeAC495271d0F, 3759074833 [3.759e9]",,,,,,
C16,business_logic,test,yes,0xc310a0affe2169d1f6feec1c63dbc7f7c62a887fa48795d327d4d2da2d6b111d,37,8,32,                [CALL] 0x6085Bc..4686.03ddf252(),CALL,0x6085Bc95F506c326DCBCD7A6dd6c79FBc18d4686,,03ddf252,no,,2004,Return,ad1be2c89b69c2b068fc378daa952ba7f163c4a11628f55a4df523b3ef0000000000000000000000000000000000000000000000000000000000000000000000000000000000000000583c21631c48d4...,"Transfer(from: 0x0000000000000000000000000000000000000000, to: 0x583c21631c48D442B5C0E605d624f54A0B366c72, amount: 200000000000000000000000000 [2e26])",,,,,
C16,business_logic,test,yes,0xc310a0affe2169d1f6feec1c63dbc7f7c62a887fa48795d327d4d2da2d6b111d,38,8,32,                [DELEGATECALL] 0x3297c8..31a6.requireLiquidity(),DELEGATECALL,0x3297c8db9360f87a7f7826f52A4FA143988931a6,,requireLiquidity,yes,,31617,Stop,0x583c21631c48D442B5C0E605d624f54A0B366c72,,,,,,
C16,business_logic,test,yes,0xc310a0affe2169d1f6feec1c63dbc7f7c62a887fa48795d327d4d2da2d6b111d,39,9,38,                  [STATICCALL] 0x6B1754..1d0F.balanceOf(),STATICCALL,0x6B175474E89094C44Da98b954EedeAC495271d0F,,balanceOf,yes,,602,Return,0x27182842E098f60e3D576794A5bFFb0777E025d3,,,,,,
C16,business_logic,test,yes,0xc310a0affe2169d1f6feec1c63dbc7f7c62a887fa48795d327d4d2da2d6b111d,40,9,38,                  [STATICCALL] 0x773616..F1f4.latestAnswer(),STATICCALL,0x773616E4d11A78F511299002da57A0a94577F1f4,,latestAnswer,yes,,14592,Return,,,,,,,
C16,business_logic,test,yes,0xc310a0affe2169d1f6feec1c63dbc7f7c62a887fa48795d327d4d2da2d6b111d,41,10,40,                    [STATICCALL] 0x158228..33FC.latestAnswer(),STATICCALL,0x158228e08C52F3e2211Ccbc8ec275FA93f6033FC,,latestAnswer,yes,,7096,Return,,,,,,,
C16,business_logic,test,yes,0xc310a0affe2169d1f6feec1c63dbc7f7c62a887fa48795d327d4d2da2d6b111d,42,5,15,          [CALL] 0x6B1754..1d0F.decimals(),CALL,0x6B175474E89094C44Da98b954EedeAC495271d0F,,decimals,yes,,240,Return,,,,,,,
C16,business_logic,test,yes,0xc310a0affe2169d1f6feec1c63dbc7f7c62a887fa48795d327d4d2da2d6b111d,43,5,15,          [CALL] 0x6085Bc..4686.repay(),CALL,0x6085Bc95F506c326DCBCD7A6dd6c79FBc18d4686,,repay,yes,,40912,Return,"0, 10000000000000000000000000 [1e25]",,,,,,
C16,business_logic,test,yes,0xc310a0affe2169d1f6feec1c63dbc7f7c62a887fa48795d327d4d2da2d6b111d,44,6,43,            [CALL] 0x271828..25d3.e9c4a3ac(),CALL,0x27182842E098f60e3D576794A5bFFb0777E025d3,,e9c4a3ac,no,,40622,Return,d8aed1450000000000000000000000000000000000000000000000000000000000000000000000000000000000000000000000000000000000084595161401484a000000583c21631c48d442b5c0e605...,,,,,,
C16,business_logic,test,yes,0xc310a0affe2169d1f6feec1c63dbc7f7c62a887fa48795d327d4d2da2d6b111d,45,7,44,              [DELEGATECALL] 0x29DaDd..FF79.d8aed145(),DELEGATECALL,0x29DaDdfdA3442693c21A50351a2B4820DDbBFF79,,d8aed145,no,,33277,Stop,0000000000000000000000000000000000000000000000000000000000000000000000000000000000000000000000000000000000084595161401484a000000583c21631c48d442b5c0e605d624f54a...,"RequestRepay(param0: 0x583c21631c48D442B5C0E605d624f54A0B366c72, param1: 10000000000000000000000000 [1e25]) | Repay(param0: 0x6B175474E89094C44Da98b954EedeAC495...",,,,,
C16,business_logic,test,yes,0xc310a0affe2169d1f6feec1c63dbc7f7c62a887fa48795d327d4d2da2d6b111d,46,8,45,                [STATICCALL] 0x6B1754..1d0F.balanceOf(),STATICCALL,0x6B175474E89094C44Da98b954EedeAC495271d0F,,balanceOf,yes,,602,Return,0x27182842E098f60e3D576794A5bFFb0777E025d3,,,,,,
C16,business_logic,test,yes,0xc310a0affe2169d1f6feec1c63dbc7f7c62a887fa48795d327d4d2da2d6b111d,47,8,45,                [CALL] 0x6B1754..1d0F.transferFrom(),CALL,0x6B175474E89094C44Da98b954EedeAC495271d0F,,transferFrom,yes,,3818,Return,"0x583c21631c48D442B5C0E605d624f54A0B366c72, 0x27182842E098f60e3D576794A5bFFb0777E025d3, 10000000000000000000000000 [1e25]","Transfer(from: 0x583c21631c48D442B5C0E605d624f54A0B366c72, to: 0x27182842E098f60e3D576794A5bFFb0777E025d3, amount: 10000000000000000000000000 [1e25])",,,,,
C16,business_logic,test,yes,0xc310a0affe2169d1f6feec1c63dbc7f7c62a887fa48795d327d4d2da2d6b111d,48,8,45,                [STATICCALL] 0x6B1754..1d0F.balanceOf(),STATICCALL,0x6B175474E89094C44Da98b954EedeAC495271d0F,,balanceOf,yes,,602,Return,0x27182842E098f60e3D576794A5bFFb0777E025d3,,,,,,
C16,business_logic,test,yes,0xc310a0affe2169d1f6feec1c63dbc7f7c62a887fa48795d327d4d2da2d6b111d,49,8,45,                [DELEGATECALL] 0x42ec0e..eE89.computeInterestRate(),DELEGATECALL,0x42ec0eb1d2746A9f2739D7501C5d5608bdE9eE89,,computeInterestRate,yes,,1099,Return,"0x6B175474E89094C44Da98b954EedeAC495271d0F, 3573673832 [3.573e9]",,,,,,
C16,business_logic,test,yes,0xc310a0affe2169d1f6feec1c63dbc7f7c62a887fa48795d327d4d2da2d6b111d,50,8,45,                [CALL] 0x6085Bc..4686.03ddf252(),CALL,0x6085Bc95F506c326DCBCD7A6dd6c79FBc18d4686,,03ddf252,no,,2004,Return,ad1be2c89b69c2b068fc378daa952ba7f163c4a11628f55a4df523b3ef000000000000000000000000583c21631c48d442b5c0e605d624f54a0b366c7200000000000000000000000000000000000000...,"Transfer(from: 0x583c21631c48D442B5C0E605d624f54A0B366c72, to: 0x0000000000000000000000000000000000000000, amount: 10000000000000000000000000 [1e25])",,,,,
C16,business_logic,test,yes,0xc310a0affe2169d1f6feec1c63dbc7f7c62a887fa48795d327d4d2da2d6b111d,51,5,15,          [CALL] 0x6B1754..1d0F.decimals(),CALL,0x6B175474E89094C44Da98b954EedeAC495271d0F,,decimals,yes,,240,Return,,,,,,,
C16,business_logic,test,yes,0xc310a0affe2169d1f6feec1c63dbc7f7c62a887fa48795d327d4d2da2d6b111d,52,5,15,          [CALL] 0xe025E3..D9DC.mint(),CALL,0xe025E3ca2bE02316033184551D4d3Aa22024D9DC,victim,mint,yes,,48754,Return,"0, 200000000000000000000000000 [2e26]",,,,,,
C16,business_logic,test,yes,0xc310a0affe2169d1f6feec1c63dbc7f7c62a887fa48795d327d4d2da2d6b111d,53,6,52,            [CALL] 0x271828..25d3.e9c4a3ac(),CALL,0x27182842E098f60e3D576794A5bFFb0777E025d3,,e9c4a3ac,no,,48464,Return,1b2ef1ca0000000000000000000000000000000000000000000000000000000000000000000000000000000000000000000000000000000000a56fa5b99019a5c8000000583c21631c48d442b5c0e605...,,,,,,
C16,business_logic,test,yes,0xc310a0affe2169d1f6feec1c63dbc7f7c62a887fa48795d327d4d2da2d6b111d,54,7,53,              [DELEGATECALL] 0xbb0D4b..4c0a.1b2ef1ca(),DELEGATECALL,0xbb0D4bb654a21054aF95456a3B29c63e8D1F4c0a,,1b2ef1ca,no,,47619,Stop,0000000000000000000000000000000000000000000000000000000000000000000000000000000000000000000000000000000000a56fa5b99019a5c8000000583c21631c48d442b5c0e605d624f54a...,"RequestMint(param0: 0x583c21631c48D442B5C0E605d624f54A0B366c72, param1: 200000000000000000000000000 [2e26]) | Deposit(param0: 0x6B175474E89094C44Da98b954EedeAC4...",,,,,
C16,business_logic,test,yes,0xc310a0affe2169d1f6feec1c63dbc7f7c62a887fa48795d327d4d2da2d6b111d,55,8,54,                [STATICCALL] 0x6B1754..1d0F.balanceOf(),STATICCALL,0x6B175474E89094C44Da98b954EedeAC495271d0F,,balanceOf,yes,,602,Return,0x27182842E098f60e3D576794A5bFFb0777E025d3,,,,,,
C16,business_logic,test,yes,0xc310a0affe2169d1f6feec1c63dbc7f7c62a887fa48795d327d4d2da2d6b111d,56,8,54,                [DELEGATECALL] 0x42ec0e..eE89.computeInterestRate(),DELEGATECALL,0x42ec0eb1d2746A9f2739D7501C5d5608bdE9eE89,,computeInterestRate,yes,,1099,Return,"0x6B175474E89094C44Da98b954EedeAC495271d0F, 3573673832 [3.573e9]",,,,,,
C16,business_logic,test,yes,0xc310a0affe2169d1f6feec1c63dbc7f7c62a887fa48795d327d4d2da2d6b111d,57,8,54,                [CALL] 0xe025E3..D9DC.03ddf252(),CALL,0xe025E3ca2bE02316033184551D4d3Aa22024D9DC,victim,03ddf252,no,,2004,Return,ad1be2c89b69c2b068fc378daa952ba7f163c4a11628f55a4df523b3ef0000000000000000000000000000000000000000000000000000000000000000000000000000000000000000583c21631c48d4...,"Transfer(from: 0x0000000000000000000000000000000000000000, to: 0x583c21631c48D442B5C0E605d624f54A0B366c72, amount: 195681243987749811414670603 [1.956e26])",,,,,
C16,business_logic,test,yes,0xc310a0affe2169d1f6feec1c63dbc7f7c62a887fa48795d327d4d2da2d6b111d,58,8,54,                [DELEGATECALL] 0x42ec0e..eE89.computeInterestRate(),DELEGATECALL,0x42ec0eb1d2746A9f2739D7501C5d5608bdE9eE89,,computeInterestRate,yes,,1099,Return,"0x6B175474E89094C44Da98b954EedeAC495271d0F, 3907870363 [3.907e9]",,,,,,
C16,business_logic,test,yes,0xc310a0affe2169d1f6feec1c63dbc7f7c62a887fa48795d327d4d2da2d6b111d,59,8,54,                [CALL] 0x6085Bc..4686.03ddf252(),CALL,0x6085Bc95F506c326DCBCD7A6dd6c79FBc18d4686,,03ddf252,no,,2004,Return,ad1be2c89b69c2b068fc378daa952ba7f163c4a11628f55a4df523b3ef0000000000000000000000000000000000000000000000000000000000000000000000000000000000000000583c21631c48d4...,"Transfer(from: 0x0000000000000000000000000000000000000000, to: 0x583c21631c48D442B5C0E605d624f54A0B366c72, amount: 200000000000000000000000000 [2e26])",,,,,
C16,business_logic,test,yes,0xc310a0affe2169d1f6feec1c63dbc7f7c62a887fa48795d327d4d2da2d6b111d,60,8,54,                [DELEGATECALL] 0x3297c8..31a6.requireLiquidity(),DELEGATECALL,0x3297c8db9360f87a7f7826f52A4FA143988931a6,,requireLiquidity,yes,,12617,Stop,0x583c21631c48D442B5C0E605d624f54A0B366c72,,,,,,
C16,business_logic,test,yes,0xc310a0affe2169d1f6feec1c63dbc7f7c62a887fa48795d327d4d2da2d6b111d,61,9,60,                  [STATICCALL] 0x6B1754..1d0F.balanceOf(),STATICCALL,0x6B175474E89094C44Da98b954EedeAC495271d0F,,balanceOf,yes,,602,Return,0x27182842E098f60e3D576794A5bFFb0777E025d3,,,,,,
C16,business_logic,test,yes,0xc310a0affe2169d1f6feec1c63dbc7f7c62a887fa48795d327d4d2da2d6b111d,62,9,60,                  [STATICCALL] 0x773616..F1f4.latestAnswer(),STATICCALL,0x773616E4d11A78F511299002da57A0a94577F1f4,,latestAnswer,yes,,2092,Return,,,,,,,
C16,business_logic,test,yes,0xc310a0affe2169d1f6feec1c63dbc7f7c62a887fa48795d327d4d2da2d6b111d,63,10,62,                    [STATICCALL] 0x158228..33FC.latestAnswer(),STATICCALL,0x158228e08C52F3e2211Ccbc8ec275FA93f6033FC,,latestAnswer,yes,,1096,Return,,,,,,,
C16,business_logic,test,yes,0xc310a0affe2169d1f6feec1c63dbc7f7c62a887fa48795d327d4d2da2d6b111d,64,5,15,          [CALL] 0xe025E3..D9DC.donateToReserves(),CALL,0xe025E3ca2bE02316033184551D4d3Aa22024D9DC,victim,donateToReserves,yes,,19037,Return,"0, 100000000000000000000000000 [1e26]",,yes,,,,
C16,business_logic,test,yes,0xc310a0affe2169d1f6feec1c63dbc7f7c62a887fa48795d327d4d2da2d6b111d,65,6,64,            [CALL] 0x271828..25d3.e9c4a3ac(),CALL,0x27182842E098f60e3D576794A5bFFb0777E025d3,,e9c4a3ac,no,,18747,Return,36f022aa000000000000000000000000000000000000000000000000000000000000000000000000000000000000000000000000000000000052b7d2dcc80cd2e4000000583c21631c48d442b5c0e605...,,,,,,
C16,business_logic,test,yes,0xc310a0affe2169d1f6feec1c63dbc7f7c62a887fa48795d327d4d2da2d6b111d,66,7,65,              [DELEGATECALL] 0xbb0D4b..4c0a.36f022aa(),DELEGATECALL,0xbb0D4bb654a21054aF95456a3B29c63e8D1F4c0a,,36f022aa,no,,17902,Stop,000000000000000000000000000000000000000000000000000000000000000000000000000000000000000000000000000000000052b7d2dcc80cd2e4000000583c21631c48d442b5c0e605d624f54a...,"RequestDonate(param0: 0x583c21631c48D442B5C0E605d624f54A0B366c72, param1: 100000000000000000000000000 [1e26]) | Withdraw(param0: 0x6B175474E89094C44Da98b954Eede...",,,,,
C16,business_logic,test,yes,0xc310a0affe2169d1f6feec1c63dbc7f7c62a887fa48795d327d4d2da2d6b111d,67,8,66,                [STATICCALL] 0x6B1754..1d0F.balanceOf(),STATICCALL,0x6B175474E89094C44Da98b954EedeAC495271d0F,,balanceOf,yes,,602,Return,0x27182842E098f60e3D576794A5bFFb0777E025d3,,,,,,
C16,business_logic,test,yes,0xc310a0affe2169d1f6feec1c63dbc7f7c62a887fa48795d327d4d2da2d6b111d,68,8,66,                [CALL] 0xe025E3..D9DC.03ddf252(),CALL,0xe025E3ca2bE02316033184551D4d3Aa22024D9DC,victim,03ddf252,no,,2004,Return,ad1be2c89b69c2b068fc378daa952ba7f163c4a11628f55a4df523b3ef000000000000000000000000583c21631c48d442b5c0e605d624f54a0b366c7200000000000000000000000000000000000000...,"Transfer(from: 0x583c21631c48D442B5C0E605d624f54A0B366c72, to: 0x0000000000000000000000000000000000000000, amount: 100000000000000000000000000 [1e26])",,,,,
C16,business_logic,test,yes,0xc310a0affe2169d1f6feec1c63dbc7f7c62a887fa48795d327d4d2da2d6b111d,69,5,15,          [CALL] 0xA0b3ee..f12b.a515d3c6(),CALL,0xA0b3ee897f233F385E5D61086c32685257d4f12b,,a515d3c6,no,,341634,Return,000000000000000000000000ebc29199c817dc47ba12e3f86102564d640cbf990000000000000000000000000000000000000000000000000000000001c9c38000000000000000000000000000000000...,,,,,,
C16,business_logic,test,yes,0xc310a0affe2169d1f6feec1c63dbc7f7c62a887fa48795d327d4d2da2d6b111d,70,6,69,            [CALL] 0xf43ce1..5b34.checkLiquidation(),CALL,0xf43ce1d09050BAfd6980dD43Cde2aB9F18C85b34,,checkLiquidation,yes,,58174,Return,"0xA0b3ee897f233F385E5D61086c32685257d4f12b, 0x583c21631c48D442B5C0E605d624f54A0B366c72, 0x6B175474E89094C44Da98b954EedeAC495271d0F, 0x6B175474E89094C44Da98b954E...",,,,,,
C16,business_logic,test,yes,0xc310a0affe2169d1f6feec1c63dbc7f7c62a887fa48795d327d4d2da2d6b111d,71,7,70,              [CALL] 0x271828..25d3.e9c4a3ac(),CALL,0x27182842E098f60e3D576794A5bFFb0777E025d3,,e9c4a3ac,no,,57854,Return,1a96d9d5000000000000000000000000a0b3ee897f233f385e5d61086c32685257d4f12b000000000000000000000000583c21631c48d442b5c0e605d624f54a0b366c72000000000000000000000000...,,,,,,
C16,business_logic,test,yes,0xc310a0affe2169d1f6feec1c63dbc7f7c62a887fa48795d327d4d2da2d6b111d,72,8,71,                [DELEGATECALL] 0xd737eE..eD98.1a96d9d5(),DELEGATECALL,0xd737eE2bB39F49C62a436002A77f2710cc45eD98,,1a96d9d5,no,,52665,Return,000000000000000000000000a0b3ee897f233f385e5d61086c32685257d4f12b000000000000000000000000583c21631c48d442b5c0e605d624f54a0b366c720000000000000000000000006b175474...,,,,,,
C16,business_logic,test,yes,0xc310a0affe2169d1f6feec1c63dbc7f7c62a887fa48795d327d4d2da2d6b111d,73,9,72,                  [DELEGATECALL] 0x3297c8..31a6.getPrice(),DELEGATECALL,0x3297c8db9360f87a7f7826f52A4FA143988931a6,,getPrice,yes,,7749,Return,0x6B175474E89094C44Da98b954EedeAC495271d0F,,,,,,
C16,business_logic,test,yes,0xc310a0affe2169d1f6feec1c63dbc7f7c62a887fa48795d327d4d2da2d6b111d,74,10,73,                    [STATICCALL] 0x6B1754..1d0F.balanceOf(),STATICCALL,0x6B175474E89094C44Da98b954EedeAC495271d0F,,balanceOf,yes,,602,Return,0x27182842E098f60e3D576794A5bFFb0777E025d3,,,,,,
C16,business_logic,test,yes,0xc310a0affe2169d1f6feec1c63dbc7f7c62a887fa48795d327d4d2da2d6b111d,75,10,73,                    [STATICCALL] 0x773616..F1f4.latestAnswer(),STATICCALL,0x773616E4d11A78F511299002da57A0a94577F1f4,,latestAnswer,yes,,2092,Return,,,,,,,
C16,business_logic,test,yes,0xc310a0affe2169d1f6feec1c63dbc7f7c62a887fa48795d327d4d2da2d6b111d,76,11,75,                      [STATICCALL] 0x158228..33FC.latestAnswer(),STATICCALL,0x158228e08C52F3e2211Ccbc8ec275FA93f6033FC,,latestAnswer,yes,,1096,Return,,,,,,,
C16,business_logic,test,yes,0xc310a0affe2169d1f6feec1c63dbc7f7c62a887fa48795d327d4d2da2d6b111d,77,9,72,                  [DELEGATECALL] 0x3297c8..31a6.getPrice(),DELEGATECALL,0x3297c8db9360f87a7f7826f52A4FA143988931a6,,getPrice,yes,,7749,Return,0x6B175474E89094C44Da98b954EedeAC495271d0F,,,,,,
C16,business_logic,test,yes,0xc310a0affe2169d1f6feec1c63dbc7f7c62a887fa48795d327d4d2da2d6b111d,78,10,77,                    [STATICCALL] 0x6B1754..1d0F.balanceOf(),STATICCALL,0x6B175474E89094C44Da98b954EedeAC495271d0F,,balanceOf,yes,,602,Return,0x27182842E098f60e3D576794A5bFFb0777E025d3,,,,,,
C16,business_logic,test,yes,0xc310a0affe2169d1f6feec1c63dbc7f7c62a887fa48795d327d4d2da2d6b111d,79,10,77,                    [STATICCALL] 0x773616..F1f4.latestAnswer(),STATICCALL,0x773616E4d11A78F511299002da57A0a94577F1f4,,latestAnswer,yes,,2092,Return,,,,,,,
C16,business_logic,test,yes,0xc310a0affe2169d1f6feec1c63dbc7f7c62a887fa48795d327d4d2da2d6b111d,80,11,79,                      [STATICCALL] 0x158228..33FC.latestAnswer(),STATICCALL,0x158228e08C52F3e2211Ccbc8ec275FA93f6033FC,,latestAnswer,yes,,1096,Return,,,,,,,
C16,business_logic,test,yes,0xc310a0affe2169d1f6feec1c63dbc7f7c62a887fa48795d327d4d2da2d6b111d,81,9,72,                  [STATICCALL] 0x6B1754..1d0F.balanceOf(),STATICCALL,0x6B175474E89094C44Da98b954EedeAC495271d0F,,balanceOf,yes,,602,Return,0x27182842E098f60e3D576794A5bFFb0777E025d3,,,,,,
C16,business_logic,test,yes,0xc310a0affe2169d1f6feec1c63dbc7f7c62a887fa48795d327d4d2da2d6b111d,82,9,72,                  [STATICCALL] 0x6B1754..1d0F.balanceOf(),STATICCALL,0x6B175474E89094C44Da98b954EedeAC495271d0F,,balanceOf,yes,,602,Return,0x27182842E098f60e3D576794A5bFFb0777E025d3,,,,,,
C16,business_logic,test,yes,0xc310a0affe2169d1f6feec1c63dbc7f7c62a887fa48795d327d4d2da2d6b111d,83,9,72,                  [DELEGATECALL] 0x3297c8..31a6.computeLiquidity(),DELEGATECALL,0x3297c8db9360f87a7f7826f52A4FA143988931a6,,computeLiquidity,yes,,12802,Return,0x583c21631c48D442B5C0E605d624f54A0B366c72,,,,,,
C16,business_logic,test,yes,0xc310a0affe2169d1f6feec1c63dbc7f7c62a887fa48795d327d4d2da2d6b111d,84,10,83,                    [STATICCALL] 0x6B1754..1d0F.balanceOf(),STATICCALL,0x6B175474E89094C44Da98b954EedeAC495271d0F,,balanceOf,yes,,602,Return,0x27182842E098f60e3D576794A5bFFb0777E025d3,,,,,,
C16,business_logic,test,yes,0xc310a0affe2169d1f6feec1c63dbc7f7c62a887fa48795d327d4d2da2d6b111d,85,10,83,                    [STATICCALL] 0x773616..F1f4.latestAnswer(),STATICCALL,0x773616E4d11A78F511299002da57A0a94577F1f4,,latestAnswer,yes,,2092,Return,,,,,,,
C16,business_logic,test,yes,0xc310a0affe2169d1f6feec1c63dbc7f7c62a887fa48795d327d4d2da2d6b111d,86,11,85,                      [STATICCALL] 0x158228..33FC.latestAnswer(),STATICCALL,0x158228e08C52F3e2211Ccbc8ec275FA93f6033FC,,latestAnswer,yes,,1096,Return,,,,,,,
C16,business_logic,test,yes,0xc310a0affe2169d1f6feec1c63dbc7f7c62a887fa48795d327d4d2da2d6b111d,87,6,69,            [CALL] 0xf43ce1..5b34.liquidate(),CALL,0xf43ce1d09050BAfd6980dD43Cde2aB9F18C85b34,,liquidate,yes,,185957,Return,"0x583c21631c48D442B5C0E605d624f54A0B366c72, 0x6B175474E89094C44Da98b954EedeAC495271d0F, 0x6B175474E89094C44Da98b954EedeAC495271d0F, 259319058410413226611199998 ...",,,,,,
C16,business_logic,test,yes,0xc310a0affe2169d1f6feec1c63dbc7f7c62a887fa48795d327d4d2da2d6b111d,88,7,87,              [CALL] 0x271828..25d3.e9c4a3ac(),CALL,0x27182842E098f60e3D576794A5bFFb0777E025d3,,e9c4a3ac,no,,185649,Return,6f70e66f000000000000000000000000583c21631c48d442b5c0e605d624f54a0b366c720000000000000000000000006b175474e89094c44da98b954eedeac495271d0f000000000000000000000000...,,,,,,
C16,business_logic,test,yes,0xc310a0affe2169d1f6feec1c63dbc7f7c62a887fa48795d327d4d2da2d6b111d,89,8,88,                [DELEGATECALL] 0xd737eE..eD98.6f70e66f(),DELEGATECALL,0xd737eE2bB39F49C62a436002A77f2710cc45eD98,,6f70e66f,no,,184972,Stop,000000000000000000000000583c21631c48d442b5c0e605d624f54a0b366c720000000000000000000000006b175474e89094c44da98b954eedeac495271d0f0000000000000000000000006b175474...,topic 0: 0x258be119f0bb402a931bfc28de6236747c14f2a56e87e9e7fe5151976b65e5a0 topic 1: 0x000000000000000000000000a0b3ee897f233f385e5d61086c32685257d4f12b topic 2:...,,,,,
C16,business_logic,test,yes,0xc310a0affe2169d1f6feec1c63dbc7f7c62a887fa48795d327d4d2da2d6b111d,90,9,89,                  [DELEGATECALL] 0x3297c8..31a6.getPrice(),DELEGATECALL,0x3297c8db9360f87a7f7826f52A4FA143988931a6,,getPrice,yes,,7749,Return,0x6B175474E89094C44Da98b954EedeAC495271d0F,,,,,,
C16,business_logic,test,yes,0xc310a0affe2169d1f6feec1c63dbc7f7c62a887fa48795d327d4d2da2d6b111d,91,10,90,                    [STATICCALL] 0x6B1754..1d0F.balanceOf(),STATICCALL,0x6B175474E89094C44Da98b954EedeAC495271d0F,,balanceOf,yes,,602,Return,0x27182842E098f60e3D576794A5bFFb0777E025d3,,,,,,
C16,business_logic,test,yes,0xc310a0affe2169d1f6feec1c63dbc7f7c62a887fa48795d327d4d2da2d6b111d,92,10,90,                    [STATICCALL] 0x773616..F1f4.latestAnswer(),STATICCALL,0x773616E4d11A78F511299002da57A0a94577F1f4,,latestAnswer,yes,,2092,Return,,,,,,,
C16,business_logic,test,yes,0xc310a0affe2169d1f6feec1c63dbc7f7c62a887fa48795d327d4d2da2d6b111d,93,11,92,                      [STATICCALL] 0x158228..33FC.latestAnswer(),STATICCALL,0x158228e08C52F3e2211Ccbc8ec275FA93f6033FC,,latestAnswer,yes,,1096,Return,,,,,,,
C16,business_logic,test,yes,0xc310a0affe2169d1f6feec1c63dbc7f7c62a887fa48795d327d4d2da2d6b111d,94,9,89,                  [DELEGATECALL] 0x3297c8..31a6.getPrice(),DELEGATECALL,0x3297c8db9360f87a7f7826f52A4FA143988931a6,,getPrice,yes,,7749,Return,0x6B175474E89094C44Da98b954EedeAC495271d0F,,,,,,
C16,business_logic,test,yes,0xc310a0affe2169d1f6feec1c63dbc7f7c62a887fa48795d327d4d2da2d6b111d,95,10,94,                    [STATICCALL] 0x6B1754..1d0F.balanceOf(),STATICCALL,0x6B175474E89094C44Da98b954EedeAC495271d0F,,balanceOf,yes,,602,Return,0x27182842E098f60e3D576794A5bFFb0777E025d3,,,,,,
C16,business_logic,test,yes,0xc310a0affe2169d1f6feec1c63dbc7f7c62a887fa48795d327d4d2da2d6b111d,96,10,94,                    [STATICCALL] 0x773616..F1f4.latestAnswer(),STATICCALL,0x773616E4d11A78F511299002da57A0a94577F1f4,,latestAnswer,yes,,2092,Return,,,,,,,
C16,business_logic,test,yes,0xc310a0affe2169d1f6feec1c63dbc7f7c62a887fa48795d327d4d2da2d6b111d,97,11,96,                      [STATICCALL] 0x158228..33FC.latestAnswer(),STATICCALL,0x158228e08C52F3e2211Ccbc8ec275FA93f6033FC,,latestAnswer,yes,,1096,Return,,,,,,,
C16,business_logic,test,yes,0xc310a0affe2169d1f6feec1c63dbc7f7c62a887fa48795d327d4d2da2d6b111d,98,9,89,                  [STATICCALL] 0x6B1754..1d0F.balanceOf(),STATICCALL,0x6B175474E89094C44Da98b954EedeAC495271d0F,,balanceOf,yes,,602,Return,0x27182842E098f60e3D576794A5bFFb0777E025d3,,,,,,
C16,business_logic,test,yes,0xc310a0affe2169d1f6feec1c63dbc7f7c62a887fa48795d327d4d2da2d6b111d,99,9,89,                  [STATICCALL] 0x6B1754..1d0F.balanceOf(),STATICCALL,0x6B175474E89094C44Da98b954EedeAC495271d0F,,balanceOf,yes,,602,Return,0x27182842E098f60e3D576794A5bFFb0777E025d3,,,,,,
C16,business_logic,test,yes,0xc310a0affe2169d1f6feec1c63dbc7f7c62a887fa48795d327d4d2da2d6b111d,100,9,89,                  [DELEGATECALL] 0x3297c8..31a6.computeLiquidity(),DELEGATECALL,0x3297c8db9360f87a7f7826f52A4FA143988931a6,,computeLiquidity,yes,,12802,Return,0x583c21631c48D442B5C0E605d624f54A0B366c72,,,,,,
C16,business_logic,test,yes,0xc310a0affe2169d1f6feec1c63dbc7f7c62a887fa48795d327d4d2da2d6b111d,101,10,100,                    [STATICCALL] 0x6B1754..1d0F.balanceOf(),STATICCALL,0x6B175474E89094C44Da98b954EedeAC495271d0F,,balanceOf,yes,,602,Return,0x27182842E098f60e3D576794A5bFFb0777E025d3,,,,,,
C16,business_logic,test,yes,0xc310a0affe2169d1f6feec1c63dbc7f7c62a887fa48795d327d4d2da2d6b111d,102,10,100,                    [STATICCALL] 0x773616..F1f4.latestAnswer(),STATICCALL,0x773616E4d11A78F511299002da57A0a94577F1f4,,latestAnswer,yes,,2092,Return,,,,,,,
C16,business_logic,test,yes,0xc310a0affe2169d1f6feec1c63dbc7f7c62a887fa48795d327d4d2da2d6b111d,103,11,102,                      [STATICCALL] 0x158228..33FC.latestAnswer(),STATICCALL,0x158228e08C52F3e2211Ccbc8ec275FA93f6033FC,,latestAnswer,yes,,1096,Return,,,,,,,
C16,business_logic,test,yes,0xc310a0affe2169d1f6feec1c63dbc7f7c62a887fa48795d327d4d2da2d6b111d,104,9,89,                  [STATICCALL] 0x6B1754..1d0F.balanceOf(),STATICCALL,0x6B175474E89094C44Da98b954EedeAC495271d0F,,balanceOf,yes,,602,Return,0x27182842E098f60e3D576794A5bFFb0777E025d3,,,,,,
C16,business_logic,test,yes,0xc310a0affe2169d1f6feec1c63dbc7f7c62a887fa48795d327d4d2da2d6b111d,105,9,89,                  [CALL] 0x6085Bc..4686.03ddf252(),CALL,0x6085Bc95F506c326DCBCD7A6dd6c79FBc18d4686,,03ddf252,no,,2004,Return,ad1be2c89b69c2b068fc378daa952ba7f163c4a11628f55a4df523b3ef000000000000000000000000583c21631c48d442b5c0e605d624f54a0b366c7200000000000000000000000000000000000000...,"Transfer(from: 0x583c21631c48D442B5C0E605d624f54A0B366c72, to: 0x0000000000000000000000000000000000000000, amount: 254234370990601202559999999 [2.542e26])",,,,,
C16,business_logic,test,yes,0xc310a0affe2169d1f6feec1c63dbc7f7c62a887fa48795d327d4d2da2d6b111d,106,9,89,                  [CALL] 0x6085Bc..4686.03ddf252(),CALL,0x6085Bc95F506c326DCBCD7A6dd6c79FBc18d4686,,03ddf252,no,,2004,Return,ad1be2c89b69c2b068fc378daa952ba7f163c4a11628f55a4df523b3ef0000000000000000000000000000000000000000000000000000000000000000000000000000000000000000a0b3ee897f233f...,"Transfer(from: 0x0000000000000000000000000000000000000000, to: 0xA0b3ee897f233F385E5D61086c32685257d4f12b, amount: 254234370990601202559999999 [2.542e26])",,,,,
C16,business_logic,test,yes,0xc310a0affe2169d1f6feec1c63dbc7f7c62a887fa48795d327d4d2da2d6b111d,107,9,89,                  [DELEGATECALL] 0x42ec0e..eE89.computeInterestRate(),DELEGATECALL,0x42ec0eb1d2746A9f2739D7501C5d5608bdE9eE89,,computeInterestRate,yes,,1099,Return,"0x6B175474E89094C44Da98b954EedeAC495271d0F, 3912377058 [3.912e9]",,,,,,
C16,business_logic,test,yes,0xc310a0affe2169d1f6feec1c63dbc7f7c62a887fa48795d327d4d2da2d6b111d,108,9,89,                  [CALL] 0x6085Bc..4686.03ddf252(),CALL,0x6085Bc95F506c326DCBCD7A6dd6c79FBc18d4686,,03ddf252,no,,2004,Return,ad1be2c89b69c2b068fc378daa952ba7f163c4a11628f55a4df523b3ef0000000000000000000000000000000000000000000000000000000000000000000000000000000000000000a0b3ee897f233f...,"Transfer(from: 0x0000000000000000000000000000000000000000, to: 0xA0b3ee897f233F385E5D61086c32685257d4f12b, amount: 5084687419812024051199999 [5.084e24])",,,,,
C16,business_logic,test,yes,0xc310a0affe2169d1f6feec1c63dbc7f7c62a887fa48795d327d4d2da2d6b111d,109,9,89,                  [STATICCALL] 0x6B1754..1d0F.balanceOf(),STATICCALL,0x6B175474E89094C44Da98b954EedeAC495271d0F,,balanceOf,yes,,602,Return,0x27182842E098f60e3D576794A5bFFb0777E025d3,,,,,,
C16,business_logic,test,yes,0xc310a0affe2169d1f6feec1c63dbc7f7c62a887fa48795d327d4d2da2d6b111d,110,9,89,                  [CALL] 0xe025E3..D9DC.03ddf252(),CALL,0xe025E3ca2bE02316033184551D4d3Aa22024D9DC,victim,03ddf252,no,,2004,Return,ad1be2c89b69c2b068fc378daa952ba7f163c4a11628f55a4df523b3ef000000000000000000000000583c21631c48d442b5c0e605d624f54a0b366c72000000000000000000000000a0b3ee897f233f...,"Transfer(from: 0x583c21631c48D442B5C0E605d624f54A0B366c72, to: 0xA0b3ee897f233F385E5D61086c32685257d4f12b, amount: 310930612374274603970808264 [3.109e26])",,,,,
C16,business_logic,test,yes,0xc310a0affe2169d1f6feec1c63dbc7f7c62a887fa48795d327d4d2da2d6b111d,111,9,89,                  [DELEGATECALL] 0x3297c8..31a6.requireLiquidity(),DELEGATECALL,0x3297c8db9360f87a7f7826f52A4FA143988931a6,,requireLiquidity,yes,,12617,Stop,0xA0b3ee897f233F385E5D61086c32685257d4f12b,,,,,,
C16,business_logic,test,yes,0xc310a0affe2169d1f6feec1c63dbc7f7c62a887fa48795d327d4d2da2d6b111d,112,10,111,                    [STATICCALL] 0x6B1754..1d0F.balanceOf(),STATICCALL,0x6B175474E89094C44Da98b954EedeAC495271d0F,,balanceOf,yes,,602,Return,0x27182842E098f60e3D576794A5bFFb0777E025d3,,,,,,
C16,business_logic,test,yes,0xc310a0affe2169d1f6feec1c63dbc7f7c62a887fa48795d327d4d2da2d6b111d,113,10,111,                    [STATICCALL] 0x773616..F1f4.latestAnswer(),STATICCALL,0x773616E4d11A78F511299002da57A0a94577F1f4,,latestAnswer,yes,,2092,Return,,,,,,,
C16,business_logic,test,yes,0xc310a0affe2169d1f6feec1c63dbc7f7c62a887fa48795d327d4d2da2d6b111d,114,11,113,                      [STATICCALL] 0x158228..33FC.latestAnswer(),STATICCALL,0x158228e08C52F3e2211Ccbc8ec275FA93f6033FC,,latestAnswer,yes,,1096,Return,,,,,,,
C16,business_logic,test,yes,0xc310a0affe2169d1f6feec1c63dbc7f7c62a887fa48795d327d4d2da2d6b111d,115,6,69,            [CALL] 0x6B1754..1d0F.decimals(),CALL,0x6B175474E89094C44Da98b954EedeAC495271d0F,,decimals,yes,,240,Return,,,,,,,
C16,business_logic,test,yes,0xc310a0affe2169d1f6feec1c63dbc7f7c62a887fa48795d327d4d2da2d6b111d,116,6,69,            [STATICCALL] 0x6B1754..1d0F.balanceOf(),STATICCALL,0x6B175474E89094C44Da98b954EedeAC495271d0F,,balanceOf,yes,,602,Return,0x27182842E098f60e3D576794A5bFFb0777E025d3,,,,,,
C16,business_logic,test,yes,0xc310a0affe2169d1f6feec1c63dbc7f7c62a887fa48795d327d4d2da2d6b111d,117,6,69,            [CALL] 0xe025E3..D9DC.withdraw(),CALL,0xe025E3ca2bE02316033184551D4d3Aa22024D9DC,victim,withdraw,yes,,65358,Return,"0, 38904507348306697267428294 [3.89e25]",,,,,,
C16,business_logic,test,yes,0xc310a0affe2169d1f6feec1c63dbc7f7c62a887fa48795d327d4d2da2d6b111d,118,7,117,              [CALL] 0x271828..25d3.e9c4a3ac(),CALL,0x27182842E098f60e3D576794A5bFFb0777E025d3,,e9c4a3ac,no,,65068,Return,441a3e700000000000000000000000000000000000000000000000000000000000000000000000000000000000000000000000000000000000202e5991bf52e5118fbbc6a0b3ee897f233f385e5d6108...,,,,,,
C16,business_logic,test,yes,0xc310a0affe2169d1f6feec1c63dbc7f7c62a887fa48795d327d4d2da2d6b111d,119,8,118,                [DELEGATECALL] 0xbb0D4b..4c0a.441a3e70(),DELEGATECALL,0xbb0D4bb654a21054aF95456a3B29c63e8D1F4c0a,,441a3e70,no,,64223,Stop,0000000000000000000000000000000000000000000000000000000000000000000000000000000000000000000000000000000000202e5991bf52e5118fbbc6a0b3ee897f233f385e5d61086c326852...,"RequestWithdraw(param0: 0xA0b3ee897f233F385E5D61086c32685257d4f12b, param1: 38904507348306697267428294 [3.89e25]) | Withdraw(param0: 0x6B175474E89094C44Da98b954...",,,,,
C16,business_logic,test,yes,0xc310a0affe2169d1f6feec1c63dbc7f7c62a887fa48795d327d4d2da2d6b111d,120,9,119,                  [STATICCALL] 0x6B1754..1d0F.balanceOf(),STATICCALL,0x6B175474E89094C44Da98b954EedeAC495271d0F,,balanceOf,yes,,602,Return,0x27182842E098f60e3D576794A5bFFb0777E025d3,,,,,,
C16,business_logic,test,yes,0xc310a0affe2169d1f6feec1c63dbc7f7c62a887fa48795d327d4d2da2d6b111d,121,9,119,                  [CALL] 0x6B1754..1d0F.transfer(),CALL,0x6B175474E89094C44Da98b954EedeAC495271d0F,,transfer,yes,,25374,Return,"0xA0b3ee897f233F385E5D61086c32685257d4f12b, 38904507348306697267428294 [3.89e25]","Transfer(from: 0x27182842E098f60e3D576794A5bFFb0777E025d3, to: 0xA0b3ee897f233F385E5D61086c32685257d4f12b, amount: 38904507348306697267428294 [3.89e25])",,,,,
C16,business_logic,test,yes,0xc310a0affe2169d1f6feec1c63dbc7f7c62a887fa48795d327d4d2da2d6b111d,122,9,119,                  [STATICCALL] 0x6B1754..1d0F.balanceOf(),STATICCALL,0x6B175474E89094C44Da98b954EedeAC495271d0F,,balanceOf,yes,,602,Return,0x27182842E098f60e3D576794A5bFFb0777E025d3,,,,,,
C16,business_logic,test,yes,0xc310a0affe2169d1f6feec1c63dbc7f7c62a887fa48795d327d4d2da2d6b111d,123,9,119,                  [DELEGATECALL] 0x42ec0e..eE89.computeInterestRate(),DELEGATECALL,0x42ec0eb1d2746A9f2739D7501C5d5608bdE9eE89,,computeInterestRate,yes,,1099,Return,"0x6B175474E89094C44Da98b954EedeAC495271d0F, 4294967295 [4.294e9]",,,,,,
C16,business_logic,test,yes,0xc310a0affe2169d1f6feec1c63dbc7f7c62a887fa48795d327d4d2da2d6b111d,124,9,119,                  [CALL] 0xe025E3..D9DC.03ddf252(),CALL,0xe025E3ca2bE02316033184551D4d3Aa22024D9DC,victim,03ddf252,no,,2004,Return,ad1be2c89b69c2b068fc378daa952ba7f163c4a11628f55a4df523b3ef000000000000000000000000a0b3ee897f233f385e5d61086c32685257d4f12b00000000000000000000000000000000000000...,"Transfer(from: 0xA0b3ee897f233F385E5D61086c32685257d4f12b, to: 0x0000000000000000000000000000000000000000, amount: 38064411973236041314928395 [3.806e25])",,,,,
C16,business_logic,test,yes,0xc310a0affe2169d1f6feec1c63dbc7f7c62a887fa48795d327d4d2da2d6b111d,125,9,119,                  [DELEGATECALL] 0x3297c8..31a6.requireLiquidity(),DELEGATECALL,0x3297c8db9360f87a7f7826f52A4FA143988931a6,,requireLiquidity,yes,,12617,Stop,0xA0b3ee897f233F385E5D61086c32685257d4f12b,,,,,,
C16,business_logic,test,yes,0xc310a0affe2169d1f6feec1c63dbc7f7c62a887fa48795d327d4d2da2d6b111d,126,10,125,                    [STATICCALL] 0x6B1754..1d0F.balanceOf(),STATICCALL,0x6B175474E89094C44Da98b954EedeAC495271d0F,,balanceOf,yes,,602,Return,0x27182842E098f60e3D576794A5bFFb0777E025d3,,,,,,
C16,business_logic,test,yes,0xc310a0affe2169d1f6feec1c63dbc7f7c62a887fa48795d327d4d2da2d6b111d,127,10,125,                    [STATICCALL] 0x773616..F1f4.latestAnswer(),STATICCALL,0x773616E4d11A78F511299002da57A0a94577F1f4,,latestAnswer,yes,,2092,Return,,,,,,,
C16,business_logic,test,yes,0xc310a0affe2169d1f6feec1c63dbc7f7c62a887fa48795d327d4d2da2d6b111d,128,11,127,                      [STATICCALL] 0x158228..33FC.latestAnswer(),STATICCALL,0x158228e08C52F3e2211Ccbc8ec275FA93f6033FC,,latestAnswer,yes,,1096,Return,,,,,,,
C16,business_logic,test,yes,0xc310a0affe2169d1f6feec1c63dbc7f7c62a887fa48795d327d4d2da2d6b111d,129,6,69,            [STATICCALL] 0x6B1754..1d0F.balanceOf(),STATICCALL,0x6B175474E89094C44Da98b954EedeAC495271d0F,,balanceOf,yes,,602,Return,0xA0b3ee897f233F385E5D61086c32685257d4f12b,,,,,,
C16,business_logic,test,yes,0xc310a0affe2169d1f6feec1c63dbc7f7c62a887fa48795d327d4d2da2d6b111d,130,6,69,            [CALL] 0x6B1754..1d0F.transfer(),CALL,0x6B175474E89094C44Da98b954EedeAC495271d0F,,transfer,yes,,23374,Return,"0xeBC29199C817Dc47BA12E3F86102564D640CBf99, 38904507348306697267428294 [3.89e25]","Transfer(from: 0xA0b3ee897f233F385E5D61086c32685257d4f12b, to: 0xeBC29199C817Dc47BA12E3F86102564D640CBf99, amount: 38904507348306697267428294 [3.89e25])",,,,,
C16,business_logic,test,yes,0xc310a0affe2169d1f6feec1c63dbc7f7c62a887fa48795d327d4d2da2d6b111d,131,3,6,      [STATICCALL] 0x6C3c78..379d.scaledTotalSupply(),STATICCALL,0x6C3c78838c761c6Ac7bE9F59fe808ea2A6E4379d,,scaledTotalSupply,yes,,7463,Return,,,,,,,
C16,business_logic,test,yes,0xc310a0affe2169d1f6feec1c63dbc7f7c62a887fa48795d327d4d2da2d6b111d,132,4,131,        [DELEGATECALL] 0x3F87b8..3E08.scaledTotalSupply(),DELEGATECALL,0x3F87b818f94F3cC21e47FD3Bf015E8D8183A3E08,,scaledTotalSupply,yes,,2355,Return,,,,,,,
C16,business_logic,test,yes,0xc310a0affe2169d1f6feec1c63dbc7f7c62a887fa48795d327d4d2da2d6b111d,133,3,6,      [STATICCALL] 0x778A13..8E92.getSupplyData(),STATICCALL,0x778A13D3eeb110A4f7bb6529F99c000119a08E92,,getSupplyData,yes,,14309,Return,,,,,,,
C16,business_logic,test,yes,0xc310a0affe2169d1f6feec1c63dbc7f7c62a887fa48795d327d4d2da2d6b111d,134,4,133,        [DELEGATECALL] 0xD23A44..9F7c.getSupplyData(),DELEGATECALL,0xD23A44eB2db8AD0817c994D3533528C030279F7c,,getSupplyData,yes,,9189,Return,,,,,,,
C16,business_logic,test,yes,0xc310a0affe2169d1f6feec1c63dbc7f7c62a887fa48795d327d4d2da2d6b111d,135,3,6,      [CALL] 0x028171..68A3.mintToTreasury(),CALL,0x028171bCA77440897B824Ca71D1c56caC55b68A3,,mintToTreasury,yes,,34069,Return,"37049690136868391 [3.704e16], 1082430249077049159667713527 [1.082e27]",,,,,,
C16,business_logic,test,yes,0xc310a0affe2169d1f6feec1c63dbc7f7c62a887fa48795d327d4d2da2d6b111d,136,4,135,        [DELEGATECALL] 0x7b2a3C..7bD0.mintToTreasury(),DELEGATECALL,0x7b2a3CF972C3193F26CdeC6217D27379b6417bD0,,mintToTreasury,yes,,33458,Stop,"37049690136868391 [3.704e16], 1082430249077049159667713527 [1.082e27]","Transfer(from: 0x0000000000000000000000000000000000000000, to: 0x464C71f6c2F760DdA6093dCB91C24c39e5d6e18c, amount: 37049690136868391 [3.704e16]) | Mint(param0: ...",,,,,
C16,business_logic,test,yes,0xc310a0affe2169d1f6feec1c63dbc7f7c62a887fa48795d327d4d2da2d6b111d,137,5,136,          [CALL] 0xd78492..f6b5.handleAction(),CALL,0xd784927Ff2f95ba542BfC824c8a8a98F3495f6b5,,handleAction,yes,,15654,Return,"0x464C71f6c2F760DdA6093dCB91C24c39e5d6e18c, 412996647536525227195070187 [4.129e26], 3725077920697105861973513 [3.725e24]",,,,,,
C16,business_logic,test,yes,0xc310a0affe2169d1f6feec1c63dbc7f7c62a887fa48795d327d4d2da2d6b111d,138,6,137,            [DELEGATECALL] 0xD9ED41..CE31.handleAction(),DELEGATECALL,0xD9ED413bCF58c266F95fE6BA63B13cf79299CE31,,handleAction,yes,,10537,Stop,"0x464C71f6c2F760DdA6093dCB91C24c39e5d6e18c, 412996647536525227195070187 [4.129e26], 3725077920697105861973513 [3.725e24]",,,,,,
C16,business_logic,test,yes,0xc310a0affe2169d1f6feec1c63dbc7f7c62a887fa48795d327d4d2da2d6b111d,139,3,6,      [STATICCALL] 0x028171..68A3.totalSupply(),STATICCALL,0x028171bCA77440897B824Ca71D1c56caC55b68A3,,totalSupply,yes,,3196,Return,,,,,,,
C16,business_logic,test,yes,0xc310a0affe2169d1f6feec1c63dbc7f7c62a887fa48795d327d4d2da2d6b111d,140,4,139,        [DELEGATECALL] 0x7b2a3C..7bD0.totalSupply(),DELEGATECALL,0x7b2a3CF972C3193F26CdeC6217D27379b6417bD0,,totalSupply,yes,,2588,Return,,,,,,,
C16,business_logic,test,yes,0xc310a0affe2169d1f6feec1c63dbc7f7c62a887fa48795d327d4d2da2d6b111d,141,5,140,          [STATICCALL] 0x7d2768..c7A9.getReserveNormalizedIncome(),STATICCALL,0x7d2768dE32b0b80b7a3454c06BdAc94A69DDc7A9,,getReserveNormalizedIncome,yes,,1482,Return,0x6B175474E89094C44Da98b954EedeAC495271d0F,,,,,,
C16,business_logic,test,yes,0xc310a0affe2169d1f6feec1c63dbc7f7c62a887fa48795d327d4d2da2d6b111d,142,6,141,            [DELEGATECALL] 0xC6845a..5baf.getReserveNormalizedIncome(),DELEGATECALL,0xC6845a5C768BF8D7681249f8927877Efda425baf,,getReserveNormalizedIncome,yes,,871,Return,0x6B175474E89094C44Da98b954EedeAC495271d0F,,,,,,
C16,business_logic,test,yes,0xc310a0affe2169d1f6feec1c63dbc7f7c62a887fa48795d327d4d2da2d6b111d,143,3,6,      [STATICCALL] 0x778A13..8E92.getTotalSupplyAndAvgRate(),STATICCALL,0x778A13D3eeb110A4f7bb6529F99c000119a08E92,,getTotalSupplyAndAvgRate,yes,,3535,Return,,,,,,,
C16,business_logic,test,yes,0xc310a0affe2169d1f6feec1c63dbc7f7c62a887fa48795d327d4d2da2d6b111d,144,4,143,        [DELEGATECALL] 0xD23A44..9F7c.getTotalSupplyAndAvgRate(),DELEGATECALL,0xD23A44eB2db8AD0817c994D3533528C030279F7c,,getTotalSupplyAndAvgRate,yes,,2924,Return,,,,,,,
C16,business_logic,test,yes,0xc310a0affe2169d1f6feec1c63dbc7f7c62a887fa48795d327d4d2da2d6b111d,145,3,6,      [STATICCALL] 0x6C3c78..379d.scaledTotalSupply(),STATICCALL,0x6C3c78838c761c6Ac7bE9F59fe808ea2A6E4379d,,scaledTotalSupply,yes,,963,Return,,,,,,,
C16,business_logic,test,yes,0xc310a0affe2169d1f6feec1c63dbc7f7c62a887fa48795d327d4d2da2d6b111d,146,4,145,        [DELEGATECALL] 0x3F87b8..3E08.scaledTotalSupply(),DELEGATECALL,0x3F87b818f94F3cC21e47FD3Bf015E8D8183A3E08,,scaledTotalSupply,yes,,355,Return,,,,,,,
C16,business_logic,test,yes,0xc310a0affe2169d1f6feec1c63dbc7f7c62a887fa48795d327d4d2da2d6b111d,147,3,6,      [STATICCALL] 0x6B1754..1d0F.balanceOf(),STATICCALL,0x6B175474E89094C44Da98b954EedeAC495271d0F,,balanceOf,yes,,602,Return,0x028171bCA77440897B824Ca71D1c56caC55b68A3,,,,,,
C16,business_logic,test,yes,0xc310a0affe2169d1f6feec1c63dbc7f7c62a887fa48795d327d4d2da2d6b111d,148,3,6,      [STATICCALL] 0xfffE32..B62a.calculateInterestRates(),STATICCALL,0xfffE32106A68aA3eD39CcCE673B646423EEaB62a,,calculateInterestRates,yes,,15675,Return,"0x6B175474E89094C44Da98b954EedeAC495271d0F, 357429133375135290960274460 [3.574e26], 1202549117746117945314643 [1.202e24], 88435485712227506765072046 [8.843e25],...",,,,,,
C16,business_logic,test,yes,0xc310a0affe2169d1f6feec1c63dbc7f7c62a887fa48795d327d4d2da2d6b111d,149,4,148,        [STATICCALL] 0xB53C1a..c8c5.getLendingRateOracle(),STATICCALL,0xB53C1a33016B2DC2fF3653530bfF1848a515c8c5,,getLendingRateOracle,yes,,2559,Return,,,,,,,
C16,business_logic,test,yes,0xc310a0affe2169d1f6feec1c63dbc7f7c62a887fa48795d327d4d2da2d6b111d,150,4,148,        [STATICCALL] 0x8A32f4..5c7D.getMarketBorrowRate(),STATICCALL,0x8A32f49FFbA88aba6EFF96F45D8BD1D4b3f35c7D,,getMarketBorrowRate,yes,,2486,Return,0x6B175474E89094C44Da98b954EedeAC495271d0F,,,,,,
C16,business_logic,test,yes,0xc310a0affe2169d1f6feec1c63dbc7f7c62a887fa48795d327d4d2da2d6b111d,151,3,6,      [CALL] 0x6B1754..1d0F.transferFrom(),CALL,0x6B175474E89094C44Da98b954EedeAC495271d0F,,transferFrom,yes,,3818,Return,"0xeBC29199C817Dc47BA12E3F86102564D640CBf99, 0x028171bCA77440897B824Ca71D1c56caC55b68A3, 30027000000000000000000000 [3.002e25]","Transfer(from: 0xeBC29199C817Dc47BA12E3F86102564D640CBf99, to: 0x028171bCA77440897B824Ca71D1c56caC55b68A3, amount: 30027000000000000000000000 [3.002e25])",,,,,
C17,price_oracle_manipulation,dev,yes,0xa992b28ecf2eed778d20d5200946ea341b950be0c3d78b1f2237a4d8d795de95,1,0,,[CALL] 0xd02C26..20a6.65121f2d(),CALL,0xd02C260F54997146C9028b2Ac7144b11ce4c20a6,attack_contract,65121f2d,no,,269173,Stop,dac17f958d2ee523a2206206994597c13d831ec700000044095ea7b3000000000000000000000000cb6afdc84e8949ddf49ab00b5b351a5b0f65a723ffffffffffffffffffffffffffffffffffffffff...,,,,,,
C17,price_oracle_manipulation,dev,yes,0xa992b28ecf2eed778d20d5200946ea341b950be0c3d78b1f2237a4d8d795de95,2,1,1,  [CALL] 0xdAC17F..1ec7.approve(),CALL,0xdAC17F958D2ee523a2206206994597C13D831ec7,,approve,yes,,26953,Stop,"0xCb6afDc84e8949DdF49Ab00b5B351a5b0F65a723, 115792089237316195423570985008687907853269984665640564039457584007913129639935 [1.157e77]","Approval(owner: 0xd02C260F54997146C9028b2Ac7144b11ce4c20a6, spender: 0xCb6afDc84e8949DdF49Ab00b5B351a5b0F65a723, amount: 115792089237316195423570985008687907853...",,,,,
C17,price_oracle_manipulation,dev,yes,0xa992b28ecf2eed778d20d5200946ea341b950be0c3d78b1f2237a4d8d795de95,3,1,1,  [CALL] 0x0d4a11..1852.swap(),CALL,0x0d4a11d5EEaaC28EC3F61d100daF4d40471f1852,,swap,yes,,225602,Stop,"0, 200000000 [2e8], 0xd02C260F54997146C9028b2Ac7144b11ce4c20a6, 0xcb6afdc84e8949ddf49ab00b5b351a5b0f65a723000000446e553f6500000000000000000000000000000000000000...","Sync(: 25180204764210612535833 [2.518e22], : 106950398732764 [1.069e14]) | Swap(param0: 0xd02C260F54997146C9028b2Ac7144b11ce4c20a6, param1: 0, param2: 200602000...",,,,,
C17,price_oracle_manipulation,dev,yes,0xa992b28ecf2eed778d20d5200946ea341b950be0c3d78b1f2237a4d8d795de95,4,2,3,    [CALL] 0xdAC17F..1ec7.transfer(),CALL,0xdAC17F958D2ee523a2206206994597C13D831ec7,,transfer,yes,,39601,Stop,"0xd02C260F54997146C9028b2Ac7144b11ce4c20a6, 200000000 [2e8]","Transfer(from: 0x0d4a11d5EEaaC28EC3F61d100daF4d40471f1852, to: 0xd02C260F54997146C9028b2Ac7144b11ce4c20a6, amount: 200000000 [2e8])",,,,,
C17,price_oracle_manipulation,dev,yes,0xa992b28ecf2eed778d20d5200946ea341b950be0c3d78b1f2237a4d8d795de95,5,2,3,    [CALL] 0xd02C26..20a6.uniswapV2Call(),CALL,0xd02C260F54997146C9028b2Ac7144b11ce4c20a6,attack_contract,uniswapV2Call,yes,,146093,Stop,"0xd02C260F54997146C9028b2Ac7144b11ce4c20a6, 0, 200000000 [2e8], 0xcb6afdc84e8949ddf49ab00b5b351a5b0f65a723000000446e553f6500000000000000000000000000000000000000...",,,,,,
C17,price_oracle_manipulation,dev,yes,0xa992b28ecf2eed778d20d5200946ea341b950be0c3d78b1f2237a4d8d795de95,6,3,5,      [CALL] 0xCb6afD..a723.deposit(),CALL,0xCb6afDc84e8949DdF49Ab00b5B351a5b0F65a723,victim,deposit,yes,,69397,Return,"100000000 [1e8], 0xd02C260F54997146C9028b2Ac7144b11ce4c20a6","Transfer(from: 0x0000000000000000000000000000000000000000, to: 0xd02C260F54997146C9028b2Ac7144b11ce4c20a6, amount: 99997695605728505820 [9.999e19])",,,,,
C17,price_oracle_manipulation,dev,yes,0xa992b28ecf2eed778d20d5200946ea341b950be0c3d78b1f2237a4d8d795de95,7,4,6,        [STATICCALL] 0xdAC17F..1ec7.balanceOf(),STATICCALL,0xdAC17F958D2ee523a2206206994597C13D831ec7,,balanceOf,yes,,1031,Return,0xd02C260F54997146C9028b2Ac7144b11ce4c20a6,,,,,,
C17,price_oracle_manipulation,dev,yes,0xa992b28ecf2eed778d20d5200946ea341b950be0c3d78b1f2237a4d8d795de95,8,4,6,        [STATICCALL] 0xdAC17F..1ec7.allowance(),STATICCALL,0xdAC17F958D2ee523a2206206994597C13D831ec7,,allowance,yes,,1356,Return,"0xd02C260F54997146C9028b2Ac7144b11ce4c20a6, 0xCb6afDc84e8949DdF49Ab00b5B351a5b0F65a723",,,,,,
C17,price_oracle_manipulation,dev,yes,0xa992b28ecf2eed778d20d5200946ea341b950be0c3d78b1f2237a4d8d795de95,9,4,6,        [STATICCALL] 0xdAC17F..1ec7.decimals(),STATICCALL,0xdAC17F958D2ee523a2206206994597C13D831ec7,,decimals,yes,,2484,Return,,,,,,,
C17,price_oracle_manipulation,dev,yes,0xa992b28ecf2eed778d20d5200946ea341b950be0c3d78b1f2237a4d8d795de95,10,4,6,        [CALL] 0xdAC17F..1ec7.transferFrom(),CALL,0xdAC17F958D2ee523a2206206994597C13D831ec7,,transferFrom,yes,,11730,Stop,"0xd02C260F54997146C9028b2Ac7144b11ce4c20a6, 0xCb6afDc84e8949DdF49Ab00b5B351a5b0F65a723, 100000000 [1e8]","Transfer(from: 0xd02C260F54997146C9028b2Ac7144b11ce4c20a6, to: 0xCb6afDc84e8949DdF49Ab00b5B351a5b0F65a723, amount: 100000000 [1e8])",,,,,
C17,price_oracle_manipulation,dev,yes,0xa992b28ecf2eed778d20d5200946ea341b950be0c3d78b1f2237a4d8d795de95,11,3,5,      [CALL] 0xCb6afD..a723.totalTokens(),CALL,0xCb6afDc84e8949DdF49Ab00b5B351a5b0F65a723,victim,totalTokens,yes,,474,Return,,,,,,,
C17,price_oracle_manipulation,dev,yes,0xa992b28ecf2eed778d20d5200946ea341b950be0c3d78b1f2237a4d8d795de95,12,3,5,      [CALL] 0xCb6afD..a723.swapIn(),CALL,0xCb6afDc84e8949DdF49Ab00b5B351a5b0F65a723,victim,swapIn,yes,,25754,Stop,"0xd02C260F54997146C9028b2Ac7144b11ce4c20a6, 100000000 [1e8], 201402163916316 [2.014e14]","SwapInProcessed(param0: 0xd02C260F54997146C9028b2Ac7144b11ce4c20a6, param1: 100000000 [1e8], param2: 201402163916316 [2.014e14])",yes,,,,
C17,price_oracle_manipulation,dev,yes,0xa992b28ecf2eed778d20d5200946ea341b950be0c3d78b1f2237a4d8d795de95,13,4,12,        [CALL] 0xdAC17F..1ec7.transferFrom(),CALL,0xdAC17F958D2ee523a2206206994597C13D831ec7,,transferFrom,yes,,4930,Stop,"0xd02C260F54997146C9028b2Ac7144b11ce4c20a6, 0xCb6afDc84e8949DdF49Ab00b5B351a5b0F65a723, 100000000 [1e8]","Transfer(from: 0xd02C260F54997146C9028b2Ac7144b11ce4c20a6, to: 0xCb6afDc84e8949DdF49Ab00b5B351a5b0F65a723, amount: 100000000 [1e8])",,,,,
C17,price_oracle_manipulation,dev,yes,0xa992b28ecf2eed778d20d5200946ea341b950be0c3d78b1f2237a4d8d795de95,14,4,12,        [STATICCALL] 0xdAC17F..1ec7.decimals(),STATICCALL,0xdAC17F958D2ee523a2206206994597C13D831ec7,,decimals,yes,,484,Return,,,,,,,
C17,price_oracle_manipulation,dev,yes,0xa992b28ecf2eed778d20d5200946ea341b950be0c3d78b1f2237a4d8d795de95,15,3,5,      [CALL] 0xCb6afD..a723.withdraw(),CALL,0xCb6afDc84e8949DdF49Ab00b5B351a5b0F65a723,victim,withdraw,yes,,39935,Return,"99997695605728505820 [9.999e19], 0xd02C260F54997146C9028b2Ac7144b11ce4c20a6","Transfer(from: 0xd02C260F54997146C9028b2Ac7144b11ce4c20a6, to: 0x0000000000000000000000000000000000000000, amount: 99997695605728505820 [9.999e19])",,,,,
C17,price_oracle_manipulation,dev,yes,0xa992b28ecf2eed778d20d5200946ea341b950be0c3d78b1f2237a4d8d795de95,16,4,15,        [STATICCALL] 0xdAC17F..1ec7.decimals(),STATICCALL,0xdAC17F958D2ee523a2206206994597C13D831ec7,,decimals,yes,,484,Return,,,,,,,
C17,price_oracle_manipulation,dev,yes,0xa992b28ecf2eed778d20d5200946ea341b950be0c3d78b1f2237a4d8d795de95,17,4,15,        [CALL] 0xdAC17F..1ec7.transfer(),CALL,0xdAC17F958D2ee523a2206206994597C13D831ec7,,transfer,yes,,26801,Stop,"0xd02C260F54997146C9028b2Ac7144b11ce4c20a6, 99999999652 [9.999e10]","Transfer(from: 0xCb6afDc84e8949DdF49Ab00b5B351a5b0F65a723, to: 0xd02C260F54997146C9028b2Ac7144b11ce4c20a6, amount: 99999999652 [9.999e10])",,,,,
C17,price_oracle_manipulation,dev,yes,0xa992b28ecf2eed778d20d5200946ea341b950be0c3d78b1f2237a4d8d795de95,18,3,5,      [CALL] 0xdAC17F..1ec7.transfer(),CALL,0xdAC17F958D2ee523a2206206994597C13D831ec7,,transfer,yes,,4901,Stop,"0x0d4a11d5EEaaC28EC3F61d100daF4d40471f1852, 200602000 [2.006e8]","Transfer(from: 0xd02C260F54997146C9028b2Ac7144b11ce4c20a6, to: 0x0d4a11d5EEaaC28EC3F61d100daF4d40471f1852, amount: 200602000 [2.006e8])",,,,,
C17,price_oracle_manipulation,dev,yes,0xa992b28ecf2eed778d20d5200946ea341b950be0c3d78b1f2237a4d8d795de95,19,2,3,    [STATICCALL] 0xC02aaA..6Cc2.balanceOf(),STATICCALL,0xC02aaA39b223FE8D0A0e5C4F27eAD9083C756Cc2,,balanceOf,yes,,2534,Return,0x0d4a11d5EEaaC28EC3F61d100daF4d40471f1852,,,,,,
C17,price_oracle_manipulation,dev,yes,0xa992b28ecf2eed778d20d5200946ea341b950be0c3d78b1f2237a4d8d795de95,20,2,3,    [STATICCALL] 0xdAC17F..1ec7.balanceOf(),STATICCALL,0xdAC17F958D2ee523a2206206994597C13D831ec7,,balanceOf,yes,,1031,Return,0x0d4a11d5EEaaC28EC3F61d100daF4d40471f1852,,,,,,
C17,price_oracle_manipulation,dev,yes,0xa992b28ecf2eed778d20d5200946ea341b950be0c3d78b1f2237a4d8d795de95,21,1,1,  [CALL] 0xdAC17F..1ec7.transfer(),CALL,0xdAC17F958D2ee523a2206206994597C13D831ec7,,transfer,yes,,9701,Stop,"0x6510438A7E273e71300892c6faf946aB3B04CbCb, 99799397652 [9.979e10]","Transfer(from: 0xd02C260F54997146C9028b2Ac7144b11ce4c20a6, to: 0x6510438A7E273e71300892c6faf946aB3B04CbCb, amount: 99799397652 [9.979e10])",,,,,
C18,price_oracle_manipulation,test,yes,0x256979ae169abb7fbbbbc14188742f4b9debf48b48ad5b5207cadcc99ccb493b,1,0,,[CALL] 0x4095F0..0077.ac9650d8(),CALL,0x4095F064B8d3c3548A3bebfd0Bbfd04750E30077,attack_contract,ac9650d8,no,,357545,Return,0000000000000000000000000000000000000000000000000000000000000020000000000000000000000000000000000000000000000000000000000000000500000000000000000000000000000000...,,,,,,
C18,price_oracle_manipulation,test,yes,0x256979ae169abb7fbbbbc14188742f4b9debf48b48ad5b5207cadcc99ccb493b,2,1,1,  [DELEGATECALL] 0x4095F0..0077.approve2(),DELEGATECALL,0x4095F064B8d3c3548A3bebfd0Bbfd04750E30077,attack_contract,approve2,yes,,35829,Return,"((0x45804880De22913dAFE09f4980848ECE6EcbAf78, 132577813003136114 [1.325e17], 281474976710655 [2.814e14], 0), 0x4095F064B8d3c3548A3bebfd0Bbfd04750E30077, 1728901...",,,,,,
C18,price_oracle_manipulation,test,yes,0x256979ae169abb7fbbbbc14188742f4b9debf48b48ad5b5207cadcc99ccb493b,3,2,2,    [CALL] 0x000000..8BA3.permit(),CALL,0x000000000022D473030F116dDEE9F6B43aC78BA3,,permit,yes,,30786,Return,"0x02DBE46169fDf6555F2A125eEe3dce49703b13f5, ((0x45804880De22913dAFE09f4980848ECE6EcbAf78, 132577813003136114 [1.325e17], 281474976710655 [2.814e14], 0), 0x4095F...","Permit(param0: 0x02DBE46169fDf6555F2A125eEe3dce49703b13f5, param1: 0x45804880De22913dAFE09f4980848ECE6EcbAf78, param2: 0x4095F064B8d3c3548A3bebfd0Bbfd04750E3007...",,,,,
C18,price_oracle_manipulation,test,yes,0x256979ae169abb7fbbbbc14188742f4b9debf48b48ad5b5207cadcc99ccb493b,4,3,3,      [STATICCALL] PRECOMPILES.ecrecover(),STATICCALL,PRECOMPILES,,ecrecover,yes,,3000,Return,"0xd13eddaf580b66fcb4f0541d760abacaaae1f9d6f9acf13c9b9ca98bf961e417, 28, 98852746398694463012696763951094656322112690794018735646597879501801162016768, 109143350...",,,,,,
C18,price_oracle_manipulation,test,yes,0x256979ae169abb7fbbbbc14188742f4b9debf48b48ad5b5207cadcc99ccb493b,5,1,1,  [DELEGATECALL] 0x4095F0..0077.transferFrom2(),DELEGATECALL,0x4095F064B8d3c3548A3bebfd0Bbfd04750E30077,attack_contract,transferFrom2,yes,,66922,Return,"0x45804880De22913dAFE09f4980848ECE6EcbAf78, 132577813003136114 [1.325e17]",,,,,,
C18,price_oracle_manipulation,test,yes,0x256979ae169abb7fbbbbc14188742f4b9debf48b48ad5b5207cadcc99ccb493b,6,2,5,    [STATICCALL] 0x458048..Af78.balanceOf(),STATICCALL,0x45804880De22913dAFE09f4980848ECE6EcbAf78,,balanceOf,yes,,10269,Return,0x02DBE46169fDf6555F2A125eEe3dce49703b13f5,,,,,,
C18,price_oracle_manipulation,test,yes,0x256979ae169abb7fbbbbc14188742f4b9debf48b48ad5b5207cadcc99ccb493b,7,3,6,      [DELEGATECALL] 0x74271F..e42a.balanceOf(),DELEGATECALL,0x74271F2282eD7eE35c166122A60c9830354be42a,,balanceOf,yes,,2990,Return,0x02DBE46169fDf6555F2A125eEe3dce49703b13f5,,,,,,
C18,price_oracle_manipulation,test,yes,0x256979ae169abb7fbbbbc14188742f4b9debf48b48ad5b5207cadcc99ccb493b,8,2,5,    [CALL] 0x000000..8BA3.transferFrom(),CALL,0x000000000022D473030F116dDEE9F6B43aC78BA3,,transferFrom,yes,,51930,Return,"0x02DBE46169fDf6555F2A125eEe3dce49703b13f5, 0x4095F064B8d3c3548A3bebfd0Bbfd04750E30077, 132577813003136114 [1.325e17], 0x45804880De22913dAFE09f4980848ECE6EcbAf7...",,,,,,
C18,price_oracle_manipulation,test,yes,0x256979ae169abb7fbbbbc14188742f4b9debf48b48ad5b5207cadcc99ccb493b,9,3,8,      [CALL] 0x458048..Af78.transferFrom(),CALL,0x45804880De22913dAFE09f4980848ECE6EcbAf78,,transferFrom,yes,,50538,Return,"0x02DBE46169fDf6555F2A125eEe3dce49703b13f5, 0x4095F064B8d3c3548A3bebfd0Bbfd04750E30077, 132577813003136114 [1.325e17]",,,,,,
C18,price_oracle_manipulation,test,yes,0x256979ae169abb7fbbbbc14188742f4b9debf48b48ad5b5207cadcc99ccb493b,10,4,9,        [DELEGATECALL] 0x74271F..e42a.transferFrom(),DELEGATECALL,0x74271F2282eD7eE35c166122A60c9830354be42a,,transferFrom,yes,,49750,Return,"0x02DBE46169fDf6555F2A125eEe3dce49703b13f5, 0x4095F064B8d3c3548A3bebfd0Bbfd04750E30077, 132577813003136114 [1.325e17]","Transfer(from: 0x02DBE46169fDf6555F2A125eEe3dce49703b13f5, to: 0x4095F064B8d3c3548A3bebfd0Bbfd04750E30077, amount: 132577813003136114 [1.325e17]) | Transfer(fro...",,,,,
C18,price_oracle_manipulation,test,yes,0x256979ae169abb7fbbbbc14188742f4b9debf48b48ad5b5207cadcc99ccb493b,11,1,1,  [DELEGATECALL] 0x4095F0..0077.morphoSupplyCollateral(),DELEGATECALL,0x4095F064B8d3c3548A3bebfd0Bbfd04750E30077,attack_contract,morphoSupplyCollateral,yes,,60859,Return,"(0xA0b86991c6218b36c1d19D4a2e9Eb0cE3606eB48, 0x45804880De22913dAFE09f4980848ECE6EcbAf78, 0xDd1778F71a4a1C6A0eFebd8AE9f8848634CE1101, 0x870aC11D48B15DB9a138Cf899...",,,,,,
C18,price_oracle_manipulation,test,yes,0x256979ae169abb7fbbbbc14188742f4b9debf48b48ad5b5207cadcc99ccb493b,12,2,11,    [STATICCALL] 0x458048..Af78.allowance(),STATICCALL,0x45804880De22913dAFE09f4980848ECE6EcbAf78,,allowance,yes,,4314,Return,"0x4095F064B8d3c3548A3bebfd0Bbfd04750E30077, 0xBBBBBbbBBb9cC5e90e3b3Af64bdAF62C37EEFFCb",,,,,,
C18,price_oracle_manipulation,test,yes,0x256979ae169abb7fbbbbc14188742f4b9debf48b48ad5b5207cadcc99ccb493b,13,3,12,      [DELEGATECALL] 0x74271F..e42a.allowance(),DELEGATECALL,0x74271F2282eD7eE35c166122A60c9830354be42a,,allowance,yes,,3532,Return,"0x4095F064B8d3c3548A3bebfd0Bbfd04750E30077, 0xBBBBBbbBBb9cC5e90e3b3Af64bdAF62C37EEFFCb",,,,,,
C18,price_oracle_manipulation,test,yes,0x256979ae169abb7fbbbbc14188742f4b9debf48b48ad5b5207cadcc99ccb493b,14,2,11,    [CALL] 0xBBBBBb..FFCb.supplyCollateral(),CALL,0xBBBBBbbBBb9cC5e90e3b3Af64bdAF62C37EEFFCb,victim,supplyCollateral,yes,,50660,Return,"(0xA0b86991c6218b36c1d19D4a2e9Eb0cE3606eB48, 0x45804880De22913dAFE09f4980848ECE6EcbAf78, 0xDd1778F71a4a1C6A0eFebd8AE9f8848634CE1101, 0x870aC11D48B15DB9a138Cf899...",topic 0: 0xa3b9472a1399e17e123f3c2e6586c23e504184d504de59cdaa2b375e880c6184 topic 1: 0x8eaf7b29f02ba8d8c1d7aeb587403dcb16e2e943e4e2f5f94b0963c2386406c9 topic 2:...,,,,,
C18,price_oracle_manipulation,test,yes,0x256979ae169abb7fbbbbc14188742f4b9debf48b48ad5b5207cadcc99ccb493b,15,3,14,      [CALL] 0x4095F0..0077.onMorphoSupplyCollateral(),CALL,0x4095F064B8d3c3548A3bebfd0Bbfd04750E30077,attack_contract,onMorphoSupplyCollateral,yes,,1606,Stop,"132577813003136114 [1.325e17], 0x0000000000000000000000000000000000000000000000000000000000000020000000000000000000000000000000000000000000000000000000000000000...",,,,,,
C18,price_oracle_manipulation,test,yes,0x256979ae169abb7fbbbbc14188742f4b9debf48b48ad5b5207cadcc99ccb493b,16,3,14,      [CALL] 0x458048..Af78.transferFrom(),CALL,0x45804880De22913dAFE09f4980848ECE6EcbAf78,,transferFrom,yes,,18638,Return,"0x4095F064B8d3c3548A3bebfd0Bbfd04750E30077, 0xBBBBBbbBBb9cC5e90e3b3Af64bdAF62C37EEFFCb, 132577813003136114 [1.325e17]",,,,,,
C18,price_oracle_manipulation,test,yes,0x256979ae169abb7fbbbbc14188742f4b9debf48b48ad5b5207cadcc99ccb493b,17,4,16,        [DELEGATECALL] 0x74271F..e42a.transferFrom(),DELEGATECALL,0x74271F2282eD7eE35c166122A60c9830354be42a,,transferFrom,yes,,17850,Return,"0x4095F064B8d3c3548A3bebfd0Bbfd04750E30077, 0xBBBBBbbBBb9cC5e90e3b3Af64bdAF62C37EEFFCb, 132577813003136114 [1.325e17]","Transfer(from: 0x4095F064B8d3c3548A3bebfd0Bbfd04750E30077, to: 0xBBBBBbbBBb9cC5e90e3b3Af64bdAF62C37EEFFCb, amount: 132577813003136114 [1.325e17]) | Transfer(fro...",,,,,
C18,price_oracle_manipulation,test,yes,0x256979ae169abb7fbbbbc14188742f4b9debf48b48ad5b5207cadcc99ccb493b,18,1,1,  [DELEGATECALL] 0x4095F0..0077.morphoSetAuthorizationWithSig(),DELEGATECALL,0x4095F064B8d3c3548A3bebfd0Bbfd04750E30077,attack_contract,morphoSetAuthorizationWithSig,yes,,56081,Return,"(0x02DBE46169fDf6555F2A125eEe3dce49703b13f5, 0x4095F064B8d3c3548A3bebfd0Bbfd04750E30077, true, 0, 1728901150 [1.728e9]), (27, 0x2dff2f5008b6acb3c7854806df545342...",,,,,,
C18,price_oracle_manipulation,test,yes,0x256979ae169abb7fbbbbc14188742f4b9debf48b48ad5b5207cadcc99ccb493b,19,2,18,    [CALL] 0xBBBBBb..FFCb.setAuthorizationWithSig(),CALL,0xBBBBBbbBBb9cC5e90e3b3Af64bdAF62C37EEFFCb,victim,setAuthorizationWithSig,yes,,53734,Return,"(0x02DBE46169fDf6555F2A125eEe3dce49703b13f5, 0x4095F064B8d3c3548A3bebfd0Bbfd04750E30077, true, 0, 1728901150 [1.728e9]), (27, 0x2dff2f5008b6acb3c7854806df545342...","IncrementNonce(param0: 0x4095F064B8d3c3548A3bebfd0Bbfd04750E30077, param1: 0x02DBE46169fDf6555F2A125eEe3dce49703b13f5, param2: 0) | SetAuthorization(param0: 0x4...",,,,,
C18,price_oracle_manipulation,test,yes,0x256979ae169abb7fbbbbc14188742f4b9debf48b48ad5b5207cadcc99ccb493b,20,3,19,      [STATICCALL] PRECOMPILES.ecrecover(),STATICCALL,PRECOMPILES,,ecrecover,yes,,3000,Return,"0xe138aff9dada42370e22c40d73354fd694cb4e67fabbe5808d6317dc0a22dc72, 27, 20804950727557154321936148246921857159701485261420818138223070196866702324658, 143452126...",,,,,,
C18,price_oracle_manipulation,test,yes,0x256979ae169abb7fbbbbc14188742f4b9debf48b48ad5b5207cadcc99ccb493b,21,1,1,  [DELEGATECALL] 0x4095F0..0077.morphoBorrow(),DELEGATECALL,0x4095F064B8d3c3548A3bebfd0Bbfd04750E30077,attack_contract,morphoBorrow,yes,,127590,Return,"(0xA0b86991c6218b36c1d19D4a2e9Eb0cE3606eB48, 0x45804880De22913dAFE09f4980848ECE6EcbAf78, 0xDd1778F71a4a1C6A0eFebd8AE9f8848634CE1101, 0x870aC11D48B15DB9a138Cf899...",,,,,,
C18,price_oracle_manipulation,test,yes,0x256979ae169abb7fbbbbc14188742f4b9debf48b48ad5b5207cadcc99ccb493b,22,2,21,    [CALL] 0xBBBBBb..FFCb.borrow(),CALL,0xBBBBBbbBBb9cC5e90e3b3Af64bdAF62C37EEFFCb,victim,borrow,yes,,125073,Return,"(0xA0b86991c6218b36c1d19D4a2e9Eb0cE3606eB48, 0x45804880De22913dAFE09f4980848ECE6EcbAf78, 0xDd1778F71a4a1C6A0eFebd8AE9f8848634CE1101, 0x870aC11D48B15DB9a138Cf899...",topic 0: 0x9d9bd501d0657d7dfe415f779a620a62b78bc508ddc0891fbbd8b7ac0f8fce87 topic 1: 0x8eaf7b29f02ba8d8c1d7aeb587403dcb16e2e943e4e2f5f94b0963c2386406c9 data: 0x...,yes,,,,
C18,price_oracle_manipulation,test,yes,0x256979ae169abb7fbbbbc14188742f4b9debf48b48ad5b5207cadcc99ccb493b,23,3,22,      [CALL] 0x870aC1..00BC.borrowRate(),CALL,0x870aC11D48B15DB9a138Cf899d20F13F79Ba00BC,,borrowRate,yes,,13464,Return,"(0xA0b86991c6218b36c1d19D4a2e9Eb0cE3606eB48, 0x45804880De22913dAFE09f4980848ECE6EcbAf78, 0xDd1778F71a4a1C6A0eFebd8AE9f8848634CE1101, 0x870aC11D48B15DB9a138Cf899...",topic 0: 0x7120161a7b3d31251e01294ab351ef15a41b91659a36032e4641bb89b121e321 topic 1: 0x8eaf7b29f02ba8d8c1d7aeb587403dcb16e2e943e4e2f5f94b0963c2386406c9 data: 0x...,,,,,
C18,price_oracle_manipulation,test,yes,0x256979ae169abb7fbbbbc14188742f4b9debf48b48ad5b5207cadcc99ccb493b,24,3,22,      [STATICCALL] 0xDd1778..1101.price(),STATICCALL,0xDd1778F71a4a1C6A0eFebd8AE9f8848634CE1101,,price,yes,,33585,Return,,,,,,,
C18,price_oracle_manipulation,test,yes,0x256979ae169abb7fbbbbc14188742f4b9debf48b48ad5b5207cadcc99ccb493b,25,4,24,        [STATICCALL] 0x7C4561..Ac0c.latestRoundData(),STATICCALL,0x7C4561Bb0F2d6947BeDA10F667191f6026E7Ac0c,,latestRoundData,yes,,15940,Return,,,,,,,
C18,price_oracle_manipulation,test,yes,0x256979ae169abb7fbbbbc14188742f4b9debf48b48ad5b5207cadcc99ccb493b,26,5,25,          [STATICCALL] 0x4305FB..69C6.getPriceUnsafe(),STATICCALL,0x4305FB66699C3B2702D4d05CF36551390A4c69C6,,getPriceUnsafe,yes,,8042,Return,0x273717b49430906f4b0c230e99aa1007f83758e3199edbc887c0d06c3e332494,,,,,,
C18,price_oracle_manipulation,test,yes,0x256979ae169abb7fbbbbc14188742f4b9debf48b48ad5b5207cadcc99ccb493b,27,6,26,            [DELEGATECALL] 0xDd24F8..bd21.getPriceUnsafe(),DELEGATECALL,0xDd24F84d36BF92C65F92307595335bdFab5Bbd21,,getPriceUnsafe,yes,,3132,Return,0x273717b49430906f4b0c230e99aa1007f83758e3199edbc887c0d06c3e332494,,,,,,
C18,price_oracle_manipulation,test,yes,0x256979ae169abb7fbbbbc14188742f4b9debf48b48ad5b5207cadcc99ccb493b,28,4,24,        [STATICCALL] 0xC57744..488D.latestRoundData(),STATICCALL,0xC5774412Dbd3734A5925936f320EE91a2940488D,,latestRoundData,yes,,10245,Return,,,,,,,
C18,price_oracle_manipulation,test,yes,0x256979ae169abb7fbbbbc14188742f4b9debf48b48ad5b5207cadcc99ccb493b,29,5,28,          [STATICCALL] 0x4305FB..69C6.getPriceUnsafe(),STATICCALL,0x4305FB66699C3B2702D4d05CF36551390A4c69C6,,getPriceUnsafe,yes,,3542,Return,0xeaa020c61cc479712813461ce153894a96a6c00b21ed0cfc2798d1f9a9e9c94a,,,,,,
C18,price_oracle_manipulation,test,yes,0x256979ae169abb7fbbbbc14188742f4b9debf48b48ad5b5207cadcc99ccb493b,30,6,29,            [DELEGATECALL] 0xDd24F8..bd21.getPriceUnsafe(),DELEGATECALL,0xDd24F84d36BF92C65F92307595335bdFab5Bbd21,,getPriceUnsafe,yes,,3132,Return,0xeaa020c61cc479712813461ce153894a96a6c00b21ed0cfc2798d1f9a9e9c94a,,,,,,
C18,price_oracle_manipulation,test,yes,0x256979ae169abb7fbbbbc14188742f4b9debf48b48ad5b5207cadcc99ccb493b,31,3,22,      [CALL] 0xA0b869..eB48.transfer(),CALL,0xA0b86991c6218b36c1d19D4a2e9Eb0cE3606eB48,,transfer,yes,,40652,Return,"0x02DBE46169fDf6555F2A125eEe3dce49703b13f5, 230002486670 [2.3e11]",,,,,,
C18,price_oracle_manipulation,test,yes,0x256979ae169abb7fbbbbc14188742f4b9debf48b48ad5b5207cadcc99ccb493b,32,4,31,        [DELEGATECALL] 0x435068..02dd.transfer(),DELEGATECALL,0x43506849D7C04F9138D1A2050bbF3A0c054402dd,,transfer,yes,,33363,Return,"0x02DBE46169fDf6555F2A125eEe3dce49703b13f5, 230002486670 [2.3e11]","Transfer(from: 0xBBBBBbbBBb9cC5e90e3b3Af64bdAF62C37EEFFCb, to: 0x02DBE46169fDf6555F2A125eEe3dce49703b13f5, amount: 230002486670 [2.3e11])",,,,,
C19,price_oracle_manipulation,test,yes,0xaf46a42fe1ed7193b25c523723dc047c7500e50a00ecb7bbb822d665adb3e1f3,1,0,,[CALL] 0xf73B8E..A8dd.ab283393() value=500000000000000000,CALL,0xf73B8EA8838CbA9148fB182e267a000f7CFbA8dd,attack_contract,ab283393,no,500000000000000000,795340,Stop,00000000000000000000000000000000000000000000000000000000000000200000000000000000000000000000000000000000000000000000000000000002000000000000000000000000f73b8ea8...,,,,,,
C19,price_oracle_manipulation,test,yes,0xaf46a42fe1ed7193b25c523723dc047c7500e50a00ecb7bbb822d665adb3e1f3,2,1,1,  [CALL] 0x7a250d..488D.swapExactETHForTokens() value=100000000000000000,CALL,0x7a250d5630B4cF539739dF2C5dAcb4c659F2488D,,swapExactETHForTokens,yes,100000000000000000,154278,Return,"0, [0xC02aaA39b223FE8D0A0e5C4F27eAD9083C756Cc2, 0xF7ef0D57277ad6C2baBf87aB64bA61AbDd2590D2], 0xf73B8EA8838CbA9148fB182e267a000f7CFbA8dd, 1686049695 [1.686e9]",,,,,,
C19,price_oracle_manipulation,test,yes,0xaf46a42fe1ed7193b25c523723dc047c7500e50a00ecb7bbb822d665adb3e1f3,3,2,2,    [STATICCALL] 0xa8AF8a..9cd8.getReserves(),STATICCALL,0xa8AF8ac7aCd97095c0d73eD51E30564d52b19cd8,,getReserves,yes,,2504,Return,,,,,,,
C19,price_oracle_manipulation,test,yes,0xaf46a42fe1ed7193b25c523723dc047c7500e50a00ecb7bbb822d665adb3e1f3,4,2,2,    [CALL] 0xC02aaA..6Cc2.deposit() value=100000000000000000,CALL,0xC02aaA39b223FE8D0A0e5C4F27eAD9083C756Cc2,,deposit,yes,100000000000000000,23974,Stop,,"Deposit(param0: 0x7a250d5630B4cF539739dF2C5dAcb4c659F2488D, param1: 100000000000000000 [1e17])",,,,,
C19,price_oracle_manipulation,test,yes,0xaf46a42fe1ed7193b25c523723dc047c7500e50a00ecb7bbb822d665adb3e1f3,5,2,2,    [CALL] 0xC02aaA..6Cc2.transfer(),CALL,0xC02aaA39b223FE8D0A0e5C4F27eAD9083C756Cc2,,transfer,yes,,8062,Return,"0xa8AF8ac7aCd97095c0d73eD51E30564d52b19cd8, 100000000000000000 [1e17]","Transfer(from: 0x7a250d5630B4cF539739dF2C5dAcb4c659F2488D, to: 0xa8AF8ac7aCd97095c0d73eD51E30564d52b19cd8, amount: 100000000000000000 [1e17])",,,,,
C19,price_oracle_manipulation,test,yes,0xaf46a42fe1ed7193b25c523723dc047c7500e50a00ecb7bbb822d665adb3e1f3,6,2,2,    [CALL] 0xa8AF8a..9cd8.swap(),CALL,0xa8AF8ac7aCd97095c0d73eD51E30564d52b19cd8,,swap,yes,,100543,Stop,"0, 13983585451343353 [1.398e16], 0xf73B8EA8838CbA9148fB182e267a000f7CFbA8dd, 0x","Sync(: 3431124883166006871 [3.431e18], : 467212331523049160 [4.672e17]) | Swap(param0: 0x7a250d5630B4cF539739dF2C5dAcb4c659F2488D, param1: 100000000000000000 [1...",,,,,
C19,price_oracle_manipulation,test,yes,0xaf46a42fe1ed7193b25c523723dc047c7500e50a00ecb7bbb822d665adb3e1f3,7,3,6,      [CALL] 0xF7ef0D..90D2.transfer(),CALL,0xF7ef0D57277ad6C2baBf87aB64bA61AbDd2590D2,victim,transfer,yes,,65588,Return,"0xf73B8EA8838CbA9148fB182e267a000f7CFbA8dd, 13983585451343353 [1.398e16]","Transfer(from: 0xa8AF8ac7aCd97095c0d73eD51E30564d52b19cd8, to: 0xf73B8EA8838CbA9148fB182e267a000f7CFbA8dd, amount: 13983585451343353 [1.398e16])",,,,,
C19,price_oracle_manipulation,test,yes,0xaf46a42fe1ed7193b25c523723dc047c7500e50a00ecb7bbb822d665adb3e1f3,8,4,7,        [CALL] 0xBd2142..C761.swapExactTokensForETHSupportingFeeOnTransferTokens(),CALL,0xBd21422d8dDd57CfFAE72587169A22b2462dC761,,swapExactTokensForETHSupportingFeeOnTransferTokens,yes,,27477,Return,"0xa8AF8ac7aCd97095c0d73eD51E30564d52b19cd8, 0xf73B8EA8838CbA9148fB182e267a000f7CFbA8dd, 13983585451343353 [1.398e16]",,,,,,
C19,price_oracle_manipulation,test,yes,0xaf46a42fe1ed7193b25c523723dc047c7500e50a00ecb7bbb822d665adb3e1f3,9,3,6,      [STATICCALL] 0xC02aaA..6Cc2.balanceOf(),STATICCALL,0xC02aaA39b223FE8D0A0e5C4F27eAD9083C756Cc2,,balanceOf,yes,,534,Return,0xa8AF8ac7aCd97095c0d73eD51E30564d52b19cd8,,,,,,
C19,price_oracle_manipulation,test,yes,0xaf46a42fe1ed7193b25c523723dc047c7500e50a00ecb7bbb822d665adb3e1f3,10,3,6,      [STATICCALL] 0xF7ef0D..90D2.balanceOf(),STATICCALL,0xF7ef0D57277ad6C2baBf87aB64bA61AbDd2590D2,victim,balanceOf,yes,,598,Return,0xa8AF8ac7aCd97095c0d73eD51E30564d52b19cd8,,,,,,
C19,price_oracle_manipulation,test,yes,0xaf46a42fe1ed7193b25c523723dc047c7500e50a00ecb7bbb822d665adb3e1f3,11,1,1,  [STATICCALL] 0xF7ef0D..90D2.balanceOf(),STATICCALL,0xF7ef0D57277ad6C2baBf87aB64bA61AbDd2590D2,victim,balanceOf,yes,,598,Return,0xa8AF8ac7aCd97095c0d73eD51E30564d52b19cd8,,,,,,
C19,price_oracle_manipulation,test,yes,0xaf46a42fe1ed7193b25c523723dc047c7500e50a00ecb7bbb822d665adb3e1f3,12,1,1,  [CREATE] 0x5c7257..d1E4.new <unknown>(),CREATE,0x5c7257EE4Db5c88f469A9438343cBFA7B0dad1E4,,new <unknown>,yes,,367095,Return,,,,,,,
C19,price_oracle_manipulation,test,yes,0xaf46a42fe1ed7193b25c523723dc047c7500e50a00ecb7bbb822d665adb3e1f3,13,1,1,  [CALL] 0xF7ef0D..90D2.addLiquidityETH(),CALL,0xF7ef0D57277ad6C2baBf87aB64bA61AbDd2590D2,victim,addLiquidityETH,yes,,58876,Stop,"0x5c7257EE4Db5c88f469A9438343cBFA7B0dad1E4, 0xf73B8EA8838CbA9148fB182e267a000f7CFbA8dd, 0xa8AF8ac7aCd97095c0d73eD51E30564d52b19cd8","Transfer(from: 0xa8AF8ac7aCd97095c0d73eD51E30564d52b19cd8, to: 0xF7ef0D57277ad6C2baBf87aB64bA61AbDd2590D2, amount: 373769865218439328 [3.737e17]) | Approval(own...",yes,,,,
C19,price_oracle_manipulation,test,yes,0xaf46a42fe1ed7193b25c523723dc047c7500e50a00ecb7bbb822d665adb3e1f3,14,2,13,    [STATICCALL] 0x5c7257..d1E4.c45a0155(),STATICCALL,0x5c7257EE4Db5c88f469A9438343cBFA7B0dad1E4,,c45a0155,no,,555,Return,,,,,,,
C19,price_oracle_manipulation,test,yes,0xaf46a42fe1ed7193b25c523723dc047c7500e50a00ecb7bbb822d665adb3e1f3,15,2,13,    [STATICCALL] 0x5c7257..d1E4.WETH(),STATICCALL,0x5c7257EE4Db5c88f469A9438343cBFA7B0dad1E4,,WETH,yes,,536,Return,,,,,,,
C19,price_oracle_manipulation,test,yes,0xaf46a42fe1ed7193b25c523723dc047c7500e50a00ecb7bbb822d665adb3e1f3,16,2,13,    [CALL] 0x5c7257..d1E4.createPair(),CALL,0x5c7257EE4Db5c88f469A9438343cBFA7B0dad1E4,,createPair,yes,,963,Return,"0xF7ef0D57277ad6C2baBf87aB64bA61AbDd2590D2, 0xC02aaA39b223FE8D0A0e5C4F27eAD9083C756Cc2",,,,,,
C19,price_oracle_manipulation,test,yes,0xaf46a42fe1ed7193b25c523723dc047c7500e50a00ecb7bbb822d665adb3e1f3,17,2,13,    [CALL] 0x5c7257..d1E4.addLiquidityETH(),CALL,0x5c7257EE4Db5c88f469A9438343cBFA7B0dad1E4,,addLiquidityETH,yes,,1854,Return,"0xF7ef0D57277ad6C2baBf87aB64bA61AbDd2590D2, 373769865218439328 [3.737e17], 0, 0, 0xf73B8EA8838CbA9148fB182e267a000f7CFbA8dd, 1686049595 [1.686e9]",,,,,,
C19,price_oracle_manipulation,test,yes,0xaf46a42fe1ed7193b25c523723dc047c7500e50a00ecb7bbb822d665adb3e1f3,18,2,13,    [CALL] 0x5c7257..d1E4.approve(),CALL,0x5c7257EE4Db5c88f469A9438343cBFA7B0dad1E4,,approve,yes,,808,Return,"0x5c7257EE4Db5c88f469A9438343cBFA7B0dad1E4, 115792089237316195423570985008687907853269984665640564039457584007913129639935 [1.157e77]",,,,,,
C19,price_oracle_manipulation,test,yes,0xaf46a42fe1ed7193b25c523723dc047c7500e50a00ecb7bbb822d665adb3e1f3,19,1,1,  [CALL] 0xF7ef0D..90D2.addLiquidityETH(),CALL,0xF7ef0D57277ad6C2baBf87aB64bA61AbDd2590D2,victim,addLiquidityETH,yes,,12876,Stop,"0x5c7257EE4Db5c88f469A9438343cBFA7B0dad1E4, 0xf73B8EA8838CbA9148fB182e267a000f7CFbA8dd, 0xa8AF8ac7aCd97095c0d73eD51E30564d52b19cd8","Transfer(from: 0xa8AF8ac7aCd97095c0d73eD51E30564d52b19cd8, to: 0xF7ef0D57277ad6C2baBf87aB64bA61AbDd2590D2, amount: 74753973043687865 [7.475e16]) | Approval(owne...",yes,,,,
C19,price_oracle_manipulation,test,yes,0xaf46a42fe1ed7193b25c523723dc047c7500e50a00ecb7bbb822d665adb3e1f3,20,2,19,    [STATICCALL] 0x5c7257..d1E4.c45a0155(),STATICCALL,0x5c7257EE4Db5c88f469A9438343cBFA7B0dad1E4,,c45a0155,no,,555,Return,,,,,,,
C19,price_oracle_manipulation,test,yes,0xaf46a42fe1ed7193b25c523723dc047c7500e50a00ecb7bbb822d665adb3e1f3,21,2,19,    [STATICCALL] 0x5c7257..d1E4.WETH(),STATICCALL,0x5c7257EE4Db5c88f469A9438343cBFA7B0dad1E4,,WETH,yes,,536,Return,,,,,,,
C19,price_oracle_manipulation,test,yes,0xaf46a42fe1ed7193b25c523723dc047c7500e50a00ecb7bbb822d665adb3e1f3,22,2,19,    [CALL] 0x5c7257..d1E4.createPair(),CALL,0x5c7257EE4Db5c88f469A9438343cBFA7B0dad1E4,,createPair,yes,,963,Return,"0xF7ef0D57277ad6C2baBf87aB64bA61AbDd2590D2, 0xC02aaA39b223FE8D0A0e5C4F27eAD9083C756Cc2",,,,,,
C19,price_oracle_manipulation,test,yes,0xaf46a42fe1ed7193b25c523723dc047c7500e50a00ecb7bbb822d665adb3e1f3,23,2,19,    [CALL] 0x5c7257..d1E4.addLiquidityETH(),CALL,0x5c7257EE4Db5c88f469A9438343cBFA7B0dad1E4,,addLiquidityETH,yes,,1854,Return,"0xF7ef0D57277ad6C2baBf87aB64bA61AbDd2590D2, 74753973043687865 [7.475e16], 0, 0, 0xf73B8EA8838CbA9148fB182e267a000f7CFbA8dd, 1686049595 [1.686e9]",,,,,,
C19,price_oracle_manipulation,test,yes,0xaf46a42fe1ed7193b25c523723dc047c7500e50a00ecb7bbb822d665adb3e1f3,24,2,19,    [CALL] 0x5c7257..d1E4.approve(),CALL,0x5c7257EE4Db5c88f469A9438343cBFA7B0dad1E4,,approve,yes,,808,Return,"0x5c7257EE4Db5c88f469A9438343cBFA7B0dad1E4, 115792089237316195423570985008687907853269984665640564039457584007913129639935 [1.157e77]",,,,,,
C19,price_oracle_manipulation,test,yes,0xaf46a42fe1ed7193b25c523723dc047c7500e50a00ecb7bbb822d665adb3e1f3,25,1,1,  [CALL] 0xF7ef0D..90D2.addLiquidityETH(),CALL,0xF7ef0D57277ad6C2baBf87aB64bA61AbDd2590D2,victim,addLiquidityETH,yes,,12876,Stop,"0x5c7257EE4Db5c88f469A9438343cBFA7B0dad1E4, 0xf73B8EA8838CbA9148fB182e267a000f7CFbA8dd, 0xa8AF8ac7aCd97095c0d73eD51E30564d52b19cd8","Transfer(from: 0xa8AF8ac7aCd97095c0d73eD51E30564d52b19cd8, to: 0xF7ef0D57277ad6C2baBf87aB64bA61AbDd2590D2, amount: 14950794608737573 [1.495e16]) | Approval(owne...",yes,,,,
C19,price_oracle_manipulation,test,yes,0xaf46a42fe1ed7193b25c523723dc047c7500e50a00ecb7bbb822d665adb3e1f3,26,2,25,    [STATICCALL] 0x5c7257..d1E4.c45a0155(),STATICCALL,0x5c7257EE4Db5c88f469A9438343cBFA7B0dad1E4,,c45a0155,no,,555,Return,,,,,,,
C19,price_oracle_manipulation,test,yes,0xaf46a42fe1ed7193b25c523723dc047c7500e50a00ecb7bbb822d665adb3e1f3,27,2,25,    [STATICCALL] 0x5c7257..d1E4.WETH(),STATICCALL,0x5c7257EE4Db5c88f469A9438343cBFA7B0dad1E4,,WETH,yes,,536,Return,,,,,,,
C19,price_oracle_manipulation,test,yes,0xaf46a42fe1ed7193b25c523723dc047c7500e50a00ecb7bbb822d665adb3e1f3,28,2,25,    [CALL] 0x5c7257..d1E4.createPair(),CALL,0x5c7257EE4Db5c88f469A9438343cBFA7B0dad1E4,,createPair,yes,,963,Return,"0xF7ef0D57277ad6C2baBf87aB64bA61AbDd2590D2, 0xC02aaA39b223FE8D0A0e5C4F27eAD9083C756Cc2",,,,,,
C19,price_oracle_manipulation,test,yes,0xaf46a42fe1ed7193b25c523723dc047c7500e50a00ecb7bbb822d665adb3e1f3,29,2,25,    [CALL] 0x5c7257..d1E4.addLiquidityETH(),CALL,0x5c7257EE4Db5c88f469A9438343cBFA7B0dad1E4,,addLiquidityETH,yes,,1854,Return,"0xF7ef0D57277ad6C2baBf87aB64bA61AbDd2590D2, 14950794608737573 [1.495e16], 0, 0, 0xf73B8EA8838CbA9148fB182e267a000f7CFbA8dd, 1686049595 [1.686e9]",,,,,,
C19,price_oracle_manipulation,test,yes,0xaf46a42fe1ed7193b25c523723dc047c7500e50a00ecb7bbb822d665adb3e1f3,30,2,25,    [CALL] 0x5c7257..d1E4.approve(),CALL,0x5c7257EE4Db5c88f469A9438343cBFA7B0dad1E4,,approve,yes,,808,Return,"0x5c7257EE4Db5c88f469A9438343cBFA7B0dad1E4, 115792089237316195423570985008687907853269984665640564039457584007913129639935 [1.157e77]",,,,,,
C19,price_oracle_manipulation,test,yes,0xaf46a42fe1ed7193b25c523723dc047c7500e50a00ecb7bbb822d665adb3e1f3,31,1,1,  [CALL] 0xF7ef0D..90D2.addLiquidityETH(),CALL,0xF7ef0D57277ad6C2baBf87aB64bA61AbDd2590D2,victim,addLiquidityETH,yes,,12876,Stop,"0x5c7257EE4Db5c88f469A9438343cBFA7B0dad1E4, 0xf73B8EA8838CbA9148fB182e267a000f7CFbA8dd, 0xa8AF8ac7aCd97095c0d73eD51E30564d52b19cd8","Transfer(from: 0xa8AF8ac7aCd97095c0d73eD51E30564d52b19cd8, to: 0xF7ef0D57277ad6C2baBf87aB64bA61AbDd2590D2, amount: 2990158921747515 [2.99e15]) | Approval(owner:...",yes,,,,
C19,price_oracle_manipulation,test,yes,0xaf46a42fe1ed7193b25c523723dc047c7500e50a00ecb7bbb822d665adb3e1f3,32,2,31,    [STATICCALL] 0x5c7257..d1E4.c45a0155(),STATICCALL,0x5c7257EE4Db5c88f469A9438343cBFA7B0dad1E4,,c45a0155,no,,555,Return,,,,,,,
C19,price_oracle_manipulation,test,yes,0xaf46a42fe1ed7193b25c523723dc047c7500e50a00ecb7bbb822d665adb3e1f3,33,2,31,    [STATICCALL] 0x5c7257..d1E4.WETH(),STATICCALL,0x5c7257EE4Db5c88f469A9438343cBFA7B0dad1E4,,WETH,yes,,536,Return,,,,,,,
C19,price_oracle_manipulation,test,yes,0xaf46a42fe1ed7193b25c523723dc047c7500e50a00ecb7bbb822d665adb3e1f3,34,2,31,    [CALL] 0x5c7257..d1E4.createPair(),CALL,0x5c7257EE4Db5c88f469A9438343cBFA7B0dad1E4,,createPair,yes,,963,Return,"0xF7ef0D57277ad6C2baBf87aB64bA61AbDd2590D2, 0xC02aaA39b223FE8D0A0e5C4F27eAD9083C756Cc2",,,,,,
C19,price_oracle_manipulation,test,yes,0xaf46a42fe1ed7193b25c523723dc047c7500e50a00ecb7bbb822d665adb3e1f3,35,2,31,    [CALL] 0x5c7257..d1E4.addLiquidityETH(),CALL,0x5c7257EE4Db5c88f469A9438343cBFA7B0dad1E4,,addLiquidityETH,yes,,1854,Return,"0xF7ef0D57277ad6C2baBf87aB64bA61AbDd2590D2, 2990158921747515 [2.99e15], 0, 0, 0xf73B8EA8838CbA9148fB182e267a000f7CFbA8dd, 1686049595 [1.686e9]",,,,,,
C19,price_oracle_manipulation,test,yes,0xaf46a42fe1ed7193b25c523723dc047c7500e50a00ecb7bbb822d665adb3e1f3,36,2,31,    [CALL] 0x5c7257..d1E4.approve(),CALL,0x5c7257EE4Db5c88f469A9438343cBFA7B0dad1E4,,approve,yes,,808,Return,"0x5c7257EE4Db5c88f469A9438343cBFA7B0dad1E4, 115792089237316195423570985008687907853269984665640564039457584007913129639935 [1.157e77]",,,,,,
C19,price_oracle_manipulation,test,yes,0xaf46a42fe1ed7193b25c523723dc047c7500e50a00ecb7bbb822d665adb3e1f3,37,1,1,  [CALL] 0xa8AF8a..9cd8.sync(),CALL,0xa8AF8ac7aCd97095c0d73eD51E30564d52b19cd8,,sync,yes,,7650,Stop,,"Sync(: 3431124883166006871 [3.431e18], : 747539730436879 [7.475e14])",,,,,
C19,price_oracle_manipulation,test,yes,0xaf46a42fe1ed7193b25c523723dc047c7500e50a00ecb7bbb822d665adb3e1f3,38,2,37,    [STATICCALL] 0xC02aaA..6Cc2.balanceOf(),STATICCALL,0xC02aaA39b223FE8D0A0e5C4F27eAD9083C756Cc2,,balanceOf,yes,,534,Return,0xa8AF8ac7aCd97095c0d73eD51E30564d52b19cd8,,,,,,
C19,price_oracle_manipulation,test,yes,0xaf46a42fe1ed7193b25c523723dc047c7500e50a00ecb7bbb822d665adb3e1f3,39,2,37,    [STATICCALL] 0xF7ef0D..90D2.balanceOf(),STATICCALL,0xF7ef0D57277ad6C2baBf87aB64bA61AbDd2590D2,victim,balanceOf,yes,,598,Return,0xa8AF8ac7aCd97095c0d73eD51E30564d52b19cd8,,,,,,
C19,price_oracle_manipulation,test,yes,0xaf46a42fe1ed7193b25c523723dc047c7500e50a00ecb7bbb822d665adb3e1f3,40,1,1,  [STATICCALL] 0xF7ef0D..90D2.balanceOf(),STATICCALL,0xF7ef0D57277ad6C2baBf87aB64bA61AbDd2590D2,victim,balanceOf,yes,,598,Return,0xa8AF8ac7aCd97095c0d73eD51E30564d52b19cd8,,,,,,
C19,price_oracle_manipulation,test,yes,0xaf46a42fe1ed7193b25c523723dc047c7500e50a00ecb7bbb822d665adb3e1f3,41,1,1,  [STATICCALL] 0xF7ef0D..90D2.balanceOf(),STATICCALL,0xF7ef0D57277ad6C2baBf87aB64bA61AbDd2590D2,victim,balanceOf,yes,,598,Return,0xf73B8EA8838CbA9148fB182e267a000f7CFbA8dd,,,,,,
C19,price_oracle_manipulation,test,yes,0xaf46a42fe1ed7193b25c523723dc047c7500e50a00ecb7bbb822d665adb3e1f3,42,1,1,  [CALL] 0xF7ef0D..90D2.transfer(),CALL,0xF7ef0D57277ad6C2baBf87aB64bA61AbDd2590D2,victim,transfer,yes,,11024,Return,"0xa8AF8ac7aCd97095c0d73eD51E30564d52b19cd8, 13983585451343353 [1.398e16]","Transfer(from: 0xf73B8EA8838CbA9148fB182e267a000f7CFbA8dd, to: 0xa8AF8ac7aCd97095c0d73eD51E30564d52b19cd8, amount: 13983585451343353 [1.398e16])",,,,,
C19,price_oracle_manipulation,test,yes,0xaf46a42fe1ed7193b25c523723dc047c7500e50a00ecb7bbb822d665adb3e1f3,43,2,42,    [CALL] 0xBd2142..C761.swapExactTokensForETHSupportingFeeOnTransferTokens(),CALL,0xBd21422d8dDd57CfFAE72587169A22b2462dC761,,swapExactTokensForETHSupportingFeeOnTransferTokens,yes,,6113,Return,"0xf73B8EA8838CbA9148fB182e267a000f7CFbA8dd, 0xa8AF8ac7aCd97095c0d73eD51E30564d52b19cd8, 13983585451343353 [1.398e16]",,,,,,
C19,price_oracle_manipulation,test,yes,0xaf46a42fe1ed7193b25c523723dc047c7500e50a00ecb7bbb822d665adb3e1f3,44,1,1,  [STATICCALL] 0xF7ef0D..90D2.balanceOf(),STATICCALL,0xF7ef0D57277ad6C2baBf87aB64bA61AbDd2590D2,victim,balanceOf,yes,,598,Return,0xa8AF8ac7aCd97095c0d73eD51E30564d52b19cd8,,,,,,
C19,price_oracle_manipulation,test,yes,0xaf46a42fe1ed7193b25c523723dc047c7500e50a00ecb7bbb822d665adb3e1f3,45,1,1,  [STATICCALL] 0xa8AF8a..9cd8.getReserves(),STATICCALL,0xa8AF8ac7aCd97095c0d73eD51E30564d52b19cd8,,getReserves,yes,,504,Return,,,,,,,
C19,price_oracle_manipulation,test,yes,0xaf46a42fe1ed7193b25c523723dc047c7500e50a00ecb7bbb822d665adb3e1f3,46,1,1,  [CALL] 0xDAFEA4..8Bc5.receive() value=1000000000,CALL,0xDAFEA492D9c6733ae3d56b7Ed1ADB60692c98Bc5,,receive,yes,1000000000,0,Stop,,,,,,,
C19,price_oracle_manipulation,test,yes,0xaf46a42fe1ed7193b25c523723dc047c7500e50a00ecb7bbb822d665adb3e1f3,47,1,1,  [STATICCALL] 0x7a250d..488D.getAmountOut(),STATICCALL,0x7a250d5630B4cF539739dF2C5dAcb4c659F2488D,,getAmountOut,yes,,1021,Return,"13983585451343353 [1.398e16], 747539730436879 [7.475e14], 3431124883166006871 [3.431e18]",,,,,,
C19,price_oracle_manipulation,test,yes,0xaf46a42fe1ed7193b25c523723dc047c7500e50a00ecb7bbb822d665adb3e1f3,48,1,1,  [CALL] 0xa8AF8a..9cd8.swap(),CALL,0xa8AF8ac7aCd97095c0d73eD51E30564d52b19cd8,,swap,yes,,38401,Stop,"3256513152378912968 [3.256e18], 0, 0xf73B8EA8838CbA9148fB182e267a000f7CFbA8dd, 0x","Sync(: 174611730787093903 [1.746e17], : 14731125181780232 [1.473e16]) | Swap(param0: 0xf73B8EA8838CbA9148fB182e267a000f7CFbA8dd, param1: 0, param2: 139835854513...",,,,,
C19,price_oracle_manipulation,test,yes,0xaf46a42fe1ed7193b25c523723dc047c7500e50a00ecb7bbb822d665adb3e1f3,49,2,48,    [CALL] 0xC02aaA..6Cc2.transfer(),CALL,0xC02aaA39b223FE8D0A0e5C4F27eAD9083C756Cc2,,transfer,yes,,25162,Return,"0xf73B8EA8838CbA9148fB182e267a000f7CFbA8dd, 3256513152378912968 [3.256e18]","Transfer(from: 0xa8AF8ac7aCd97095c0d73eD51E30564d52b19cd8, to: 0xf73B8EA8838CbA9148fB182e267a000f7CFbA8dd, amount: 3256513152378912968 [3.256e18])",,,,,
C19,price_oracle_manipulation,test,yes,0xaf46a42fe1ed7193b25c523723dc047c7500e50a00ecb7bbb822d665adb3e1f3,50,2,48,    [STATICCALL] 0xC02aaA..6Cc2.balanceOf(),STATICCALL,0xC02aaA39b223FE8D0A0e5C4F27eAD9083C756Cc2,,balanceOf,yes,,534,Return,0xa8AF8ac7aCd97095c0d73eD51E30564d52b19cd8,,,,,,
C19,price_oracle_manipulation,test,yes,0xaf46a42fe1ed7193b25c523723dc047c7500e50a00ecb7bbb822d665adb3e1f3,51,2,48,    [STATICCALL] 0xF7ef0D..90D2.balanceOf(),STATICCALL,0xF7ef0D57277ad6C2baBf87aB64bA61AbDd2590D2,victim,balanceOf,yes,,598,Return,0xa8AF8ac7aCd97095c0d73eD51E30564d52b19cd8,,,,,,
C19,price_oracle_manipulation,test,yes,0xaf46a42fe1ed7193b25c523723dc047c7500e50a00ecb7bbb822d665adb3e1f3,52,1,1,  [STATICCALL] 0xC02aaA..6Cc2.balanceOf(),STATICCALL,0xC02aaA39b223FE8D0A0e5C4F27eAD9083C756Cc2,,balanceOf,yes,,534,Return,0xf73B8EA8838CbA9148fB182e267a000f7CFbA8dd,,,,,,
C19,price_oracle_manipulation,test,yes,0xaf46a42fe1ed7193b25c523723dc047c7500e50a00ecb7bbb822d665adb3e1f3,53,1,1,  [STATICCALL] 0xC02aaA..6Cc2.balanceOf(),STATICCALL,0xC02aaA39b223FE8D0A0e5C4F27eAD9083C756Cc2,,balanceOf,yes,,534,Return,0xf73B8EA8838CbA9148fB182e267a000f7CFbA8dd,,,,,,
C20,price_oracle_manipulation,test,yes,0x3d163bfbec5686d428a6d43e45e2626a220cc4fcfac7620c620b82c1f2537c78,1,0,,[CALL] 0x8c7610..Fd4d.flashLoan(),CALL,0x8c761066Bc6c20e9c65eCe9972A9EB6Ed511Fd4d,attack_contract,flashLoan,yes,,696920,Stop,"[0x8798249c2E607446EfB7Ad49eC89dD1865Ff4272, 0x99D8a9C45b2ecA8864373A26D1459e3Dff1e17F3], [450000000000000000000000 [4.5e23], 0], 0x00000000000000000000000099d8...",,,,,,
C20,price_oracle_manipulation,test,yes,0x3d163bfbec5686d428a6d43e45e2626a220cc4fcfac7620c620b82c1f2537c78,2,1,1,  [CALL] 0xF5BCE5..3966.batchFlashLoan(),CALL,0xF5BCE5077908a1b7370B9ae04AdC565EBd643966,victim,batchFlashLoan,yes,,685429,Stop,"0x8c761066Bc6c20e9c65eCe9972A9EB6Ed511Fd4d, [0x8c761066Bc6c20e9c65eCe9972A9EB6Ed511Fd4d, 0x8c761066Bc6c20e9c65eCe9972A9EB6Ed511Fd4d], [0x8798249c2E607446EfB7Ad4...","LogFlashLoan(param0: 0x8c761066Bc6c20e9c65eCe9972A9EB6Ed511Fd4d, param1: 0x8798249c2E607446EfB7Ad49eC89dD1865Ff4272, param2: 450000000000000000000000 [4.5e23], ...",,,,,
C20,price_oracle_manipulation,test,yes,0x3d163bfbec5686d428a6d43e45e2626a220cc4fcfac7620c620b82c1f2537c78,3,2,2,    [CALL] 0x879824..4272.transfer(),CALL,0x8798249c2E607446EfB7Ad49eC89dD1865Ff4272,,transfer,yes,,30046,Return,"0x8c761066Bc6c20e9c65eCe9972A9EB6Ed511Fd4d, 450000000000000000000000 [4.5e23]","Transfer(from: 0xF5BCE5077908a1b7370B9ae04AdC565EBd643966, to: 0x8c761066Bc6c20e9c65eCe9972A9EB6Ed511Fd4d, amount: 450000000000000000000000 [4.5e23])",,,,,
C20,price_oracle_manipulation,test,yes,0x3d163bfbec5686d428a6d43e45e2626a220cc4fcfac7620c620b82c1f2537c78,4,2,2,    [CALL] 0x99D8a9..17F3.transfer(),CALL,0x99D8a9C45b2ecA8864373A26D1459e3Dff1e17F3,,transfer,yes,,2385,Return,"0x8c761066Bc6c20e9c65eCe9972A9EB6Ed511Fd4d, 0","Transfer(from: 0xF5BCE5077908a1b7370B9ae04AdC565EBd643966, to: 0x8c761066Bc6c20e9c65eCe9972A9EB6Ed511Fd4d, amount: 0)",,,,,
C20,price_oracle_manipulation,test,yes,0x3d163bfbec5686d428a6d43e45e2626a220cc4fcfac7620c620b82c1f2537c78,5,2,2,    [CALL] 0x8c7610..Fd4d.onBatchFlashLoan(),CALL,0x8c761066Bc6c20e9c65eCe9972A9EB6Ed511Fd4d,attack_contract,onBatchFlashLoan,yes,,626437,Stop,"0x8c761066Bc6c20e9c65eCe9972A9EB6Ed511Fd4d, [0x8798249c2E607446EfB7Ad49eC89dD1865Ff4272, 0x99D8a9C45b2ecA8864373A26D1459e3Dff1e17F3], [450000000000000000000000 ...",,,,,,
C20,price_oracle_manipulation,test,yes,0x3d163bfbec5686d428a6d43e45e2626a220cc4fcfac7620c620b82c1f2537c78,6,3,5,      [STATICCALL] 0x879824..4272.balanceOf(),STATICCALL,0x8798249c2E607446EfB7Ad49eC89dD1865Ff4272,,balanceOf,yes,,490,Return,0x8c761066Bc6c20e9c65eCe9972A9EB6Ed511Fd4d,,,,,,
C20,price_oracle_manipulation,test,yes,0x3d163bfbec5686d428a6d43e45e2626a220cc4fcfac7620c620b82c1f2537c78,7,3,5,      [STATICCALL] 0x99D8a9..17F3.balanceOf(),STATICCALL,0x99D8a9C45b2ecA8864373A26D1459e3Dff1e17F3,,balanceOf,yes,,2582,Return,0x8c761066Bc6c20e9c65eCe9972A9EB6Ed511Fd4d,,,,,,
C20,price_oracle_manipulation,test,yes,0x3d163bfbec5686d428a6d43e45e2626a220cc4fcfac7620c620b82c1f2537c78,8,3,5,      [STATICCALL] 0x879824..4272.balanceOf(),STATICCALL,0x8798249c2E607446EfB7Ad49eC89dD1865Ff4272,,balanceOf,yes,,490,Return,0x8c761066Bc6c20e9c65eCe9972A9EB6Ed511Fd4d,,,,,,
C20,price_oracle_manipulation,test,yes,0x3d163bfbec5686d428a6d43e45e2626a220cc4fcfac7620c620b82c1f2537c78,9,3,5,      [STATICCALL] 0x99D8a9..17F3.balanceOf(),STATICCALL,0x99D8a9C45b2ecA8864373A26D1459e3Dff1e17F3,,balanceOf,yes,,582,Return,0x8c761066Bc6c20e9c65eCe9972A9EB6Ed511Fd4d,,,,,,
C20,price_oracle_manipulation,test,yes,0x3d163bfbec5686d428a6d43e45e2626a220cc4fcfac7620c620b82c1f2537c78,10,3,5,      [CALL] 0xF5BCE5..3966.setMasterContractApproval(),CALL,0xF5BCE5077908a1b7370B9ae04AdC565EBd643966,victim,setMasterContractApproval,yes,,29394,Stop,"0x8c761066Bc6c20e9c65eCe9972A9EB6Ed511Fd4d, 0x4a9Cb5D0B755275Fd188f87c0A8DF531B0C7c7D2, true, 0, 0x0000000000000000000000000000000000000000000000000000000000000...","LogSetMasterContractApproval(param0: 0x4a9Cb5D0B755275Fd188f87c0A8DF531B0C7c7D2, param1: 0x8c761066Bc6c20e9c65eCe9972A9EB6Ed511Fd4d, param2: true)",,,,,
C20,price_oracle_manipulation,test,yes,0x3d163bfbec5686d428a6d43e45e2626a220cc4fcfac7620c620b82c1f2537c78,11,3,5,      [CALL] 0x879824..4272.approve(),CALL,0x8798249c2E607446EfB7Ad49eC89dD1865Ff4272,,approve,yes,,24563,Return,"0xF5BCE5077908a1b7370B9ae04AdC565EBd643966, 115792089237316195423570985008687907853269984665640564039457584007913129639935 [1.157e77]","Approval(owner: 0x8c761066Bc6c20e9c65eCe9972A9EB6Ed511Fd4d, spender: 0xF5BCE5077908a1b7370B9ae04AdC565EBd643966, amount: 115792089237316195423570985008687907853...",,,,,
C20,price_oracle_manipulation,test,yes,0x3d163bfbec5686d428a6d43e45e2626a220cc4fcfac7620c620b82c1f2537c78,12,3,5,      [CALL] 0xF5BCE5..3966.deposit(),CALL,0xF5BCE5077908a1b7370B9ae04AdC565EBd643966,victim,deposit,yes,,39738,Return,"0x8798249c2E607446EfB7Ad49eC89dD1865Ff4272, 0x8c761066Bc6c20e9c65eCe9972A9EB6Ed511Fd4d, 0x8c761066Bc6c20e9c65eCe9972A9EB6Ed511Fd4d, 0, 418285898000000000000000 ...","LogDeposit(param0: 0x8798249c2E607446EfB7Ad49eC89dD1865Ff4272, param1: 0x8c761066Bc6c20e9c65eCe9972A9EB6Ed511Fd4d, param2: 0x8c761066Bc6c20e9c65eCe9972A9EB6Ed51...",,,,,
C20,price_oracle_manipulation,test,yes,0x3d163bfbec5686d428a6d43e45e2626a220cc4fcfac7620c620b82c1f2537c78,13,4,12,        [CALL] 0x879824..4272.transferFrom(),CALL,0x8798249c2E607446EfB7Ad49eC89dD1865Ff4272,,transferFrom,yes,,6013,Return,"0x8c761066Bc6c20e9c65eCe9972A9EB6Ed511Fd4d, 0xF5BCE5077908a1b7370B9ae04AdC565EBd643966, 418303133561411935643097 [4.183e23]","Transfer(from: 0x8c761066Bc6c20e9c65eCe9972A9EB6Ed511Fd4d, to: 0xF5BCE5077908a1b7370B9ae04AdC565EBd643966, amount: 418303133561411935643097 [4.183e23]) | Approv...",,,,,
C20,price_oracle_manipulation,test,yes,0x3d163bfbec5686d428a6d43e45e2626a220cc4fcfac7620c620b82c1f2537c78,14,3,5,      [CALL] 0xbb02A8..90f3.addCollateral(),CALL,0xbb02A884621FB8F5BFd263A67F58B65df5b090f3,,addCollateral,yes,,46445,Return,"0x8c761066Bc6c20e9c65eCe9972A9EB6Ed511Fd4d, false, 418285898000000000000000 [4.182e23]",,,,,,
C20,price_oracle_manipulation,test,yes,0x3d163bfbec5686d428a6d43e45e2626a220cc4fcfac7620c620b82c1f2537c78,15,4,14,        [DELEGATECALL] 0x4a9Cb5..c7D2.addCollateral(),DELEGATECALL,0x4a9Cb5D0B755275Fd188f87c0A8DF531B0C7c7D2,,addCollateral,yes,,43764,Stop,"0x8c761066Bc6c20e9c65eCe9972A9EB6Ed511Fd4d, false, 418285898000000000000000 [4.182e23]","LogAddCollateral(param0: 0x8c761066Bc6c20e9c65eCe9972A9EB6Ed511Fd4d, param1: 0x8c761066Bc6c20e9c65eCe9972A9EB6Ed511Fd4d, param2: 418285898000000000000000 [4.182...",,,,,
C20,price_oracle_manipulation,test,yes,0x3d163bfbec5686d428a6d43e45e2626a220cc4fcfac7620c620b82c1f2537c78,16,5,15,          [CALL] 0xF5BCE5..3966.transfer(),CALL,0xF5BCE5077908a1b7370B9ae04AdC565EBd643966,victim,transfer,yes,,11249,Stop,"0x8798249c2E607446EfB7Ad49eC89dD1865Ff4272, 0x8c761066Bc6c20e9c65eCe9972A9EB6Ed511Fd4d, 0xbb02A884621FB8F5BFd263A67F58B65df5b090f3, 418285898000000000000000 [4....","LogTransfer(param0: 0x8798249c2E607446EfB7Ad49eC89dD1865Ff4272, param1: 0x8c761066Bc6c20e9c65eCe9972A9EB6Ed511Fd4d, param2: 0xbb02A884621FB8F5BFd263A67F58B65df5...",,,,,
C20,price_oracle_manipulation,test,yes,0x3d163bfbec5686d428a6d43e45e2626a220cc4fcfac7620c620b82c1f2537c78,17,3,5,      [CALL] 0xbb02A8..90f3.borrow(),CALL,0xbb02A884621FB8F5BFd263A67F58B65df5b090f3,,borrow,yes,,80238,Return,"0x8c761066Bc6c20e9c65eCe9972A9EB6Ed511Fd4d, 808233600000000000000000 [8.082e23]",,,,,,
C20,price_oracle_manipulation,test,yes,0x3d163bfbec5686d428a6d43e45e2626a220cc4fcfac7620c620b82c1f2537c78,18,4,17,        [DELEGATECALL] 0x4a9Cb5..c7D2.borrow(),DELEGATECALL,0x4a9Cb5D0B755275Fd188f87c0A8DF531B0C7c7D2,,borrow,yes,,80057,Return,"0x8c761066Bc6c20e9c65eCe9972A9EB6Ed511Fd4d, 808233600000000000000000 [8.082e23]","LogAccrue(: 185910344899147013 [1.859e17]) | LogBorrow(param0: 0x8c761066Bc6c20e9c65eCe9972A9EB6Ed511Fd4d, param1: 0x8c761066Bc6c20e9c65eCe9972A9EB6Ed511Fd4d, p...",,,,,
C20,price_oracle_manipulation,test,yes,0x3d163bfbec5686d428a6d43e45e2626a220cc4fcfac7620c620b82c1f2537c78,19,5,18,          [STATICCALL] 0xF5BCE5..3966.toShare(),STATICCALL,0xF5BCE5077908a1b7370B9ae04AdC565EBd643966,victim,toShare,yes,,3137,Return,"0x99D8a9C45b2ecA8864373A26D1459e3Dff1e17F3, 808233600000000000000000 [8.082e23], false",,,,,,
C20,price_oracle_manipulation,test,yes,0x3d163bfbec5686d428a6d43e45e2626a220cc4fcfac7620c620b82c1f2537c78,20,5,18,          [CALL] 0xF5BCE5..3966.transfer(),CALL,0xF5BCE5077908a1b7370B9ae04AdC565EBd643966,victim,transfer,yes,,30658,Stop,"0x99D8a9C45b2ecA8864373A26D1459e3Dff1e17F3, 0xbb02A884621FB8F5BFd263A67F58B65df5b090f3, 0x8c761066Bc6c20e9c65eCe9972A9EB6Ed511Fd4d, 808233598391674532913372 [8....","LogTransfer(param0: 0x99D8a9C45b2ecA8864373A26D1459e3Dff1e17F3, param1: 0xbb02A884621FB8F5BFd263A67F58B65df5b090f3, param2: 0x8c761066Bc6c20e9c65eCe9972A9EB6Ed5...",,,,,
C20,price_oracle_manipulation,test,yes,0x3d163bfbec5686d428a6d43e45e2626a220cc4fcfac7620c620b82c1f2537c78,21,5,18,          [STATICCALL] 0xF5BCE5..3966.toAmount(),STATICCALL,0xF5BCE5077908a1b7370B9ae04AdC565EBd643966,victim,toAmount,yes,,1127,Return,"0x8798249c2E607446EfB7Ad49eC89dD1865Ff4272, 313714423500000000000000000000000000000000 [3.137e41], false",,,,,,
C20,price_oracle_manipulation,test,yes,0x3d163bfbec5686d428a6d43e45e2626a220cc4fcfac7620c620b82c1f2537c78,22,3,5,      [CALL] 0xbb02A8..90f3.updateExchangeRate(),CALL,0xbb02A884621FB8F5BFd263A67F58B65df5b090f3,,updateExchangeRate,yes,,66072,Return,,,,,,,
C20,price_oracle_manipulation,test,yes,0x3d163bfbec5686d428a6d43e45e2626a220cc4fcfac7620c620b82c1f2537c78,23,4,22,        [DELEGATECALL] 0x4a9Cb5..c7D2.updateExchangeRate(),DELEGATECALL,0x4a9Cb5D0B755275Fd188f87c0A8DF531B0C7c7D2,,updateExchangeRate,yes,,65900,Return,,LogExchangeRate(: 533537989524363604 [5.335e17]),,,,,
C20,price_oracle_manipulation,test,yes,0x3d163bfbec5686d428a6d43e45e2626a220cc4fcfac7620c620b82c1f2537c78,24,5,23,          [CALL] 0x00632C..3CFB.get(),CALL,0x00632CFe43d8F9f8E6cD0d39Ffa3D4fa7ec73CFB,,get,yes,,47421,Return,0x0000000000000000000000000000000000000000000000000000000000000000000000000000000000000000e4e58df3956bc6423a62e87ddd99ca3120f1dd4b000000000000000000000000000000...,,,,,,
C20,price_oracle_manipulation,test,yes,0x3d163bfbec5686d428a6d43e45e2626a220cc4fcfac7620c620b82c1f2537c78,25,6,24,            [STATICCALL] 0xe4E58D..dD4B.latestAnswer(),STATICCALL,0xe4E58DF3956BC6423a62e87ddd99Ca3120F1dD4B,,latestAnswer,yes,,43685,Return,,,,,,,
C20,price_oracle_manipulation,test,yes,0x3d163bfbec5686d428a6d43e45e2626a220cc4fcfac7620c620b82c1f2537c78,26,7,25,              [STATICCALL] 0x5f4eC3..8419.latestAnswer(),STATICCALL,0x5f4eC3Df9cbd43714FE2740f5E3616155c5b8419,,latestAnswer,yes,,14637,Return,,,,,,,
C20,price_oracle_manipulation,test,yes,0x3d163bfbec5686d428a6d43e45e2626a220cc4fcfac7620c620b82c1f2537c78,27,8,26,                [STATICCALL] 0x37bC74..a9e6.latestAnswer(),STATICCALL,0x37bC7498f4FF12C19678ee8fE19d713b87F6a9e6,,latestAnswer,yes,,7141,Return,,,,,,,
C20,price_oracle_manipulation,test,yes,0x3d163bfbec5686d428a6d43e45e2626a220cc4fcfac7620c620b82c1f2537c78,28,7,25,              [STATICCALL] 0x879824..4272.totalSupply(),STATICCALL,0x8798249c2E607446EfB7Ad49eC89dD1865Ff4272,,totalSupply,yes,,2321,Return,,,,,,,
C20,price_oracle_manipulation,test,yes,0x3d163bfbec5686d428a6d43e45e2626a220cc4fcfac7620c620b82c1f2537c78,29,7,25,              [STATICCALL] 0x6B3595..0fE2.balanceOf(),STATICCALL,0x6B3595068778DD592e39A122f4f5a5cF09C90fE2,,balanceOf,yes,,2578,Return,0x8798249c2E607446EfB7Ad49eC89dD1865Ff4272,,,,,,
C20,price_oracle_manipulation,test,yes,0x3d163bfbec5686d428a6d43e45e2626a220cc4fcfac7620c620b82c1f2537c78,30,7,25,              [STATICCALL] 0xe572Ce..79cf.latestAnswer(),STATICCALL,0xe572CeF69f43c2E488b33924AF04BDacE19079cf,,latestAnswer,yes,,14592,Return,,,,,,,
C20,price_oracle_manipulation,test,yes,0x3d163bfbec5686d428a6d43e45e2626a220cc4fcfac7620c620b82c1f2537c78,31,8,30,                [STATICCALL] 0xd01BBB..Da70.latestAnswer(),STATICCALL,0xd01BBB3Afed2cb5ca92Ca3834d441dc737F0Da70,,latestAnswer,yes,,7096,Return,,,,,,,
C20,price_oracle_manipulation,test,yes,0x3d163bfbec5686d428a6d43e45e2626a220cc4fcfac7620c620b82c1f2537c78,32,3,5,      [CALL] 0xbb02A8..90f3.totalBorrow(),CALL,0xbb02A884621FB8F5BFd263A67F58B65df5b090f3,,totalBorrow,yes,,637,Return,,,,,,,
C20,price_oracle_manipulation,test,yes,0x3d163bfbec5686d428a6d43e45e2626a220cc4fcfac7620c620b82c1f2537c78,33,4,32,        [DELEGATECALL] 0x4a9Cb5..c7D2.totalBorrow(),DELEGATECALL,0x4a9Cb5D0B755275Fd188f87c0A8DF531B0C7c7D2,,totalBorrow,yes,,465,Return,,,,,,,
C20,price_oracle_manipulation,test,yes,0x3d163bfbec5686d428a6d43e45e2626a220cc4fcfac7620c620b82c1f2537c78,34,3,5,      [CALL] 0xF5BCE5..3966.totals(),CALL,0xF5BCE5077908a1b7370B9ae04AdC565EBd643966,victim,totals,yes,,686,Return,0x8798249c2E607446EfB7Ad49eC89dD1865Ff4272,,,,,,
C20,price_oracle_manipulation,test,yes,0x3d163bfbec5686d428a6d43e45e2626a220cc4fcfac7620c620b82c1f2537c78,35,3,5,      [CALL] 0xbb02A8..90f3.liquidate(),CALL,0xbb02A884621FB8F5BFd263A67F58B65df5b090f3,,liquidate,yes,,57180,Return,"[0x8c761066Bc6c20e9c65eCe9972A9EB6Ed511Fd4d], [682090960306932017458318 [6.82e23]], 0x8c761066Bc6c20e9c65eCe9972A9EB6Ed511Fd4d, 0x000000000000000000000000000000...",,,,,,
C20,price_oracle_manipulation,test,yes,0x3d163bfbec5686d428a6d43e45e2626a220cc4fcfac7620c620b82c1f2537c78,36,4,35,        [DELEGATECALL] 0x4a9Cb5..c7D2.liquidate(),DELEGATECALL,0x4a9Cb5D0B755275Fd188f87c0A8DF531B0C7c7D2,,liquidate,yes,,56969,Stop,"[0x8c761066Bc6c20e9c65eCe9972A9EB6Ed511Fd4d], [682090960306932017458318 [6.82e23]], 0x8c761066Bc6c20e9c65eCe9972A9EB6Ed511Fd4d, 0x000000000000000000000000000000...","LogExchangeRate(: 533537989524363604 [5.335e17]) | LogRemoveCollateral(param0: 0x8c761066Bc6c20e9c65eCe9972A9EB6Ed511Fd4d, param1: 0x8c761066Bc6c20e9c65eCe9972A...",,,,,
C20,price_oracle_manipulation,test,yes,0x3d163bfbec5686d428a6d43e45e2626a220cc4fcfac7620c620b82c1f2537c78,37,5,36,          [CALL] 0x00632C..3CFB.get(),CALL,0x00632CFe43d8F9f8E6cD0d39Ffa3D4fa7ec73CFB,,get,yes,,8421,Return,0x0000000000000000000000000000000000000000000000000000000000000000000000000000000000000000e4e58df3956bc6423a62e87ddd99ca3120f1dd4b000000000000000000000000000000...,,,,,,
C20,price_oracle_manipulation,test,yes,0x3d163bfbec5686d428a6d43e45e2626a220cc4fcfac7620c620b82c1f2537c78,38,6,37,            [STATICCALL] 0xe4E58D..dD4B.latestAnswer(),STATICCALL,0xe4E58DF3956BC6423a62e87ddd99Ca3120F1dD4B,,latestAnswer,yes,,7185,Return,,,,,,,
C20,price_oracle_manipulation,test,yes,0x3d163bfbec5686d428a6d43e45e2626a220cc4fcfac7620c620b82c1f2537c78,39,7,38,              [STATICCALL] 0x5f4eC3..8419.latestAnswer(),STATICCALL,0x5f4eC3Df9cbd43714FE2740f5E3616155c5b8419,,latestAnswer,yes,,2137,Return,,,,,,,
C20,price_oracle_manipulation,test,yes,0x3d163bfbec5686d428a6d43e45e2626a220cc4fcfac7620c620b82c1f2537c78,40,8,39,                [STATICCALL] 0x37bC74..a9e6.latestAnswer(),STATICCALL,0x37bC7498f4FF12C19678ee8fE19d713b87F6a9e6,,latestAnswer,yes,,1141,Return,,,,,,,
C20,price_oracle_manipulation,test,yes,0x3d163bfbec5686d428a6d43e45e2626a220cc4fcfac7620c620b82c1f2537c78,41,7,38,              [STATICCALL] 0x879824..4272.totalSupply(),STATICCALL,0x8798249c2E607446EfB7Ad49eC89dD1865Ff4272,,totalSupply,yes,,321,Return,,,,,,,
C20,price_oracle_manipulation,test,yes,0x3d163bfbec5686d428a6d43e45e2626a220cc4fcfac7620c620b82c1f2537c78,42,7,38,              [STATICCALL] 0x6B3595..0fE2.balanceOf(),STATICCALL,0x6B3595068778DD592e39A122f4f5a5cF09C90fE2,,balanceOf,yes,,578,Return,0x8798249c2E607446EfB7Ad49eC89dD1865Ff4272,,,,,,
C20,price_oracle_manipulation,test,yes,0x3d163bfbec5686d428a6d43e45e2626a220cc4fcfac7620c620b82c1f2537c78,43,7,38,              [STATICCALL] 0xe572Ce..79cf.latestAnswer(),STATICCALL,0xe572CeF69f43c2E488b33924AF04BDacE19079cf,,latestAnswer,yes,,2092,Return,,,,,,,
C20,price_oracle_manipulation,test,yes,0x3d163bfbec5686d428a6d43e45e2626a220cc4fcfac7620c620b82c1f2537c78,44,8,43,                [STATICCALL] 0xd01BBB..Da70.latestAnswer(),STATICCALL,0xd01BBB3Afed2cb5ca92Ca3834d441dc737F0Da70,,latestAnswer,yes,,1096,Return,,,,,,,
C20,price_oracle_manipulation,test,yes,0x3d163bfbec5686d428a6d43e45e2626a220cc4fcfac7620c620b82c1f2537c78,45,5,36,          [STATICCALL] 0xF5BCE5..3966.totals(),STATICCALL,0xF5BCE5077908a1b7370B9ae04AdC565EBd643966,victim,totals,yes,,686,Return,0x8798249c2E607446EfB7Ad49eC89dD1865Ff4272,,,,,,
C20,price_oracle_manipulation,test,yes,0x3d163bfbec5686d428a6d43e45e2626a220cc4fcfac7620c620b82c1f2537c78,46,5,36,          [STATICCALL] 0xF5BCE5..3966.toAmount(),STATICCALL,0xF5BCE5077908a1b7370B9ae04AdC565EBd643966,victim,toAmount,yes,,1127,Return,"0x8798249c2E607446EfB7Ad49eC89dD1865Ff4272, 313714423500000000000000000000000000000000 [3.137e41], false",,,,,,
C20,price_oracle_manipulation,test,yes,0x3d163bfbec5686d428a6d43e45e2626a220cc4fcfac7620c620b82c1f2537c78,47,5,36,          [STATICCALL] 0xF5BCE5..3966.toShare(),STATICCALL,0xF5BCE5077908a1b7370B9ae04AdC565EBd643966,victim,toShare,yes,,1420,Return,"0x99D8a9C45b2ecA8864373A26D1459e3Dff1e17F3, 696904465868713624864768 [6.969e23], true",,,,,,
C20,price_oracle_manipulation,test,yes,0x3d163bfbec5686d428a6d43e45e2626a220cc4fcfac7620c620b82c1f2537c78,48,5,36,          [CALL] 0xF5BCE5..3966.transfer(),CALL,0xF5BCE5077908a1b7370B9ae04AdC565EBd643966,victim,transfer,yes,,23858,Stop,"0x8798249c2E607446EfB7Ad49eC89dD1865Ff4272, 0xbb02A884621FB8F5BFd263A67F58B65df5b090f3, 0x8c761066Bc6c20e9c65eCe9972A9EB6Ed511Fd4d, 418285897999999999999998 [4....","LogTransfer(param0: 0x8798249c2E607446EfB7Ad49eC89dD1865Ff4272, param1: 0xbb02A884621FB8F5BFd263A67F58B65df5b090f3, param2: 0x8c761066Bc6c20e9c65eCe9972A9EB6Ed5...",,,,,
C20,price_oracle_manipulation,test,yes,0x3d163bfbec5686d428a6d43e45e2626a220cc4fcfac7620c620b82c1f2537c78,49,5,36,          [CALL] 0xF5BCE5..3966.transfer(),CALL,0xF5BCE5077908a1b7370B9ae04AdC565EBd643966,victim,transfer,yes,,4449,Stop,"0x99D8a9C45b2ecA8864373A26D1459e3Dff1e17F3, 0x8c761066Bc6c20e9c65eCe9972A9EB6Ed511Fd4d, 0xbb02A884621FB8F5BFd263A67F58B65df5b090f3, 696904464481924953145286 [6....","LogTransfer(param0: 0x99D8a9C45b2ecA8864373A26D1459e3Dff1e17F3, param1: 0x8c761066Bc6c20e9c65eCe9972A9EB6Ed511Fd4d, param2: 0xbb02A884621FB8F5BFd263A67F58B65df5...",,,,,
C20,price_oracle_manipulation,test,yes,0x3d163bfbec5686d428a6d43e45e2626a220cc4fcfac7620c620b82c1f2537c78,50,3,5,      [CALL] 0xF5BCE5..3966.balanceOf(),CALL,0xF5BCE5077908a1b7370B9ae04AdC565EBd643966,victim,balanceOf,yes,,805,Return,"0x8798249c2E607446EfB7Ad49eC89dD1865Ff4272, 0x8c761066Bc6c20e9c65eCe9972A9EB6Ed511Fd4d",,,,,,
C20,price_oracle_manipulation,test,yes,0x3d163bfbec5686d428a6d43e45e2626a220cc4fcfac7620c620b82c1f2537c78,51,3,5,      [CALL] 0xF5BCE5..3966.balanceOf(),CALL,0xF5BCE5077908a1b7370B9ae04AdC565EBd643966,victim,balanceOf,yes,,805,Return,"0x99D8a9C45b2ecA8864373A26D1459e3Dff1e17F3, 0x8c761066Bc6c20e9c65eCe9972A9EB6Ed511Fd4d",,,,,,
C20,price_oracle_manipulation,test,yes,0x3d163bfbec5686d428a6d43e45e2626a220cc4fcfac7620c620b82c1f2537c78,52,3,5,      [CALL] 0xF5BCE5..3966.withdraw(),CALL,0xF5BCE5077908a1b7370B9ae04AdC565EBd643966,victim,withdraw,yes,,9902,Return,"0x8798249c2E607446EfB7Ad49eC89dD1865Ff4272, 0x8c761066Bc6c20e9c65eCe9972A9EB6Ed511Fd4d, 0x8c761066Bc6c20e9c65eCe9972A9EB6Ed511Fd4d, 0, 418285897999999999999998 ...","LogWithdraw(param0: 0x8798249c2E607446EfB7Ad49eC89dD1865Ff4272, param1: 0x8c761066Bc6c20e9c65eCe9972A9EB6Ed511Fd4d, param2: 0x8c761066Bc6c20e9c65eCe9972A9EB6Ed5...",yes,,,,
C20,price_oracle_manipulation,test,yes,0x3d163bfbec5686d428a6d43e45e2626a220cc4fcfac7620c620b82c1f2537c78,53,4,52,        [CALL] 0x879824..4272.transfer(),CALL,0x8798249c2E607446EfB7Ad49eC89dD1865Ff4272,,transfer,yes,,3346,Return,"0x8c761066Bc6c20e9c65eCe9972A9EB6Ed511Fd4d, 418303133561411935643094 [4.183e23]","Transfer(from: 0xF5BCE5077908a1b7370B9ae04AdC565EBd643966, to: 0x8c761066Bc6c20e9c65eCe9972A9EB6Ed511Fd4d, amount: 418303133561411935643094 [4.183e23])",,,,,
C20,price_oracle_manipulation,test,yes,0x3d163bfbec5686d428a6d43e45e2626a220cc4fcfac7620c620b82c1f2537c78,54,3,5,      [CALL] 0xF5BCE5..3966.withdraw(),CALL,0xF5BCE5077908a1b7370B9ae04AdC565EBd643966,victim,withdraw,yes,,37139,Return,"0x99D8a9C45b2ecA8864373A26D1459e3Dff1e17F3, 0x8c761066Bc6c20e9c65eCe9972A9EB6Ed511Fd4d, 0x8c761066Bc6c20e9c65eCe9972A9EB6Ed511Fd4d, 0, 111329133909749579768086 ...","LogWithdraw(param0: 0x99D8a9C45b2ecA8864373A26D1459e3Dff1e17F3, param1: 0x8c761066Bc6c20e9c65eCe9972A9EB6Ed511Fd4d, param2: 0x8c761066Bc6c20e9c65eCe9972A9EB6Ed5...",yes,,,,
C20,price_oracle_manipulation,test,yes,0x3d163bfbec5686d428a6d43e45e2626a220cc4fcfac7620c620b82c1f2537c78,55,4,54,        [CALL] 0x99D8a9..17F3.transfer(),CALL,0x99D8a9C45b2ecA8864373A26D1459e3Dff1e17F3,,transfer,yes,,27783,Return,"0x8c761066Bc6c20e9c65eCe9972A9EB6Ed511Fd4d, 111329134131286375135231 [1.113e23]","Transfer(from: 0xF5BCE5077908a1b7370B9ae04AdC565EBd643966, to: 0x8c761066Bc6c20e9c65eCe9972A9EB6Ed511Fd4d, amount: 111329134131286375135231 [1.113e23])",,,,,
C20,price_oracle_manipulation,test,yes,0x3d163bfbec5686d428a6d43e45e2626a220cc4fcfac7620c620b82c1f2537c78,56,3,5,      [STATICCALL] 0x879824..4272.balanceOf(),STATICCALL,0x8798249c2E607446EfB7Ad49eC89dD1865Ff4272,,balanceOf,yes,,490,Return,0x8c761066Bc6c20e9c65eCe9972A9EB6Ed511Fd4d,,,,,,
C20,price_oracle_manipulation,test,yes,0x3d163bfbec5686d428a6d43e45e2626a220cc4fcfac7620c620b82c1f2537c78,57,3,5,      [STATICCALL] 0x99D8a9..17F3.balanceOf(),STATICCALL,0x99D8a9C45b2ecA8864373A26D1459e3Dff1e17F3,,balanceOf,yes,,582,Return,0x8c761066Bc6c20e9c65eCe9972A9EB6Ed511Fd4d,,,,,,
C20,price_oracle_manipulation,test,yes,0x3d163bfbec5686d428a6d43e45e2626a220cc4fcfac7620c620b82c1f2537c78,58,3,5,      [CALL] 0x99D8a9..17F3.approve(),CALL,0x99D8a9C45b2ecA8864373A26D1459e3Dff1e17F3,,approve,yes,,24555,Return,"0xd9e1cE17f2641f24aE83637ab66a2cca9C378B9F, 115792089237316195423570985008687907853269984665640564039457584007913129639935 [1.157e77]","Approval(owner: 0x8c761066Bc6c20e9c65eCe9972A9EB6Ed511Fd4d, spender: 0xd9e1cE17f2641f24aE83637ab66a2cca9C378B9F, amount: 115792089237316195423570985008687907853...",,,,,
C20,price_oracle_manipulation,test,yes,0x3d163bfbec5686d428a6d43e45e2626a220cc4fcfac7620c620b82c1f2537c78,59,3,5,      [CALL] 0xd9e1cE..8B9F.swapTokensForExactTokens(),CALL,0xd9e1cE17f2641f24aE83637ab66a2cca9C378B9F,,swapTokensForExactTokens,yes,,121042,Return,"225000000000000000003 [2.25e20], 115792089237316195423570985008687907853269984665640564039457584007913129639935 [1.157e77], [0x99D8a9C45b2ecA8864373A26D1459e3Df...",,,,,,
C20,price_oracle_manipulation,test,yes,0x3d163bfbec5686d428a6d43e45e2626a220cc4fcfac7620c620b82c1f2537c78,60,4,59,        [STATICCALL] 0x36e2FC..11e7.getReserves(),STATICCALL,0x36e2FCCCc59e5747Ff63a03ea2e5C0c2C14911e7,,getReserves,yes,,2517,Return,,,,,,,
C20,price_oracle_manipulation,test,yes,0x3d163bfbec5686d428a6d43e45e2626a220cc4fcfac7620c620b82c1f2537c78,61,4,59,        [STATICCALL] 0x07D569..e3c4.getReserves(),STATICCALL,0x07D5695a24904CC1B6e3bd57cC7780B90618e3c4,,getReserves,yes,,2517,Return,,,,,,,
C20,price_oracle_manipulation,test,yes,0x3d163bfbec5686d428a6d43e45e2626a220cc4fcfac7620c620b82c1f2537c78,62,4,59,        [CALL] 0x99D8a9..17F3.transferFrom(),CALL,0x99D8a9C45b2ecA8864373A26D1459e3Dff1e17F3,,transferFrom,yes,,8267,Return,"0x8c761066Bc6c20e9c65eCe9972A9EB6Ed511Fd4d, 0x07D5695a24904CC1B6e3bd57cC7780B90618e3c4, 417972476571306111792 [4.179e20]","Transfer(from: 0x8c761066Bc6c20e9c65eCe9972A9EB6Ed511Fd4d, to: 0x07D5695a24904CC1B6e3bd57cC7780B90618e3c4, amount: 417972476571306111792 [4.179e20])",,,,,
C20,price_oracle_manipulation,test,yes,0x3d163bfbec5686d428a6d43e45e2626a220cc4fcfac7620c620b82c1f2537c78,63,4,59,        [CALL] 0x07D569..e3c4.swap(),CALL,0x07D5695a24904CC1B6e3bd57cC7780B90618e3c4,,swap,yes,,48174,Stop,"0, 313693575086709727 [3.136e17], 0x36e2FCCCc59e5747Ff63a03ea2e5C0c2C14911e7, 0x","Sync(: 188871291759030117018453 [1.888e23], : 141862161321653784229 [1.418e20]) | Swap(param0: 0xd9e1cE17f2641f24aE83637ab66a2cca9C378B9F, param1: 4179724765713...",,,,,
C20,price_oracle_manipulation,test,yes,0x3d163bfbec5686d428a6d43e45e2626a220cc4fcfac7620c620b82c1f2537c78,64,5,63,          [CALL] 0xC02aaA..6Cc2.transfer(),CALL,0xC02aaA39b223FE8D0A0e5C4F27eAD9083C756Cc2,,transfer,yes,,12862,Return,"0x36e2FCCCc59e5747Ff63a03ea2e5C0c2C14911e7, 313693575086709727 [3.136e17]","Transfer(from: 0x07D5695a24904CC1B6e3bd57cC7780B90618e3c4, to: 0x36e2FCCCc59e5747Ff63a03ea2e5C0c2C14911e7, amount: 313693575086709727 [3.136e17])",,,,,
C20,price_oracle_manipulation,test,yes,0x3d163bfbec5686d428a6d43e45e2626a220cc4fcfac7620c620b82c1f2537c78,65,5,63,          [STATICCALL] 0x99D8a9..17F3.balanceOf(),STATICCALL,0x99D8a9C45b2ecA8864373A26D1459e3Dff1e17F3,,balanceOf,yes,,582,Return,0x07D5695a24904CC1B6e3bd57cC7780B90618e3c4,,,,,,
C20,price_oracle_manipulation,test,yes,0x3d163bfbec5686d428a6d43e45e2626a220cc4fcfac7620c620b82c1f2537c78,66,5,63,          [STATICCALL] 0xC02aaA..6Cc2.balanceOf(),STATICCALL,0xC02aaA39b223FE8D0A0e5C4F27eAD9083C756Cc2,,balanceOf,yes,,534,Return,0x07D5695a24904CC1B6e3bd57cC7780B90618e3c4,,,,,,
C20,price_oracle_manipulation,test,yes,0x3d163bfbec5686d428a6d43e45e2626a220cc4fcfac7620c620b82c1f2537c78,67,4,59,        [CALL] 0x36e2FC..11e7.swap(),CALL,0x36e2FCCCc59e5747Ff63a03ea2e5C0c2C14911e7,,swap,yes,,40866,Stop,"225000000000000000003 [2.25e20], 0, 0x8c761066Bc6c20e9c65eCe9972A9EB6Ed511Fd4d, 0x","Sync(: 399620651522815193946317 [3.996e23], : 555790829406678146634 [5.557e20]) | Swap(param0: 0xd9e1cE17f2641f24aE83637ab66a2cca9C378B9F, param1: 0, param2: 31...",,,,,
C20,price_oracle_manipulation,test,yes,0x3d163bfbec5686d428a6d43e45e2626a220cc4fcfac7620c620b82c1f2537c78,68,5,67,          [CALL] 0x879824..4272.transfer(),CALL,0x8798249c2E607446EfB7Ad49eC89dD1865Ff4272,,transfer,yes,,8146,Return,"0x8c761066Bc6c20e9c65eCe9972A9EB6Ed511Fd4d, 225000000000000000003 [2.25e20]","Transfer(from: 0x36e2FCCCc59e5747Ff63a03ea2e5C0c2C14911e7, to: 0x8c761066Bc6c20e9c65eCe9972A9EB6Ed511Fd4d, amount: 225000000000000000003 [2.25e20])",,,,,
C20,price_oracle_manipulation,test,yes,0x3d163bfbec5686d428a6d43e45e2626a220cc4fcfac7620c620b82c1f2537c78,69,5,67,          [STATICCALL] 0x879824..4272.balanceOf(),STATICCALL,0x8798249c2E607446EfB7Ad49eC89dD1865Ff4272,,balanceOf,yes,,490,Return,0x36e2FCCCc59e5747Ff63a03ea2e5C0c2C14911e7,,,,,,
C20,price_oracle_manipulation,test,yes,0x3d163bfbec5686d428a6d43e45e2626a220cc4fcfac7620c620b82c1f2537c78,70,5,67,          [STATICCALL] 0xC02aaA..6Cc2.balanceOf(),STATICCALL,0xC02aaA39b223FE8D0A0e5C4F27eAD9083C756Cc2,,balanceOf,yes,,534,Return,0x36e2FCCCc59e5747Ff63a03ea2e5C0c2C14911e7,,,,,,
C20,price_oracle_manipulation,test,yes,0x3d163bfbec5686d428a6d43e45e2626a220cc4fcfac7620c620b82c1f2537c78,71,3,5,      [STATICCALL] 0x879824..4272.balanceOf(),STATICCALL,0x8798249c2E607446EfB7Ad49eC89dD1865Ff4272,,balanceOf,yes,,490,Return,0x8c761066Bc6c20e9c65eCe9972A9EB6Ed511Fd4d,,,,,,
C20,price_oracle_manipulation,test,yes,0x3d163bfbec5686d428a6d43e45e2626a220cc4fcfac7620c620b82c1f2537c78,72,3,5,      [STATICCALL] 0x99D8a9..17F3.balanceOf(),STATICCALL,0x99D8a9C45b2ecA8864373A26D1459e3Dff1e17F3,,balanceOf,yes,,582,Return,0x8c761066Bc6c20e9c65eCe9972A9EB6Ed511Fd4d,,,,,,
C20,price_oracle_manipulation,test,yes,0x3d163bfbec5686d428a6d43e45e2626a220cc4fcfac7620c620b82c1f2537c78,73,3,5,      [CALL] 0x879824..4272.transfer(),CALL,0x8798249c2E607446EfB7Ad49eC89dD1865Ff4272,,transfer,yes,,3346,Return,"0xF5BCE5077908a1b7370B9ae04AdC565EBd643966, 450225000000000000000000 [4.502e23]","Transfer(from: 0x8c761066Bc6c20e9c65eCe9972A9EB6Ed511Fd4d, to: 0xF5BCE5077908a1b7370B9ae04AdC565EBd643966, amount: 450225000000000000000000 [4.502e23])",,,,,
C20,price_oracle_manipulation,test,yes,0x3d163bfbec5686d428a6d43e45e2626a220cc4fcfac7620c620b82c1f2537c78,74,3,5,      [CALL] 0x99D8a9..17F3.transfer(),CALL,0x99D8a9C45b2ecA8864373A26D1459e3Dff1e17F3,,transfer,yes,,2385,Return,"0xF5BCE5077908a1b7370B9ae04AdC565EBd643966, 0","Transfer(from: 0x8c761066Bc6c20e9c65eCe9972A9EB6Ed511Fd4d, to: 0xF5BCE5077908a1b7370B9ae04AdC565EBd643966, amount: 0)",,,,,
C20,price_oracle_manipulation,test,yes,0x3d163bfbec5686d428a6d43e45e2626a220cc4fcfac7620c620b82c1f2537c78,75,3,5,      [STATICCALL] 0x879824..4272.balanceOf(),STATICCALL,0x8798249c2E607446EfB7Ad49eC89dD1865Ff4272,,balanceOf,yes,,490,Return,0x8c761066Bc6c20e9c65eCe9972A9EB6Ed511Fd4d,,,,,,
C20,price_oracle_manipulation,test,yes,0x3d163bfbec5686d428a6d43e45e2626a220cc4fcfac7620c620b82c1f2537c78,76,3,5,      [STATICCALL] 0x99D8a9..17F3.balanceOf(),STATICCALL,0x99D8a9C45b2ecA8864373A26D1459e3Dff1e17F3,,balanceOf,yes,,582,Return,0x8c761066Bc6c20e9c65eCe9972A9EB6Ed511Fd4d,,,,,,
C20,price_oracle_manipulation,test,yes,0x3d163bfbec5686d428a6d43e45e2626a220cc4fcfac7620c620b82c1f2537c78,77,3,5,      [CALL] 0x879824..4272.transfer(),CALL,0x8798249c2E607446EfB7Ad49eC89dD1865Ff4272,,transfer,yes,,5346,Return,"0xb7Ea0f0f8C6dF7a61Bf024DB21bbE85ac5688005, 0","Transfer(from: 0x8c761066Bc6c20e9c65eCe9972A9EB6Ed511Fd4d, to: 0xb7Ea0f0f8C6dF7a61Bf024DB21bbE85ac5688005, amount: 0)",,,,,
C20,price_oracle_manipulation,test,yes,0x3d163bfbec5686d428a6d43e45e2626a220cc4fcfac7620c620b82c1f2537c78,78,3,5,      [CALL] 0x99D8a9..17F3.transfer(),CALL,0x99D8a9C45b2ecA8864373A26D1459e3Dff1e17F3,,transfer,yes,,24983,Return,"0xb7Ea0f0f8C6dF7a61Bf024DB21bbE85ac5688005, 110911161654715069023439 [1.109e23]","Transfer(from: 0x8c761066Bc6c20e9c65eCe9972A9EB6Ed511Fd4d, to: 0xb7Ea0f0f8C6dF7a61Bf024DB21bbE85ac5688005, amount: 110911161654715069023439 [1.109e23])",,,,,
C20,price_oracle_manipulation,test,yes,0x3d163bfbec5686d428a6d43e45e2626a220cc4fcfac7620c620b82c1f2537c78,79,2,2,    [STATICCALL] 0x879824..4272.balanceOf(),STATICCALL,0x8798249c2E607446EfB7Ad49eC89dD1865Ff4272,,balanceOf,yes,,490,Return,0xF5BCE5077908a1b7370B9ae04AdC565EBd643966,,,,,,
C20,price_oracle_manipulation,test,yes,0x3d163bfbec5686d428a6d43e45e2626a220cc4fcfac7620c620b82c1f2537c78,80,2,2,    [STATICCALL] 0x99D8a9..17F3.balanceOf(),STATICCALL,0x99D8a9C45b2ecA8864373A26D1459e3Dff1e17F3,,balanceOf,yes,,582,Return,0xF5BCE5077908a1b7370B9ae04AdC565EBd643966,,,,,,
C21,reentrancy,dev,yes,0xd4fafa1261f6e4f9c8543228a67caf9d02811e4ad3058a2714323964a8db61f6,1,0,,[CALL] 0xed42Cb..7340.fc42acfb(),CALL,0xed42Cb11b9D03c807ED1ba9c2eD1d3BA5Bf37340,attack_contract,fc42acfb,no,,438084,Stop,000000000000000000000000000000000000000000000003ee23bde0e7d20000000000000000000000000000f2919d1d80aff2940274014bef534f7791906ff200000000000000000000000000000000...,,,,,,
C21,reentrancy,dev,yes,0xd4fafa1261f6e4f9c8543228a67caf9d02811e4ad3058a2714323964a8db61f6,2,1,1,  [CALL] 0xBA1222..F2C8.flashLoan(),CALL,0xBA12222222228d8Ba445958a75a0704d566BF2C8,,flashLoan,yes,,404604,Stop,"0xed42Cb11b9D03c807ED1ba9c2eD1d3BA5Bf37340, [0xC02aaA39b223FE8D0A0e5C4F27eAD9083C756Cc2], [72500000000000000000 [7.25e19]], 0x0000000000000000000000000000000000...","FlashLoan(param0: 0xed42Cb11b9D03c807ED1ba9c2eD1d3BA5Bf37340, param1: 0xC02aaA39b223FE8D0A0e5C4F27eAD9083C756Cc2, param2: 72500000000000000000 [7.25e19], param3...",,,,,
C21,reentrancy,dev,yes,0xd4fafa1261f6e4f9c8543228a67caf9d02811e4ad3058a2714323964a8db61f6,3,2,2,    [STATICCALL] 0xC02aaA..6Cc2.balanceOf(),STATICCALL,0xC02aaA39b223FE8D0A0e5C4F27eAD9083C756Cc2,,balanceOf,yes,,2534,Return,0xBA12222222228d8Ba445958a75a0704d566BF2C8,,,,,,
C21,reentrancy,dev,yes,0xd4fafa1261f6e4f9c8543228a67caf9d02811e4ad3058a2714323964a8db61f6,4,2,2,    [STATICCALL] 0xce8868..9f9F.getFlashLoanFeePercentage(),STATICCALL,0xce88686553686DA562CE7Cea497CE749DA109f9F,,getFlashLoanFeePercentage,yes,,2350,Return,,,,,,,
C21,reentrancy,dev,yes,0xd4fafa1261f6e4f9c8543228a67caf9d02811e4ad3058a2714323964a8db61f6,5,2,2,    [CALL] 0xC02aaA..6Cc2.transfer(),CALL,0xC02aaA39b223FE8D0A0e5C4F27eAD9083C756Cc2,,transfer,yes,,27962,Return,"0xed42Cb11b9D03c807ED1ba9c2eD1d3BA5Bf37340, 72500000000000000000 [7.25e19]","Transfer(from: 0xBA12222222228d8Ba445958a75a0704d566BF2C8, to: 0xed42Cb11b9D03c807ED1ba9c2eD1d3BA5Bf37340, amount: 72500000000000000000 [7.25e19])",,,,,
C21,reentrancy,dev,yes,0xd4fafa1261f6e4f9c8543228a67caf9d02811e4ad3058a2714323964a8db61f6,6,2,2,    [CALL] 0xed42Cb..7340.receiveFlashLoan(),CALL,0xed42Cb11b9D03c807ED1ba9c2eD1d3BA5Bf37340,attack_contract,receiveFlashLoan,yes,,350490,Stop,"[0xC02aaA39b223FE8D0A0e5C4F27eAD9083C756Cc2], [72500000000000000000 [7.25e19]], [0], 0x000000000000000000000000000000000000000000000001314fb37062980000000000000...",,,,,,
C21,reentrancy,dev,yes,0xd4fafa1261f6e4f9c8543228a67caf9d02811e4ad3058a2714323964a8db61f6,7,3,6,      [CALL] 0xC02aaA..6Cc2.withdraw(),CALL,0xC02aaA39b223FE8D0A0e5C4F27eAD9083C756Cc2,,withdraw,yes,,9202,Stop,72500000000000000000 [7.25e19],"Withdrawal(param0: 0xed42Cb11b9D03c807ED1ba9c2eD1d3BA5Bf37340, param1: 72500000000000000000 [7.25e19])",,,,,
C21,reentrancy,dev,yes,0xd4fafa1261f6e4f9c8543228a67caf9d02811e4ad3058a2714323964a8db61f6,8,4,7,        [CALL] 0xed42Cb..7340.receive() value=72500000000000000000,CALL,0xed42Cb11b9D03c807ED1ba9c2eD1d3BA5Bf37340,attack_contract,receive,yes,72500000000000000000,62,Stop,,,,,,,
C21,reentrancy,dev,yes,0xd4fafa1261f6e4f9c8543228a67caf9d02811e4ad3058a2714323964a8db61f6,9,3,6,      [CALL] 0xf2919D..6FF2.buyJay() value=22000000000000000000,CALL,0xf2919D1D80Aff2940274014bef534f7791906FF2,victim,buyJay,yes,22000000000000000000,52074,Stop,"[], [], [], [], []","Transfer(from: 0x0000000000000000000000000000000000000000, to: 0xed42Cb11b9D03c807ED1ba9c2eD1d3BA5Bf37340, amount: 13584899853779845952188 [1.358e22]) | Price(:...",yes,,,,
C21,reentrancy,dev,yes,0xd4fafa1261f6e4f9c8543228a67caf9d02811e4ad3058a2714323964a8db61f6,10,4,9,        [CALL] 0x985B6B..1BcB.receive() value=647058823529411764,CALL,0x985B6B9064212091B4b325F68746B77262801BcB,,receive,yes,647058823529411764,55,Stop,,,,,,,
C21,reentrancy,dev,yes,0xd4fafa1261f6e4f9c8543228a67caf9d02811e4ad3058a2714323964a8db61f6,11,3,6,      [CALL] 0xf2919D..6FF2.buyJay() value=50500000000000000000,CALL,0xf2919D1D80Aff2940274014bef534f7791906FF2,victim,buyJay,yes,50500000000000000000,68117,Stop,"[0xed42Cb11b9D03c807ED1ba9c2eD1d3BA5Bf37340], [0], [], [], []","Transfer(from: 0x0000000000000000000000000000000000000000, to: 0xed42Cb11b9D03c807ED1ba9c2eD1d3BA5Bf37340, amount: 4313025058290613910965927 [4.313e24]) | Price...",yes,,,,
C21,reentrancy,dev,yes,0xd4fafa1261f6e4f9c8543228a67caf9d02811e4ad3058a2714323964a8db61f6,12,4,11,        [CALL] 0xed42Cb..7340.transferFrom(),CALL,0xed42Cb11b9D03c807ED1ba9c2eD1d3BA5Bf37340,attack_contract,transferFrom,yes,,24291,Return,"0xed42Cb11b9D03c807ED1ba9c2eD1d3BA5Bf37340, 0xf2919D1D80Aff2940274014bef534f7791906FF2, 0",,,,,,
C21,reentrancy,dev,yes,0xd4fafa1261f6e4f9c8543228a67caf9d02811e4ad3058a2714323964a8db61f6,13,5,12,          [STATICCALL] 0xf2919D..6FF2.balanceOf(),STATICCALL,0xf2919D1D80Aff2940274014bef534f7791906FF2,victim,balanceOf,yes,,886,Return,0xed42Cb11b9D03c807ED1ba9c2eD1d3BA5Bf37340,,,,,,
C21,reentrancy,dev,yes,0xd4fafa1261f6e4f9c8543228a67caf9d02811e4ad3058a2714323964a8db61f6,14,5,12,          [CALL] 0xf2919D..6FF2.sell(),CALL,0xf2919D1D80Aff2940274014bef534f7791906FF2,victim,sell,yes,,21519,Stop,13584899853779845952188 [1.358e22],"Transfer(from: 0xed42Cb11b9D03c807ED1ba9c2eD1d3BA5Bf37340, to: 0x0000000000000000000000000000000000000000, amount: 13584899853779845952188 [1.358e22]) | Price(:...",,,,,
C21,reentrancy,dev,yes,0xd4fafa1261f6e4f9c8543228a67caf9d02811e4ad3058a2714323964a8db61f6,15,6,14,            [CALL] 0xed42Cb..7340.receive() value=41659433613619462107,CALL,0xed42Cb11b9D03c807ED1ba9c2eD1d3BA5Bf37340,attack_contract,receive,yes,41659433613619462107,62,Stop,,,,,,,
C21,reentrancy,dev,yes,0xd4fafa1261f6e4f9c8543228a67caf9d02811e4ad3058a2714323964a8db61f6,16,6,14,            [CALL] 0x985B6B..1BcB.receive() value=1402674532445099734,CALL,0x985B6B9064212091B4b325F68746B77262801BcB,,receive,yes,1402674532445099734,55,Stop,,,,,,,
C21,reentrancy,dev,yes,0xd4fafa1261f6e4f9c8543228a67caf9d02811e4ad3058a2714323964a8db61f6,17,4,11,        [CALL] 0x985B6B..1BcB.receive() value=1485294117647058823,CALL,0x985B6B9064212091B4b325F68746B77262801BcB,,receive,yes,1485294117647058823,55,Stop,,,,,,,
C21,reentrancy,dev,yes,0xd4fafa1261f6e4f9c8543228a67caf9d02811e4ad3058a2714323964a8db61f6,18,3,6,      [STATICCALL] 0xf2919D..6FF2.balanceOf(),STATICCALL,0xf2919D1D80Aff2940274014bef534f7791906FF2,victim,balanceOf,yes,,886,Return,0xed42Cb11b9D03c807ED1ba9c2eD1d3BA5Bf37340,,,,,,
C21,reentrancy,dev,yes,0xd4fafa1261f6e4f9c8543228a67caf9d02811e4ad3058a2714323964a8db61f6,19,3,6,      [CALL] 0xf2919D..6FF2.sell(),CALL,0xf2919D1D80Aff2940274014bef534f7791906FF2,victim,sell,yes,,21519,Stop,4313025058290613910965927 [4.313e24],"Transfer(from: 0xed42Cb11b9D03c807ED1ba9c2eD1d3BA5Bf37340, to: 0x0000000000000000000000000000000000000000, amount: 4313025058290613910965927 [4.313e24]) | Price...",,,,,
C21,reentrancy,dev,yes,0xd4fafa1261f6e4f9c8543228a67caf9d02811e4ad3058a2714323964a8db61f6,20,4,19,        [CALL] 0xed42Cb..7340.receive() value=44113149281907944250,CALL,0xed42Cb11b9D03c807ED1ba9c2eD1d3BA5Bf37340,attack_contract,receive,yes,44113149281907944250,62,Stop,,,,,,,
C21,reentrancy,dev,yes,0xd4fafa1261f6e4f9c8543228a67caf9d02811e4ad3058a2714323964a8db61f6,21,4,19,        [CALL] 0x985B6B..1BcB.receive() value=1485291221613062095,CALL,0x985B6B9064212091B4b325F68746B77262801BcB,,receive,yes,1485291221613062095,55,Stop,,,,,,,
C21,reentrancy,dev,yes,0xd4fafa1261f6e4f9c8543228a67caf9d02811e4ad3058a2714323964a8db61f6,22,3,6,      [CALL] 0xf2919D..6FF2.buyJay() value=3500000000000000000,CALL,0xf2919D1D80Aff2940274014bef534f7791906FF2,victim,buyJay,yes,3500000000000000000,39574,Stop,"[], [], [], [], []","Transfer(from: 0x0000000000000000000000000000000000000000, to: 0xed42Cb11b9D03c807ED1ba9c2eD1d3BA5Bf37340, amount: 13221999944300134342235 [1.322e22]) | Price(:...",yes,,,,
C21,reentrancy,dev,yes,0xd4fafa1261f6e4f9c8543228a67caf9d02811e4ad3058a2714323964a8db61f6,23,4,22,        [CALL] 0x985B6B..1BcB.receive() value=102941176470588235,CALL,0x985B6B9064212091B4b325F68746B77262801BcB,,receive,yes,102941176470588235,55,Stop,,,,,,,
C21,reentrancy,dev,yes,0xd4fafa1261f6e4f9c8543228a67caf9d02811e4ad3058a2714323964a8db61f6,24,3,6,      [CALL] 0xf2919D..6FF2.buyJay() value=8000000000000000000,CALL,0xf2919D1D80Aff2940274014bef534f7791906FF2,victim,buyJay,yes,8000000000000000000,65317,Stop,"[0xed42Cb11b9D03c807ED1ba9c2eD1d3BA5Bf37340], [0], [], [], []","Transfer(from: 0x0000000000000000000000000000000000000000, to: 0xed42Cb11b9D03c807ED1ba9c2eD1d3BA5Bf37340, amount: 578675968434609156630781 [5.786e23]) | Price(...",yes,,,,
C21,reentrancy,dev,yes,0xd4fafa1261f6e4f9c8543228a67caf9d02811e4ad3058a2714323964a8db61f6,25,4,24,        [CALL] 0xed42Cb..7340.transferFrom(),CALL,0xed42Cb11b9D03c807ED1ba9c2eD1d3BA5Bf37340,attack_contract,transferFrom,yes,,24291,Return,"0xed42Cb11b9D03c807ED1ba9c2eD1d3BA5Bf37340, 0xf2919D1D80Aff2940274014bef534f7791906FF2, 0",,,,,,
C21,reentrancy,dev,yes,0xd4fafa1261f6e4f9c8543228a67caf9d02811e4ad3058a2714323964a8db61f6,26,5,25,          [STATICCALL] 0xf2919D..6FF2.balanceOf(),STATICCALL,0xf2919D1D80Aff2940274014bef534f7791906FF2,victim,balanceOf,yes,,886,Return,0xed42Cb11b9D03c807ED1ba9c2eD1d3BA5Bf37340,,,,,,
C21,reentrancy,dev,yes,0xd4fafa1261f6e4f9c8543228a67caf9d02811e4ad3058a2714323964a8db61f6,27,5,25,          [CALL] 0xf2919D..6FF2.sell(),CALL,0xf2919D1D80Aff2940274014bef534f7791906FF2,victim,sell,yes,,21519,Stop,13221999944300134342235 [1.322e22],"Transfer(from: 0xed42Cb11b9D03c807ED1ba9c2eD1d3BA5Bf37340, to: 0x0000000000000000000000000000000000000000, amount: 13221999944300134342235 [1.322e22]) | Price(:...",,,,,
C21,reentrancy,dev,yes,0xd4fafa1261f6e4f9c8543228a67caf9d02811e4ad3058a2714323964a8db61f6,28,6,27,            [CALL] 0xed42Cb..7340.receive() value=6563751031787677615,CALL,0xed42Cb11b9D03c807ED1ba9c2eD1d3BA5Bf37340,attack_contract,receive,yes,6563751031787677615,62,Stop,,,,,,,
C21,reentrancy,dev,yes,0xd4fafa1261f6e4f9c8543228a67caf9d02811e4ad3058a2714323964a8db61f6,29,6,27,            [CALL] 0x985B6B..1BcB.receive() value=221001718242009347,CALL,0x985B6B9064212091B4b325F68746B77262801BcB,,receive,yes,221001718242009347,55,Stop,,,,,,,
C21,reentrancy,dev,yes,0xd4fafa1261f6e4f9c8543228a67caf9d02811e4ad3058a2714323964a8db61f6,30,4,24,        [CALL] 0x985B6B..1BcB.receive() value=235294117647058823,CALL,0x985B6B9064212091B4b325F68746B77262801BcB,,receive,yes,235294117647058823,55,Stop,,,,,,,
C21,reentrancy,dev,yes,0xd4fafa1261f6e4f9c8543228a67caf9d02811e4ad3058a2714323964a8db61f6,31,3,6,      [STATICCALL] 0xf2919D..6FF2.balanceOf(),STATICCALL,0xf2919D1D80Aff2940274014bef534f7791906FF2,victim,balanceOf,yes,,886,Return,0xed42Cb11b9D03c807ED1ba9c2eD1d3BA5Bf37340,,,,,,
C21,reentrancy,dev,yes,0xd4fafa1261f6e4f9c8543228a67caf9d02811e4ad3058a2714323964a8db61f6,32,3,6,      [CALL] 0xf2919D..6FF2.sell(),CALL,0xf2919D1D80Aff2940274014bef534f7791906FF2,victim,sell,yes,,21519,Stop,578675968434609156630781 [5.786e23],"Transfer(from: 0xed42Cb11b9D03c807ED1ba9c2eD1d3BA5Bf37340, to: 0x0000000000000000000000000000000000000000, amount: 578675968434609156630781 [5.786e23]) | Price(...",,,,,
C21,reentrancy,dev,yes,0xd4fafa1261f6e4f9c8543228a67caf9d02811e4ad3058a2714323964a8db61f6,33,4,32,        [CALL] 0xed42Cb..7340.receive() value=6988135803746587935,CALL,0xed42Cb11b9D03c807ED1ba9c2eD1d3BA5Bf37340,attack_contract,receive,yes,6988135803746587935,62,Stop,,,,,,,
C21,reentrancy,dev,yes,0xd4fafa1261f6e4f9c8543228a67caf9d02811e4ad3058a2714323964a8db61f6,34,4,32,        [CALL] 0x985B6B..1BcB.receive() value=235290767802915418,CALL,0x985B6B9064212091B4b325F68746B77262801BcB,,receive,yes,235290767802915418,55,Stop,,,,,,,
C21,reentrancy,dev,yes,0xd4fafa1261f6e4f9c8543228a67caf9d02811e4ad3058a2714323964a8db61f6,35,3,6,      [CALL] 0xC02aaA..6Cc2.deposit() value=72500000000000000000,CALL,0xC02aaA39b223FE8D0A0e5C4F27eAD9083C756Cc2,,deposit,yes,72500000000000000000,21974,Stop,,"Deposit(param0: 0xed42Cb11b9D03c807ED1ba9c2eD1d3BA5Bf37340, param1: 72500000000000000000 [7.25e19])",,,,,
C21,reentrancy,dev,yes,0xd4fafa1261f6e4f9c8543228a67caf9d02811e4ad3058a2714323964a8db61f6,36,3,6,      [CALL] 0xC02aaA..6Cc2.transfer(),CALL,0xC02aaA39b223FE8D0A0e5C4F27eAD9083C756Cc2,,transfer,yes,,3262,Return,"0xBA12222222228d8Ba445958a75a0704d566BF2C8, 72500000000000000000 [7.25e19]","Transfer(from: 0xed42Cb11b9D03c807ED1ba9c2eD1d3BA5Bf37340, to: 0xBA12222222228d8Ba445958a75a0704d566BF2C8, amount: 72500000000000000000 [7.25e19])",,,,,
C21,reentrancy,dev,yes,0xd4fafa1261f6e4f9c8543228a67caf9d02811e4ad3058a2714323964a8db61f6,37,2,2,    [STATICCALL] 0xC02aaA..6Cc2.balanceOf(),STATICCALL,0xC02aaA39b223FE8D0A0e5C4F27eAD9083C756Cc2,,balanceOf,yes,,534,Return,0xBA12222222228d8Ba445958a75a0704d566BF2C8,,,,,,
C21,reentrancy,dev,yes,0xd4fafa1261f6e4f9c8543228a67caf9d02811e4ad3058a2714323964a8db61f6,38,1,1,  [CALL] 0x0348D2..213b.receive() value=15324469731061671907,CALL,0x0348D20b74Ddc0ac9bfC3626e06d30bb6Fac213b,attacker,receive,yes,15324469731061671907,0,Stop,,,,,,,
C22,reentrancy,test,yes,0xa6f63fcb6bec8818864d96a5b1bb19e8bd85ee37b2cc916412e720988440b2aa,1,0,,[CALL] 0x5061F7..380A.start(),CALL,0x5061F7e6dfc1a867D945d0ec39Ea2A33f772380A,attack_contract,start,yes,,949167,SelfDestruct,,,,,,,
C22,reentrancy,test,yes,0xa6f63fcb6bec8818864d96a5b1bb19e8bd85ee37b2cc916412e720988440b2aa,2,1,1,  [STATICCALL] 0x0d4a11..1852.token0(),STATICCALL,0x0d4a11d5EEaaC28EC3F61d100daF4d40471f1852,,token0,yes,,2381,Return,,,,,,,
C22,reentrancy,test,yes,0xa6f63fcb6bec8818864d96a5b1bb19e8bd85ee37b2cc916412e720988440b2aa,3,1,1,  [STATICCALL] 0x0d4a11..1852.token1(),STATICCALL,0x0d4a11d5EEaaC28EC3F61d100daF4d40471f1852,,token1,yes,,2357,Return,,,,,,,
C22,reentrancy,test,yes,0xa6f63fcb6bec8818864d96a5b1bb19e8bd85ee37b2cc916412e720988440b2aa,4,1,1,  [STATICCALL] 0xdAC17F..1ec7.allowance(),STATICCALL,0xdAC17F958D2ee523a2206206994597C13D831ec7,,allowance,yes,,5356,Return,"0x5061F7e6dfc1a867D945d0ec39Ea2A33f772380A, 0xb5599f568D3f3e6113B286d010d2BCa40A7745AA",,,,,,
C22,reentrancy,test,yes,0xa6f63fcb6bec8818864d96a5b1bb19e8bd85ee37b2cc916412e720988440b2aa,5,1,1,  [CALL] 0xdAC17F..1ec7.approve(),CALL,0xdAC17F958D2ee523a2206206994597C13D831ec7,,approve,yes,,22953,Stop,"0xb5599f568D3f3e6113B286d010d2BCa40A7745AA, 115792089237316195423570985008687907853269984665640564039457584007913129639935 [1.157e77]","Approval(owner: 0x5061F7e6dfc1a867D945d0ec39Ea2A33f772380A, spender: 0xb5599f568D3f3e6113B286d010d2BCa40A7745AA, amount: 115792089237316195423570985008687907853...",,,,,
C22,reentrancy,test,yes,0xa6f63fcb6bec8818864d96a5b1bb19e8bd85ee37b2cc916412e720988440b2aa,6,1,1,  [STATICCALL] 0xA0b869..eB48.allowance(),STATICCALL,0xA0b86991c6218b36c1d19D4a2e9Eb0cE3606eB48,,allowance,yes,,9926,Return,"0x5061F7e6dfc1a867D945d0ec39Ea2A33f772380A, 0xb5599f568D3f3e6113B286d010d2BCa40A7745AA",,,,,,
C22,reentrancy,test,yes,0xa6f63fcb6bec8818864d96a5b1bb19e8bd85ee37b2cc916412e720988440b2aa,7,2,6,    [DELEGATECALL] 0xa2327a..bDCF.allowance(),DELEGATECALL,0xa2327a938Febf5FEC13baCFb16Ae10EcBc4cbDCF,,allowance,yes,,2637,Return,"0x5061F7e6dfc1a867D945d0ec39Ea2A33f772380A, 0xb5599f568D3f3e6113B286d010d2BCa40A7745AA",,,,,,
C22,reentrancy,test,yes,0xa6f63fcb6bec8818864d96a5b1bb19e8bd85ee37b2cc916412e720988440b2aa,8,1,1,  [CALL] 0xA0b869..eB48.approve(),CALL,0xA0b86991c6218b36c1d19D4a2e9Eb0cE3606eB48,,approve,yes,,29767,Return,"0xb5599f568D3f3e6113B286d010d2BCa40A7745AA, 115792089237316195423570985008687907853269984665640564039457584007913129639935 [1.157e77]",,,,,,
C22,reentrancy,test,yes,0xa6f63fcb6bec8818864d96a5b1bb19e8bd85ee37b2cc916412e720988440b2aa,9,2,8,    [DELEGATECALL] 0xa2327a..bDCF.approve(),DELEGATECALL,0xa2327a938Febf5FEC13baCFb16Ae10EcBc4cbDCF,,approve,yes,,28978,Return,"0xb5599f568D3f3e6113B286d010d2BCa40A7745AA, 115792089237316195423570985008687907853269984665640564039457584007913129639935 [1.157e77]","Approval(owner: 0x5061F7e6dfc1a867D945d0ec39Ea2A33f772380A, spender: 0xb5599f568D3f3e6113B286d010d2BCa40A7745AA, amount: 115792089237316195423570985008687907853...",,,,,
C22,reentrancy,test,yes,0xa6f63fcb6bec8818864d96a5b1bb19e8bd85ee37b2cc916412e720988440b2aa,10,1,1,  [STATICCALL] 0xA0b869..eB48.allowance(),STATICCALL,0xA0b86991c6218b36c1d19D4a2e9Eb0cE3606eB48,,allowance,yes,,3426,Return,"0x5061F7e6dfc1a867D945d0ec39Ea2A33f772380A, 0x13e557c51C0a37E25E051491037Ee546597c689F",,,,,,
C22,reentrancy,test,yes,0xa6f63fcb6bec8818864d96a5b1bb19e8bd85ee37b2cc916412e720988440b2aa,11,2,10,    [DELEGATECALL] 0xa2327a..bDCF.allowance(),DELEGATECALL,0xa2327a938Febf5FEC13baCFb16Ae10EcBc4cbDCF,,allowance,yes,,2637,Return,"0x5061F7e6dfc1a867D945d0ec39Ea2A33f772380A, 0x13e557c51C0a37E25E051491037Ee546597c689F",,,,,,
C22,reentrancy,test,yes,0xa6f63fcb6bec8818864d96a5b1bb19e8bd85ee37b2cc916412e720988440b2aa,12,1,1,  [CALL] 0xA0b869..eB48.approve(),CALL,0xA0b86991c6218b36c1d19D4a2e9Eb0cE3606eB48,,approve,yes,,25767,Return,"0x13e557c51C0a37E25E051491037Ee546597c689F, 115792089237316195423570985008687907853269984665640564039457584007913129639935 [1.157e77]",,,,,,
C22,reentrancy,test,yes,0xa6f63fcb6bec8818864d96a5b1bb19e8bd85ee37b2cc916412e720988440b2aa,13,2,12,    [DELEGATECALL] 0xa2327a..bDCF.approve(),DELEGATECALL,0xa2327a938Febf5FEC13baCFb16Ae10EcBc4cbDCF,,approve,yes,,24978,Return,"0x13e557c51C0a37E25E051491037Ee546597c689F, 115792089237316195423570985008687907853269984665640564039457584007913129639935 [1.157e77]","Approval(owner: 0x5061F7e6dfc1a867D945d0ec39Ea2A33f772380A, spender: 0x13e557c51C0a37E25E051491037Ee546597c689F, amount: 115792089237316195423570985008687907853...",,,,,
C22,reentrancy,test,yes,0xa6f63fcb6bec8818864d96a5b1bb19e8bd85ee37b2cc916412e720988440b2aa,14,1,1,  [CALL] 0xb5599f..45AA.depositAsset(),CALL,0xb5599f568D3f3e6113B286d010d2BCa40A7745AA,,depositAsset,yes,,58293,Return,"0xA0b86991c6218b36c1d19D4a2e9Eb0cE3606eB48, 500000 [5e5]",,,,,,
C22,reentrancy,test,yes,0xa6f63fcb6bec8818864d96a5b1bb19e8bd85ee37b2cc916412e720988440b2aa,15,2,14,    [DELEGATECALL] 0x98a877..f604.depositAsset(),DELEGATECALL,0x98a877bb507f19Eb43130B688F522a13885Cf604,,depositAsset,yes,,51017,Stop,"0xA0b86991c6218b36c1d19D4a2e9Eb0cE3606eB48, 500000 [5e5]","NewAssetTransaction(param0: 0x5061F7e6dfc1a867D945d0ec39Ea2A33f772380A, param1: 0xA0b86991c6218b36c1d19D4a2e9Eb0cE3606eB48, param2: true, param3: 50000000 [5e7]...",,,,,
C22,reentrancy,test,yes,0xa6f63fcb6bec8818864d96a5b1bb19e8bd85ee37b2cc916412e720988440b2aa,16,3,15,      [STATICCALL] 0xA0b869..eB48.balanceOf(),STATICCALL,0xA0b86991c6218b36c1d19D4a2e9Eb0cE3606eB48,,balanceOf,yes,,3315,Return,0xb5599f568D3f3e6113B286d010d2BCa40A7745AA,,,,,,
C22,reentrancy,test,yes,0xa6f63fcb6bec8818864d96a5b1bb19e8bd85ee37b2cc916412e720988440b2aa,17,4,16,        [DELEGATECALL] 0xa2327a..bDCF.balanceOf(),DELEGATECALL,0xa2327a938Febf5FEC13baCFb16Ae10EcBc4cbDCF,,balanceOf,yes,,2529,Return,0xb5599f568D3f3e6113B286d010d2BCa40A7745AA,,,,,,
C22,reentrancy,test,yes,0xa6f63fcb6bec8818864d96a5b1bb19e8bd85ee37b2cc916412e720988440b2aa,18,3,15,      [CALL] 0xA0b869..eB48.transferFrom(),CALL,0xA0b86991c6218b36c1d19D4a2e9Eb0cE3606eB48,,transferFrom,yes,,13592,Return,"0x5061F7e6dfc1a867D945d0ec39Ea2A33f772380A, 0xb5599f568D3f3e6113B286d010d2BCa40A7745AA, 500000 [5e5]",,,,,,
C22,reentrancy,test,yes,0xa6f63fcb6bec8818864d96a5b1bb19e8bd85ee37b2cc916412e720988440b2aa,19,4,18,        [DELEGATECALL] 0xa2327a..bDCF.transferFrom(),DELEGATECALL,0xa2327a938Febf5FEC13baCFb16Ae10EcBc4cbDCF,,transferFrom,yes,,12797,Return,"0x5061F7e6dfc1a867D945d0ec39Ea2A33f772380A, 0xb5599f568D3f3e6113B286d010d2BCa40A7745AA, 500000 [5e5]","Transfer(from: 0x5061F7e6dfc1a867D945d0ec39Ea2A33f772380A, to: 0xb5599f568D3f3e6113B286d010d2BCa40A7745AA, amount: 500000 [5e5])",,,,,
C22,reentrancy,test,yes,0xa6f63fcb6bec8818864d96a5b1bb19e8bd85ee37b2cc916412e720988440b2aa,20,3,15,      [STATICCALL] 0xA0b869..eB48.balanceOf(),STATICCALL,0xA0b86991c6218b36c1d19D4a2e9Eb0cE3606eB48,,balanceOf,yes,,1315,Return,0xb5599f568D3f3e6113B286d010d2BCa40A7745AA,,,,,,
C22,reentrancy,test,yes,0xa6f63fcb6bec8818864d96a5b1bb19e8bd85ee37b2cc916412e720988440b2aa,21,4,20,        [DELEGATECALL] 0xa2327a..bDCF.balanceOf(),DELEGATECALL,0xa2327a938Febf5FEC13baCFb16Ae10EcBc4cbDCF,,balanceOf,yes,,529,Return,0xb5599f568D3f3e6113B286d010d2BCa40A7745AA,,,,,,
C22,reentrancy,test,yes,0xa6f63fcb6bec8818864d96a5b1bb19e8bd85ee37b2cc916412e720988440b2aa,22,3,15,      [STATICCALL] 0xA0b869..eB48.decimals(),STATICCALL,0xA0b86991c6218b36c1d19D4a2e9Eb0cE3606eB48,,decimals,yes,,3164,Return,,,,,,,
C22,reentrancy,test,yes,0xa6f63fcb6bec8818864d96a5b1bb19e8bd85ee37b2cc916412e720988440b2aa,23,4,22,        [DELEGATECALL] 0xa2327a..bDCF.decimals(),DELEGATECALL,0xa2327a938Febf5FEC13baCFb16Ae10EcBc4cbDCF,,decimals,yes,,2381,Return,,,,,,,
C22,reentrancy,test,yes,0xa6f63fcb6bec8818864d96a5b1bb19e8bd85ee37b2cc916412e720988440b2aa,24,1,1,  [CALL] 0x0d4a11..1852.swap(),CALL,0x0d4a11d5EEaaC28EC3F61d100daF4d40471f1852,,swap,yes,,456512,Stop,"0, 2844766426325 [2.844e12], 0x5061F7e6dfc1a867D945d0ec39Ea2A33f772380A, 0x000000000000000000000000dac17f958d2ee523a2206206994597c13d831ec7000000000000000000000...","Sync(: 10647231623278074419406 [1.064e22], : 17872740141362 [1.787e13]) | Swap(param0: 0x5061F7e6dfc1a867D945d0ec39Ea2A33f772380A, param1: 0, param2: 2853326405...",,,,,
C22,reentrancy,test,yes,0xa6f63fcb6bec8818864d96a5b1bb19e8bd85ee37b2cc916412e720988440b2aa,25,2,24,    [CALL] 0xdAC17F..1ec7.transfer(),CALL,0xdAC17F958D2ee523a2206206994597C13D831ec7,,transfer,yes,,22501,Stop,"0x5061F7e6dfc1a867D945d0ec39Ea2A33f772380A, 2844766426325 [2.844e12]","Transfer(from: 0x0d4a11d5EEaaC28EC3F61d100daF4d40471f1852, to: 0x5061F7e6dfc1a867D945d0ec39Ea2A33f772380A, amount: 2844766426325 [2.844e12])",,,,,
C22,reentrancy,test,yes,0xa6f63fcb6bec8818864d96a5b1bb19e8bd85ee37b2cc916412e720988440b2aa,26,2,24,    [CALL] 0x5061F7..380A.uniswapV2Call(),CALL,0x5061F7e6dfc1a867D945d0ec39Ea2A33f772380A,attack_contract,uniswapV2Call,yes,,408592,Stop,"0x5061F7e6dfc1a867D945d0ec39Ea2A33f772380A, 0, 2844766426325 [2.844e12], 0x000000000000000000000000dac17f958d2ee523a2206206994597c13d831ec7000000000000000000000...",,,,,,
C22,reentrancy,test,yes,0xa6f63fcb6bec8818864d96a5b1bb19e8bd85ee37b2cc916412e720988440b2aa,27,3,26,      [STATICCALL] 0xA0b869..eB48.decimals(),STATICCALL,0xA0b86991c6218b36c1d19D4a2e9Eb0cE3606eB48,,decimals,yes,,1164,Return,,,,,,,
C22,reentrancy,test,yes,0xa6f63fcb6bec8818864d96a5b1bb19e8bd85ee37b2cc916412e720988440b2aa,28,4,27,        [DELEGATECALL] 0xa2327a..bDCF.decimals(),DELEGATECALL,0xa2327a938Febf5FEC13baCFb16Ae10EcBc4cbDCF,,decimals,yes,,381,Return,,,,,,,
C22,reentrancy,test,yes,0xa6f63fcb6bec8818864d96a5b1bb19e8bd85ee37b2cc916412e720988440b2aa,29,3,26,      [CALL] 0xb5599f..45AA.swapThroughOrionPool(),CALL,0xb5599f568D3f3e6113B286d010d2BCa40A7745AA,,swapThroughOrionPool,yes,,346088,Return,"10000 [1e4], 0, [0xA0b86991c6218b36c1d19D4a2e9Eb0cE3606eB48, 0x64Acd987A8603EeAF1ee8E87Addd512908599Aec, 0xdAC17F958D2ee523a2206206994597C13D831ec7], true",,,,,,
C22,reentrancy,test,yes,0xa6f63fcb6bec8818864d96a5b1bb19e8bd85ee37b2cc916412e720988440b2aa,30,4,29,        [DELEGATECALL] 0x98a877..f604.swapThroughOrionPool(),DELEGATECALL,0x98a877bb507f19Eb43130B688F522a13885Cf604,,swapThroughOrionPool,yes,,345276,Stop,"10000 [1e4], 0, [0xA0b86991c6218b36c1d19D4a2e9Eb0cE3606eB48, 0x64Acd987A8603EeAF1ee8E87Addd512908599Aec, 0xdAC17F958D2ee523a2206206994597C13D831ec7], true",,,,,,
C22,reentrancy,test,yes,0xa6f63fcb6bec8818864d96a5b1bb19e8bd85ee37b2cc916412e720988440b2aa,31,5,30,          [DELEGATECALL] 0x79f774..F992.4729ed3c(),DELEGATECALL,0x79f774095A33071f6172aB0832Ed20ADb44dF992,,4729ed3c,no,,312782,Return,0000000000000000000000000000000000000000000000000000000000000060000000000000000000000000000000000000000000000000000000000000000100000000000000000000000000000000...,,,,,,
C22,reentrancy,test,yes,0xa6f63fcb6bec8818864d96a5b1bb19e8bd85ee37b2cc916412e720988440b2aa,32,6,31,            [STATICCALL] 0x420a50..eAc8.isFactory(),STATICCALL,0x420a50A62b17C18b36C64478784536bA980feAc8,victim,isFactory,yes,,2683,Return,0xA0b86991c6218b36c1d19D4a2e9Eb0cE3606eB48,,,,,,
C22,reentrancy,test,yes,0xa6f63fcb6bec8818864d96a5b1bb19e8bd85ee37b2cc916412e720988440b2aa,33,6,31,            [CALL] 0x420a50..eAc8.doSwapThroughOrionPool(),CALL,0x420a50A62b17C18b36C64478784536bA980feAc8,victim,doSwapThroughOrionPool,yes,,298112,Return,"0xb5599f568D3f3e6113B286d010d2BCa40A7745AA, 0xb5599f568D3f3e6113B286d010d2BCa40A7745AA, (10000 [1e4], 0, 0x420a50A62b17C18b36C64478784536bA980feAc8, true, false...","OrionPoolSwap(: 0x837962b686Fd5A407fb4e5f92E8Be86A230484Bd, : 0xA0b86991c6218b36c1d19D4a2e9Eb0cE3606eB48, : 0xdAC17F958D2ee523a2206206994597C13D831ec7, : 100, :...",yes,,,,
C22,reentrancy,test,yes,0xa6f63fcb6bec8818864d96a5b1bb19e8bd85ee37b2cc916412e720988440b2aa,34,7,33,              [STATICCALL] 0xA0b869..eB48.decimals(),STATICCALL,0xA0b86991c6218b36c1d19D4a2e9Eb0cE3606eB48,,decimals,yes,,1164,Return,,,,,,,
C22,reentrancy,test,yes,0xa6f63fcb6bec8818864d96a5b1bb19e8bd85ee37b2cc916412e720988440b2aa,35,8,34,                [DELEGATECALL] 0xa2327a..bDCF.decimals(),DELEGATECALL,0xa2327a938Febf5FEC13baCFb16Ae10EcBc4cbDCF,,decimals,yes,,381,Return,,,,,,,
C22,reentrancy,test,yes,0xa6f63fcb6bec8818864d96a5b1bb19e8bd85ee37b2cc916412e720988440b2aa,36,7,33,              [STATICCALL] 0xdAC17F..1ec7.decimals(),STATICCALL,0xdAC17F958D2ee523a2206206994597C13D831ec7,,decimals,yes,,2484,Return,,,,,,,
C22,reentrancy,test,yes,0xa6f63fcb6bec8818864d96a5b1bb19e8bd85ee37b2cc916412e720988440b2aa,37,7,33,              [STATICCALL] 0x5FA006..Edf1.getPair(),STATICCALL,0x5FA0060FcfEa35B31F7A5f6025F0fF399b98Edf1,,getPair,yes,,2622,Return,"0xA0b86991c6218b36c1d19D4a2e9Eb0cE3606eB48, 0x64Acd987A8603EeAF1ee8E87Addd512908599Aec",,,,,,
C22,reentrancy,test,yes,0xa6f63fcb6bec8818864d96a5b1bb19e8bd85ee37b2cc916412e720988440b2aa,38,7,33,              [STATICCALL] 0x76fe18..03d2.getReserves(),STATICCALL,0x76fe189e4fA5Ff997872DDF44023B04Cd7Cb03d2,,getReserves,yes,,2517,Return,,,,,,,
C22,reentrancy,test,yes,0xa6f63fcb6bec8818864d96a5b1bb19e8bd85ee37b2cc916412e720988440b2aa,39,7,33,              [STATICCALL] 0x5FA006..Edf1.getPair(),STATICCALL,0x5FA0060FcfEa35B31F7A5f6025F0fF399b98Edf1,,getPair,yes,,2622,Return,"0x64Acd987A8603EeAF1ee8E87Addd512908599Aec, 0xdAC17F958D2ee523a2206206994597C13D831ec7",,,,,,
C22,reentrancy,test,yes,0xa6f63fcb6bec8818864d96a5b1bb19e8bd85ee37b2cc916412e720988440b2aa,40,7,33,              [STATICCALL] 0x13e557..689F.getReserves(),STATICCALL,0x13e557c51C0a37E25E051491037Ee546597c689F,,getReserves,yes,,2517,Return,,,,,,,
C22,reentrancy,test,yes,0xa6f63fcb6bec8818864d96a5b1bb19e8bd85ee37b2cc916412e720988440b2aa,41,7,33,              [STATICCALL] 0x5FA006..Edf1.getPair(),STATICCALL,0x5FA0060FcfEa35B31F7A5f6025F0fF399b98Edf1,,getPair,yes,,622,Return,"0xA0b86991c6218b36c1d19D4a2e9Eb0cE3606eB48, 0x64Acd987A8603EeAF1ee8E87Addd512908599Aec",,,,,,
C22,reentrancy,test,yes,0xa6f63fcb6bec8818864d96a5b1bb19e8bd85ee37b2cc916412e720988440b2aa,42,7,33,              [CALL] 0xb5599f..45AA.safeAutoTransferFrom(),CALL,0xb5599f568D3f3e6113B286d010d2BCa40A7745AA,,safeAutoTransferFrom,yes,,17147,Return,"0xA0b86991c6218b36c1d19D4a2e9Eb0cE3606eB48, 0xb5599f568D3f3e6113B286d010d2BCa40A7745AA, 0x76fe189e4fA5Ff997872DDF44023B04Cd7Cb03d2, 100",,,,,,
C22,reentrancy,test,yes,0xa6f63fcb6bec8818864d96a5b1bb19e8bd85ee37b2cc916412e720988440b2aa,43,8,42,                [DELEGATECALL] 0x98a877..f604.safeAutoTransferFrom(),DELEGATECALL,0x98a877bb507f19Eb43130B688F522a13885Cf604,,safeAutoTransferFrom,yes,,16359,Stop,"0xA0b86991c6218b36c1d19D4a2e9Eb0cE3606eB48, 0xb5599f568D3f3e6113B286d010d2BCa40A7745AA, 0x76fe189e4fA5Ff997872DDF44023B04Cd7Cb03d2, 100",,,,,,
C22,reentrancy,test,yes,0xa6f63fcb6bec8818864d96a5b1bb19e8bd85ee37b2cc916412e720988440b2aa,44,9,43,                  [CALL] 0xA0b869..eB48.transfer(),CALL,0xA0b86991c6218b36c1d19D4a2e9Eb0cE3606eB48,,transfer,yes,,11617,Return,"0x76fe189e4fA5Ff997872DDF44023B04Cd7Cb03d2, 100",,,,,,
C22,reentrancy,test,yes,0xa6f63fcb6bec8818864d96a5b1bb19e8bd85ee37b2cc916412e720988440b2aa,45,10,44,                    [DELEGATECALL] 0xa2327a..bDCF.transfer(),DELEGATECALL,0xa2327a938Febf5FEC13baCFb16Ae10EcBc4cbDCF,,transfer,yes,,10828,Return,"0x76fe189e4fA5Ff997872DDF44023B04Cd7Cb03d2, 100","Transfer(from: 0xb5599f568D3f3e6113B286d010d2BCa40A7745AA, to: 0x76fe189e4fA5Ff997872DDF44023B04Cd7Cb03d2, amount: 100)",,,,,
C22,reentrancy,test,yes,0xa6f63fcb6bec8818864d96a5b1bb19e8bd85ee37b2cc916412e720988440b2aa,46,7,33,              [STATICCALL] 0xdAC17F..1ec7.balanceOf(),STATICCALL,0xdAC17F958D2ee523a2206206994597C13D831ec7,,balanceOf,yes,,3031,Return,0xb5599f568D3f3e6113B286d010d2BCa40A7745AA,,,,,,
C22,reentrancy,test,yes,0xa6f63fcb6bec8818864d96a5b1bb19e8bd85ee37b2cc916412e720988440b2aa,47,7,33,              [STATICCALL] 0x5FA006..Edf1.getPair(),STATICCALL,0x5FA0060FcfEa35B31F7A5f6025F0fF399b98Edf1,,getPair,yes,,622,Return,"0xA0b86991c6218b36c1d19D4a2e9Eb0cE3606eB48, 0x64Acd987A8603EeAF1ee8E87Addd512908599Aec",,,,,,
C22,reentrancy,test,yes,0xa6f63fcb6bec8818864d96a5b1bb19e8bd85ee37b2cc916412e720988440b2aa,48,7,33,              [STATICCALL] 0x5FA006..Edf1.getPair(),STATICCALL,0x5FA0060FcfEa35B31F7A5f6025F0fF399b98Edf1,,getPair,yes,,622,Return,"0x64Acd987A8603EeAF1ee8E87Addd512908599Aec, 0xdAC17F958D2ee523a2206206994597C13D831ec7",,,,,,
C22,reentrancy,test,yes,0xa6f63fcb6bec8818864d96a5b1bb19e8bd85ee37b2cc916412e720988440b2aa,49,7,33,              [CALL] 0x76fe18..03d2.swap(),CALL,0x76fe189e4fA5Ff997872DDF44023B04Cd7Cb03d2,,swap,yes,,138857,Stop,"99680123783317 [9.968e13], 0, 0x13e557c51C0a37E25E051491037Ee546597c689F, 0x","Sync(: 499900319876216683 [4.999e17], : 500100 [5.001e5]) | Swap(param0: 0x420a50A62b17C18b36C64478784536bA980feAc8, param1: 0, param2: 100, param3: 99680123783...",,,,,
C22,reentrancy,test,yes,0xa6f63fcb6bec8818864d96a5b1bb19e8bd85ee37b2cc916412e720988440b2aa,50,8,49,                [CALL] 0x64Acd9..9Aec.transfer(),CALL,0x64Acd987A8603EeAF1ee8E87Addd512908599Aec,,transfer,yes,,68675,Return,"0x13e557c51C0a37E25E051491037Ee546597c689F, 99680123783317 [9.968e13]","Transfer(from: 0x76fe189e4fA5Ff997872DDF44023B04Cd7Cb03d2, to: 0x13e557c51C0a37E25E051491037Ee546597c689F, amount: 99680123783317 [9.968e13])",,,,,
C22,reentrancy,test,yes,0xa6f63fcb6bec8818864d96a5b1bb19e8bd85ee37b2cc916412e720988440b2aa,51,9,50,                  [CALL] 0x5061F7..380A.deposit(),CALL,0x5061F7e6dfc1a867D945d0ec39Ea2A33f772380A,attack_contract,deposit,yes,,44841,Stop,,,,,,,
C22,reentrancy,test,yes,0xa6f63fcb6bec8818864d96a5b1bb19e8bd85ee37b2cc916412e720988440b2aa,52,10,51,                    [STATICCALL] 0xdAC17F..1ec7.balanceOf(),STATICCALL,0xdAC17F958D2ee523a2206206994597C13D831ec7,,balanceOf,yes,,1031,Return,0x5061F7e6dfc1a867D945d0ec39Ea2A33f772380A,,,,,,
C22,reentrancy,test,yes,0xa6f63fcb6bec8818864d96a5b1bb19e8bd85ee37b2cc916412e720988440b2aa,53,10,51,                    [CALL] 0xb5599f..45AA.depositAsset(),CALL,0xb5599f568D3f3e6113B286d010d2BCa40A7745AA,,depositAsset,yes,,42426,Return,"0xdAC17F958D2ee523a2206206994597C13D831ec7, 2844766426326 [2.844e12]",,,,,,
C22,reentrancy,test,yes,0xa6f63fcb6bec8818864d96a5b1bb19e8bd85ee37b2cc916412e720988440b2aa,54,11,53,                      [DELEGATECALL] 0x98a877..f604.depositAsset(),DELEGATECALL,0x98a877bb507f19Eb43130B688F522a13885Cf604,,depositAsset,yes,,41650,Stop,"0xdAC17F958D2ee523a2206206994597C13D831ec7, 2844766426326 [2.844e12]","NewAssetTransaction(param0: 0x5061F7e6dfc1a867D945d0ec39Ea2A33f772380A, param1: 0xdAC17F958D2ee523a2206206994597C13D831ec7, param2: true, param3: 28447664263260...",,,,,
C22,reentrancy,test,yes,0xa6f63fcb6bec8818864d96a5b1bb19e8bd85ee37b2cc916412e720988440b2aa,55,12,54,                        [STATICCALL] 0xdAC17F..1ec7.balanceOf(),STATICCALL,0xdAC17F958D2ee523a2206206994597C13D831ec7,,balanceOf,yes,,1031,Return,0xb5599f568D3f3e6113B286d010d2BCa40A7745AA,,,,,,
C22,reentrancy,test,yes,0xa6f63fcb6bec8818864d96a5b1bb19e8bd85ee37b2cc916412e720988440b2aa,56,12,54,                        [CALL] 0xdAC17F..1ec7.transferFrom(),CALL,0xdAC17F958D2ee523a2206206994597C13D831ec7,,transferFrom,yes,,9730,Stop,"0x5061F7e6dfc1a867D945d0ec39Ea2A33f772380A, 0xb5599f568D3f3e6113B286d010d2BCa40A7745AA, 2844766426326 [2.844e12]","Transfer(from: 0x5061F7e6dfc1a867D945d0ec39Ea2A33f772380A, to: 0xb5599f568D3f3e6113B286d010d2BCa40A7745AA, amount: 2844766426326 [2.844e12])",,,,,
C22,reentrancy,test,yes,0xa6f63fcb6bec8818864d96a5b1bb19e8bd85ee37b2cc916412e720988440b2aa,57,12,54,                        [STATICCALL] 0xdAC17F..1ec7.balanceOf(),STATICCALL,0xdAC17F958D2ee523a2206206994597C13D831ec7,,balanceOf,yes,,1031,Return,0xb5599f568D3f3e6113B286d010d2BCa40A7745AA,,,,,,
C22,reentrancy,test,yes,0xa6f63fcb6bec8818864d96a5b1bb19e8bd85ee37b2cc916412e720988440b2aa,58,12,54,                        [STATICCALL] 0xdAC17F..1ec7.decimals(),STATICCALL,0xdAC17F958D2ee523a2206206994597C13D831ec7,,decimals,yes,,484,Return,,,,,,,
C22,reentrancy,test,yes,0xa6f63fcb6bec8818864d96a5b1bb19e8bd85ee37b2cc916412e720988440b2aa,59,9,50,                  [STATICCALL] console.log(),STATICCALL,console,,log,yes,,0,Stop,"""TokenA counter :"", 3",,,,,,
C22,reentrancy,test,yes,0xa6f63fcb6bec8818864d96a5b1bb19e8bd85ee37b2cc916412e720988440b2aa,60,8,49,                [STATICCALL] 0x64Acd9..9Aec.balanceOf(),STATICCALL,0x64Acd987A8603EeAF1ee8E87Addd512908599Aec,,balanceOf,yes,,582,Return,0x76fe189e4fA5Ff997872DDF44023B04Cd7Cb03d2,,,,,,
C22,reentrancy,test,yes,0xa6f63fcb6bec8818864d96a5b1bb19e8bd85ee37b2cc916412e720988440b2aa,61,8,49,                [STATICCALL] 0xA0b869..eB48.balanceOf(),STATICCALL,0xA0b86991c6218b36c1d19D4a2e9Eb0cE3606eB48,,balanceOf,yes,,1315,Return,0x76fe189e4fA5Ff997872DDF44023B04Cd7Cb03d2,,,,,,
C22,reentrancy,test,yes,0xa6f63fcb6bec8818864d96a5b1bb19e8bd85ee37b2cc916412e720988440b2aa,62,9,61,                  [DELEGATECALL] 0xa2327a..bDCF.balanceOf(),DELEGATECALL,0xa2327a938Febf5FEC13baCFb16Ae10EcBc4cbDCF,,balanceOf,yes,,529,Return,0x76fe189e4fA5Ff997872DDF44023B04Cd7Cb03d2,,,,,,
C22,reentrancy,test,yes,0xa6f63fcb6bec8818864d96a5b1bb19e8bd85ee37b2cc916412e720988440b2aa,63,7,33,              [STATICCALL] 0x5FA006..Edf1.getPair(),STATICCALL,0x5FA0060FcfEa35B31F7A5f6025F0fF399b98Edf1,,getPair,yes,,622,Return,"0x64Acd987A8603EeAF1ee8E87Addd512908599Aec, 0xdAC17F958D2ee523a2206206994597C13D831ec7",,,,,,
C22,reentrancy,test,yes,0xa6f63fcb6bec8818864d96a5b1bb19e8bd85ee37b2cc916412e720988440b2aa,64,7,33,              [CALL] 0x13e557..689F.swap(),CALL,0x13e557c51C0a37E25E051491037Ee546597c689F,,swap,yes,,78972,Stop,"0, 99, 0xb5599f568D3f3e6113B286d010d2BCa40A7745AA, 0x","Sync(: 500099680123783317 [5e17], : 499901 [4.999e5]) | Swap(param0: 0x420a50A62b17C18b36C64478784536bA980feAc8, param1: 99680123783317 [9.968e13], param2: 0, p...",,,,,
C22,reentrancy,test,yes,0xa6f63fcb6bec8818864d96a5b1bb19e8bd85ee37b2cc916412e720988440b2aa,65,8,64,                [CALL] 0xdAC17F..1ec7.transfer(),CALL,0xdAC17F958D2ee523a2206206994597C13D831ec7,,transfer,yes,,11701,Stop,"0xb5599f568D3f3e6113B286d010d2BCa40A7745AA, 99","Transfer(from: 0x13e557c51C0a37E25E051491037Ee546597c689F, to: 0xb5599f568D3f3e6113B286d010d2BCa40A7745AA, amount: 99)",,,,,
C22,reentrancy,test,yes,0xa6f63fcb6bec8818864d96a5b1bb19e8bd85ee37b2cc916412e720988440b2aa,66,8,64,                [STATICCALL] 0x64Acd9..9Aec.balanceOf(),STATICCALL,0x64Acd987A8603EeAF1ee8E87Addd512908599Aec,,balanceOf,yes,,582,Return,0x13e557c51C0a37E25E051491037Ee546597c689F,,,,,,
C22,reentrancy,test,yes,0xa6f63fcb6bec8818864d96a5b1bb19e8bd85ee37b2cc916412e720988440b2aa,67,8,64,                [STATICCALL] 0xdAC17F..1ec7.balanceOf(),STATICCALL,0xdAC17F958D2ee523a2206206994597C13D831ec7,,balanceOf,yes,,1031,Return,0x13e557c51C0a37E25E051491037Ee546597c689F,,,,,,
C22,reentrancy,test,yes,0xa6f63fcb6bec8818864d96a5b1bb19e8bd85ee37b2cc916412e720988440b2aa,68,7,33,              [STATICCALL] 0xdAC17F..1ec7.balanceOf(),STATICCALL,0xdAC17F958D2ee523a2206206994597C13D831ec7,,balanceOf,yes,,1031,Return,0xb5599f568D3f3e6113B286d010d2BCa40A7745AA,,,,,,
C22,reentrancy,test,yes,0xa6f63fcb6bec8818864d96a5b1bb19e8bd85ee37b2cc916412e720988440b2aa,69,7,33,              [STATICCALL] 0xA0b869..eB48.decimals(),STATICCALL,0xA0b86991c6218b36c1d19D4a2e9Eb0cE3606eB48,,decimals,yes,,1164,Return,,,,,,,
C22,reentrancy,test,yes,0xa6f63fcb6bec8818864d96a5b1bb19e8bd85ee37b2cc916412e720988440b2aa,70,8,69,                [DELEGATECALL] 0xa2327a..bDCF.decimals(),DELEGATECALL,0xa2327a938Febf5FEC13baCFb16Ae10EcBc4cbDCF,,decimals,yes,,381,Return,,,,,,,
C22,reentrancy,test,yes,0xa6f63fcb6bec8818864d96a5b1bb19e8bd85ee37b2cc916412e720988440b2aa,71,7,33,              [STATICCALL] 0xdAC17F..1ec7.decimals(),STATICCALL,0xdAC17F958D2ee523a2206206994597C13D831ec7,,decimals,yes,,484,Return,,,,,,,
C22,reentrancy,test,yes,0xa6f63fcb6bec8818864d96a5b1bb19e8bd85ee37b2cc916412e720988440b2aa,72,3,26,      [STATICCALL] 0xdAC17F..1ec7.decimals(),STATICCALL,0xdAC17F958D2ee523a2206206994597C13D831ec7,,decimals,yes,,484,Return,,,,,,,
C22,reentrancy,test,yes,0xa6f63fcb6bec8818864d96a5b1bb19e8bd85ee37b2cc916412e720988440b2aa,73,3,26,      [STATICCALL] 0xb5599f..45AA.getBalance(),STATICCALL,0xb5599f568D3f3e6113B286d010d2BCa40A7745AA,,getBalance,yes,,1709,Return,"0xdAC17F958D2ee523a2206206994597C13D831ec7, 0x5061F7e6dfc1a867D945d0ec39Ea2A33f772380A",,,,,,
C22,reentrancy,test,yes,0xa6f63fcb6bec8818864d96a5b1bb19e8bd85ee37b2cc916412e720988440b2aa,74,4,73,        [DELEGATECALL] 0x98a877..f604.getBalance(),DELEGATECALL,0x98a877bb507f19Eb43130B688F522a13885Cf604,,getBalance,yes,,930,Return,"0xdAC17F958D2ee523a2206206994597C13D831ec7, 0x5061F7e6dfc1a867D945d0ec39Ea2A33f772380A",,,,,,
C22,reentrancy,test,yes,0xa6f63fcb6bec8818864d96a5b1bb19e8bd85ee37b2cc916412e720988440b2aa,75,3,26,      [STATICCALL] 0xdAC17F..1ec7.balanceOf(),STATICCALL,0xdAC17F958D2ee523a2206206994597C13D831ec7,,balanceOf,yes,,1031,Return,0xb5599f568D3f3e6113B286d010d2BCa40A7745AA,,,,,,
C22,reentrancy,test,yes,0xa6f63fcb6bec8818864d96a5b1bb19e8bd85ee37b2cc916412e720988440b2aa,76,3,26,      [STATICCALL] 0xdAC17F..1ec7.balanceOf(),STATICCALL,0xdAC17F958D2ee523a2206206994597C13D831ec7,,balanceOf,yes,,1031,Return,0xb5599f568D3f3e6113B286d010d2BCa40A7745AA,,,,,,
C22,reentrancy,test,yes,0xa6f63fcb6bec8818864d96a5b1bb19e8bd85ee37b2cc916412e720988440b2aa,77,3,26,      [CALL] 0xb5599f..45AA.withdraw(),CALL,0xb5599f568D3f3e6113B286d010d2BCa40A7745AA,,withdraw,yes,,34993,Return,"0xdAC17F958D2ee523a2206206994597C13D831ec7, 5689532852749 [5.689e12]",,,,,,
C22,reentrancy,test,yes,0xa6f63fcb6bec8818864d96a5b1bb19e8bd85ee37b2cc916412e720988440b2aa,78,4,77,        [DELEGATECALL] 0x98a877..f604.withdraw(),DELEGATECALL,0x98a877bb507f19Eb43130B688F522a13885Cf604,,withdraw,yes,,34217,Stop,"0xdAC17F958D2ee523a2206206994597C13D831ec7, 5689532852749 [5.689e12]","NewAssetTransaction(param0: 0x5061F7e6dfc1a867D945d0ec39Ea2A33f772380A, param1: 0xdAC17F958D2ee523a2206206994597C13D831ec7, param2: false, param3: 5689532852749...",,,,,
C22,reentrancy,test,yes,0xa6f63fcb6bec8818864d96a5b1bb19e8bd85ee37b2cc916412e720988440b2aa,79,5,78,          [STATICCALL] 0xdAC17F..1ec7.decimals(),STATICCALL,0xdAC17F958D2ee523a2206206994597C13D831ec7,,decimals,yes,,484,Return,,,,,,,
C22,reentrancy,test,yes,0xa6f63fcb6bec8818864d96a5b1bb19e8bd85ee37b2cc916412e720988440b2aa,80,5,78,          [CALL] 0xdAC17F..1ec7.transfer(),CALL,0xdAC17F958D2ee523a2206206994597C13D831ec7,,transfer,yes,,6901,Stop,"0x5061F7e6dfc1a867D945d0ec39Ea2A33f772380A, 5689532852749 [5.689e12]","Transfer(from: 0xb5599f568D3f3e6113B286d010d2BCa40A7745AA, to: 0x5061F7e6dfc1a867D945d0ec39Ea2A33f772380A, amount: 5689532852749 [5.689e12])",,,,,
C22,reentrancy,test,yes,0xa6f63fcb6bec8818864d96a5b1bb19e8bd85ee37b2cc916412e720988440b2aa,81,3,26,      [CALL] 0xdAC17F..1ec7.transfer(),CALL,0xdAC17F958D2ee523a2206206994597C13D831ec7,,transfer,yes,,4901,Stop,"0x0d4a11d5EEaaC28EC3F61d100daF4d40471f1852, 2853326405542 [2.853e12]","Transfer(from: 0x5061F7e6dfc1a867D945d0ec39Ea2A33f772380A, to: 0x0d4a11d5EEaaC28EC3F61d100daF4d40471f1852, amount: 2853326405542 [2.853e12])",,,,,
C22,reentrancy,test,yes,0xa6f63fcb6bec8818864d96a5b1bb19e8bd85ee37b2cc916412e720988440b2aa,82,2,24,    [STATICCALL] 0xC02aaA..6Cc2.balanceOf(),STATICCALL,0xC02aaA39b223FE8D0A0e5C4F27eAD9083C756Cc2,,balanceOf,yes,,2534,Return,0x0d4a11d5EEaaC28EC3F61d100daF4d40471f1852,,,,,,
C22,reentrancy,test,yes,0xa6f63fcb6bec8818864d96a5b1bb19e8bd85ee37b2cc916412e720988440b2aa,83,2,24,    [STATICCALL] 0xdAC17F..1ec7.balanceOf(),STATICCALL,0xdAC17F958D2ee523a2206206994597C13D831ec7,,balanceOf,yes,,1031,Return,0x0d4a11d5EEaaC28EC3F61d100daF4d40471f1852,,,,,,
C22,reentrancy,test,yes,0xa6f63fcb6bec8818864d96a5b1bb19e8bd85ee37b2cc916412e720988440b2aa,84,1,1,  [STATICCALL] 0xdAC17F..1ec7.balanceOf(),STATICCALL,0xdAC17F958D2ee523a2206206994597C13D831ec7,,balanceOf,yes,,1031,Return,0x5061F7e6dfc1a867D945d0ec39Ea2A33f772380A,,,,,,
C22,reentrancy,test,yes,0xa6f63fcb6bec8818864d96a5b1bb19e8bd85ee37b2cc916412e720988440b2aa,85,1,1,  [CALL] 0xdAC17F..1ec7.approve(),CALL,0xdAC17F958D2ee523a2206206994597C13D831ec7,,approve,yes,,24953,Stop,"0xE592427A0AEce92De3Edee1F18E0157C05861564, 2836206447207 [2.836e12]","Approval(owner: 0x5061F7e6dfc1a867D945d0ec39Ea2A33f772380A, spender: 0xE592427A0AEce92De3Edee1F18E0157C05861564, amount: 2836206447207 [2.836e12])",,,,,
C22,reentrancy,test,yes,0xa6f63fcb6bec8818864d96a5b1bb19e8bd85ee37b2cc916412e720988440b2aa,86,1,1,  [CALL] 0xE59242..1564.exactInputSingle(),CALL,0xE592427A0AEce92De3Edee1F18E0157C05861564,,exactInputSingle,yes,,242936,Return,"(0xdAC17F958D2ee523a2206206994597C13D831ec7, 0xC02aaA39b223FE8D0A0e5C4F27eAD9083C756Cc2, 3000, 0x3DabF5e36DF28F6064a7c5638D0c4e01539E35F1, 1675353395 [1.675e9],...",,,,,,
C22,reentrancy,test,yes,0xa6f63fcb6bec8818864d96a5b1bb19e8bd85ee37b2cc916412e720988440b2aa,87,2,86,    [CALL] 0x4e68Cc..Fa36.swap(),CALL,0x4e68Ccd3E89f51C3074ca5072bbAC773960dFa36,,swap,yes,,235475,Return,"0x3DabF5e36DF28F6064a7c5638D0c4e01539E35F1, false, 2836206447207 [2.836e12], 1461446703485210103287273052203988822378723970341 [1.461e48], 0x0000000000000000000...","Swap(param0: 0xE592427A0AEce92De3Edee1F18E0157C05861564, param1: 0x3DabF5e36DF28F6064a7c5638D0c4e01539E35F1, param2: -1651247397448511042353 [-1.651e21], param3...",,,,,
C22,reentrancy,test,yes,0xa6f63fcb6bec8818864d96a5b1bb19e8bd85ee37b2cc916412e720988440b2aa,88,3,87,      [CALL] 0xC02aaA..6Cc2.transfer(),CALL,0xC02aaA39b223FE8D0A0e5C4F27eAD9083C756Cc2,,transfer,yes,,29962,Return,"0x3DabF5e36DF28F6064a7c5638D0c4e01539E35F1, 1651247397448511042353 [1.651e21]","Transfer(from: 0x4e68Ccd3E89f51C3074ca5072bbAC773960dFa36, to: 0x3DabF5e36DF28F6064a7c5638D0c4e01539E35F1, amount: 1651247397448511042353 [1.651e21])",,,,,
C22,reentrancy,test,yes,0xa6f63fcb6bec8818864d96a5b1bb19e8bd85ee37b2cc916412e720988440b2aa,89,3,87,      [STATICCALL] 0xdAC17F..1ec7.balanceOf(),STATICCALL,0xdAC17F958D2ee523a2206206994597C13D831ec7,,balanceOf,yes,,3031,Return,0x4e68Ccd3E89f51C3074ca5072bbAC773960dFa36,,,,,,
C22,reentrancy,test,yes,0xa6f63fcb6bec8818864d96a5b1bb19e8bd85ee37b2cc916412e720988440b2aa,90,3,87,      [CALL] 0xE59242..1564.uniswapV3SwapCallback(),CALL,0xE592427A0AEce92De3Edee1F18E0157C05861564,,uniswapV3SwapCallback,yes,,12089,Stop,"-1651247397448511042353 [-1.651e21], 2836206447207 [2.836e12], 0x00000000000000000000000000000000000000000000000000000000000000200000000000000000000000000000000...",,,,,,
C22,reentrancy,test,yes,0xa6f63fcb6bec8818864d96a5b1bb19e8bd85ee37b2cc916412e720988440b2aa,91,4,90,        [CALL] 0xdAC17F..1ec7.transferFrom(),CALL,0xdAC17F958D2ee523a2206206994597C13D831ec7,,transferFrom,yes,,8124,Stop,"0x5061F7e6dfc1a867D945d0ec39Ea2A33f772380A, 0x4e68Ccd3E89f51C3074ca5072bbAC773960dFa36, 2836206447207 [2.836e12]","Transfer(from: 0x5061F7e6dfc1a867D945d0ec39Ea2A33f772380A, to: 0x4e68Ccd3E89f51C3074ca5072bbAC773960dFa36, amount: 2836206447207 [2.836e12])",,,,,
C22,reentrancy,test,yes,0xa6f63fcb6bec8818864d96a5b1bb19e8bd85ee37b2cc916412e720988440b2aa,92,3,87,      [STATICCALL] 0xdAC17F..1ec7.balanceOf(),STATICCALL,0xdAC17F958D2ee523a2206206994597C13D831ec7,,balanceOf,yes,,1031,Return,0x4e68Ccd3E89f51C3074ca5072bbAC773960dFa36,,,,,,
C22,reentrancy,test,yes,0xa6f63fcb6bec8818864d96a5b1bb19e8bd85ee37b2cc916412e720988440b2aa,93,1,1,  [STATICCALL] 0xC02aaA..6Cc2.balanceOf(),STATICCALL,0xC02aaA39b223FE8D0A0e5C4F27eAD9083C756Cc2,,balanceOf,yes,,2534,Return,0x5061F7e6dfc1a867D945d0ec39Ea2A33f772380A,,,,,,
C22,reentrancy,test,yes,0xa6f63fcb6bec8818864d96a5b1bb19e8bd85ee37b2cc916412e720988440b2aa,94,1,1,  [CALL] 0xC02aaA..6Cc2.transfer(),CALL,0xC02aaA39b223FE8D0A0e5C4F27eAD9083C756Cc2,,transfer,yes,,3262,Return,"0x3DabF5e36DF28F6064a7c5638D0c4e01539E35F1, 0","Transfer(from: 0x5061F7e6dfc1a867D945d0ec39Ea2A33f772380A, to: 0x3DabF5e36DF28F6064a7c5638D0c4e01539E35F1, amount: 0)",,,,,
C23,reentrancy,test,yes,0x6bfd9e286e37061ed279e4f139fbc03c8bd707a2cdd15f7260549052cbba79b7,1,0,,[CALL] 0x6cFa86..F22D.b727281f(),CALL,0x6cFa86a352339E766FF1cA119c8C40824f41F22D,attack_contract,b727281f,no,,387694,Stop,000000000000000000000000000000000000000000002a5a058fc295ed0000000000000000000000000000000000000000000000000000000000000000000006,,,,,,
C23,reentrancy,test,yes,0x6bfd9e286e37061ed279e4f139fbc03c8bd707a2cdd15f7260549052cbba79b7,2,1,1,  [STATICCALL] 0x461611..377C.viewDeposit(),STATICCALL,0x46161158b1947D9149E066d6d31AF1283b2d377C,victim,viewDeposit,yes,,78878,Return,200000000000000000000000 [2e23],,,,,,
C23,reentrancy,test,yes,0x6bfd9e286e37061ed279e4f139fbc03c8bd707a2cdd15f7260549052cbba79b7,3,2,2,    [DELEGATECALL] 0x5fcA00..be0f.822f39d5(),DELEGATECALL,0x5fcA000F8A1eF45Fe2412A8e305FF36D8757be0f,,822f39d5,no,,72534,Return,0000000000000000000000000000000000000000000000000000000000000000000000000000000000000000000000000000000000002a5a058fc295ed000000,,,,,,
C23,reentrancy,test,yes,0x6bfd9e286e37061ed279e4f139fbc03c8bd707a2cdd15f7260549052cbba79b7,4,3,3,      [STATICCALL] 0x08CD9D..f700.viewNumeraireBalanceLPRatio(),STATICCALL,0x08CD9D993840ccA86546f4Ebf166C78c7d8ff700,,viewNumeraireBalanceLPRatio,yes,,27493,Return,"500000000000000000 [5e17], 500000000000000000 [5e17], 0x46161158b1947D9149E066d6d31AF1283b2d377C",,,,,,
C23,reentrancy,test,yes,0x6bfd9e286e37061ed279e4f139fbc03c8bd707a2cdd15f7260549052cbba79b7,5,4,4,        [STATICCALL] 0xebF209..aa52.balanceOf(),STATICCALL,0xebF2096E01455108bAdCbAF86cE30b6e5A72aa52,,balanceOf,yes,,10115,Return,0x46161158b1947D9149E066d6d31AF1283b2d377C,,,,,,
C23,reentrancy,test,yes,0x6bfd9e286e37061ed279e4f139fbc03c8bd707a2cdd15f7260549052cbba79b7,6,5,5,          [DELEGATECALL] 0x78fe13..b472.balanceOf(),DELEGATECALL,0x78fe13802Ba4E487F69c87850eA557CfC292b472,,balanceOf,yes,,2836,Return,0x46161158b1947D9149E066d6d31AF1283b2d377C,,,,,,
C23,reentrancy,test,yes,0x6bfd9e286e37061ed279e4f139fbc03c8bd707a2cdd15f7260549052cbba79b7,7,4,4,        [STATICCALL] 0xA0b869..eB48.balanceOf(),STATICCALL,0xA0b86991c6218b36c1d19D4a2e9Eb0cE3606eB48,,balanceOf,yes,,9815,Return,0x46161158b1947D9149E066d6d31AF1283b2d377C,,,,,,
C23,reentrancy,test,yes,0x6bfd9e286e37061ed279e4f139fbc03c8bd707a2cdd15f7260549052cbba79b7,8,5,7,          [DELEGATECALL] 0xa2327a..bDCF.balanceOf(),DELEGATECALL,0xa2327a938Febf5FEC13baCFb16Ae10EcBc4cbDCF,,balanceOf,yes,,2529,Return,0x46161158b1947D9149E066d6d31AF1283b2d377C,,,,,,
C23,reentrancy,test,yes,0x6bfd9e286e37061ed279e4f139fbc03c8bd707a2cdd15f7260549052cbba79b7,9,3,3,      [STATICCALL] 0xc2E645..AB95.viewNumeraireBalanceLPRatio(),STATICCALL,0xc2E645C253FAf984B6Af2668798719b7c6AbAB95,,viewNumeraireBalanceLPRatio,yes,,5193,Return,"500000000000000000 [5e17], 500000000000000000 [5e17], 0x46161158b1947D9149E066d6d31AF1283b2d377C",,,,,,
C23,reentrancy,test,yes,0x6bfd9e286e37061ed279e4f139fbc03c8bd707a2cdd15f7260549052cbba79b7,10,4,9,        [STATICCALL] 0xA0b869..eB48.balanceOf(),STATICCALL,0xA0b86991c6218b36c1d19D4a2e9Eb0cE3606eB48,,balanceOf,yes,,1315,Return,0x46161158b1947D9149E066d6d31AF1283b2d377C,,,,,,
C23,reentrancy,test,yes,0x6bfd9e286e37061ed279e4f139fbc03c8bd707a2cdd15f7260549052cbba79b7,11,5,10,          [DELEGATECALL] 0xa2327a..bDCF.balanceOf(),DELEGATECALL,0xa2327a938Febf5FEC13baCFb16Ae10EcBc4cbDCF,,balanceOf,yes,,529,Return,0x46161158b1947D9149E066d6d31AF1283b2d377C,,,,,,
C23,reentrancy,test,yes,0x6bfd9e286e37061ed279e4f139fbc03c8bd707a2cdd15f7260549052cbba79b7,12,4,9,        [STATICCALL] 0xA0b869..eB48.balanceOf(),STATICCALL,0xA0b86991c6218b36c1d19D4a2e9Eb0cE3606eB48,,balanceOf,yes,,1315,Return,0x46161158b1947D9149E066d6d31AF1283b2d377C,,,,,,
C23,reentrancy,test,yes,0x6bfd9e286e37061ed279e4f139fbc03c8bd707a2cdd15f7260549052cbba79b7,13,5,12,          [DELEGATECALL] 0xa2327a..bDCF.balanceOf(),DELEGATECALL,0xa2327a938Febf5FEC13baCFb16Ae10EcBc4cbDCF,,balanceOf,yes,,529,Return,0x46161158b1947D9149E066d6d31AF1283b2d377C,,,,,,
C23,reentrancy,test,yes,0x6bfd9e286e37061ed279e4f139fbc03c8bd707a2cdd15f7260549052cbba79b7,14,3,3,      [STATICCALL] 0x08CD9D..f700.viewRawAmountLPRatio(),STATICCALL,0x08CD9D993840ccA86546f4Ebf166C78c7d8ff700,,viewRawAmountLPRatio,yes,,6098,Return,"500000000000000000 [5e17], 500000000000000000 [5e17], 0x46161158b1947D9149E066d6d31AF1283b2d377C, 1844674407370946816507483 [1.844e24]",,,,,,
C23,reentrancy,test,yes,0x6bfd9e286e37061ed279e4f139fbc03c8bd707a2cdd15f7260549052cbba79b7,15,4,14,        [STATICCALL] 0xebF209..aa52.balanceOf(),STATICCALL,0xebF2096E01455108bAdCbAF86cE30b6e5A72aa52,,balanceOf,yes,,1615,Return,0x46161158b1947D9149E066d6d31AF1283b2d377C,,,,,,
C23,reentrancy,test,yes,0x6bfd9e286e37061ed279e4f139fbc03c8bd707a2cdd15f7260549052cbba79b7,16,5,15,          [DELEGATECALL] 0x78fe13..b472.balanceOf(),DELEGATECALL,0x78fe13802Ba4E487F69c87850eA557CfC292b472,,balanceOf,yes,,836,Return,0x46161158b1947D9149E066d6d31AF1283b2d377C,,,,,,
C23,reentrancy,test,yes,0x6bfd9e286e37061ed279e4f139fbc03c8bd707a2cdd15f7260549052cbba79b7,17,4,14,        [STATICCALL] 0xA0b869..eB48.balanceOf(),STATICCALL,0xA0b86991c6218b36c1d19D4a2e9Eb0cE3606eB48,,balanceOf,yes,,1315,Return,0x46161158b1947D9149E066d6d31AF1283b2d377C,,,,,,
C23,reentrancy,test,yes,0x6bfd9e286e37061ed279e4f139fbc03c8bd707a2cdd15f7260549052cbba79b7,18,5,17,          [DELEGATECALL] 0xa2327a..bDCF.balanceOf(),DELEGATECALL,0xa2327a938Febf5FEC13baCFb16Ae10EcBc4cbDCF,,balanceOf,yes,,529,Return,0x46161158b1947D9149E066d6d31AF1283b2d377C,,,,,,
C23,reentrancy,test,yes,0x6bfd9e286e37061ed279e4f139fbc03c8bd707a2cdd15f7260549052cbba79b7,19,3,3,      [STATICCALL] 0xc2E645..AB95.viewRawAmountLPRatio(),STATICCALL,0xc2E645C253FAf984B6Af2668798719b7c6AbAB95,,viewRawAmountLPRatio,yes,,5798,Return,"500000000000000000 [5e17], 500000000000000000 [5e17], 0x46161158b1947D9149E066d6d31AF1283b2d377C, 1844674407370963506360810 [1.844e24]",,,,,,
C23,reentrancy,test,yes,0x6bfd9e286e37061ed279e4f139fbc03c8bd707a2cdd15f7260549052cbba79b7,20,4,19,        [STATICCALL] 0xA0b869..eB48.balanceOf(),STATICCALL,0xA0b86991c6218b36c1d19D4a2e9Eb0cE3606eB48,,balanceOf,yes,,1315,Return,0x46161158b1947D9149E066d6d31AF1283b2d377C,,,,,,
C23,reentrancy,test,yes,0x6bfd9e286e37061ed279e4f139fbc03c8bd707a2cdd15f7260549052cbba79b7,21,5,20,          [DELEGATECALL] 0xa2327a..bDCF.balanceOf(),DELEGATECALL,0xa2327a938Febf5FEC13baCFb16Ae10EcBc4cbDCF,,balanceOf,yes,,529,Return,0x46161158b1947D9149E066d6d31AF1283b2d377C,,,,,,
C23,reentrancy,test,yes,0x6bfd9e286e37061ed279e4f139fbc03c8bd707a2cdd15f7260549052cbba79b7,22,4,19,        [STATICCALL] 0xA0b869..eB48.balanceOf(),STATICCALL,0xA0b86991c6218b36c1d19D4a2e9Eb0cE3606eB48,,balanceOf,yes,,1315,Return,0x46161158b1947D9149E066d6d31AF1283b2d377C,,,,,,
C23,reentrancy,test,yes,0x6bfd9e286e37061ed279e4f139fbc03c8bd707a2cdd15f7260549052cbba79b7,23,5,22,          [DELEGATECALL] 0xa2327a..bDCF.balanceOf(),DELEGATECALL,0xa2327a938Febf5FEC13baCFb16Ae10EcBc4cbDCF,,balanceOf,yes,,529,Return,0x46161158b1947D9149E066d6d31AF1283b2d377C,,,,,,
C23,reentrancy,test,yes,0x6bfd9e286e37061ed279e4f139fbc03c8bd707a2cdd15f7260549052cbba79b7,24,1,1,  [CALL] 0x461611..377C.flash(),CALL,0x46161158b1947D9149E066d6d31AF1283b2d377C,victim,flash,yes,,192515,Stop,"0x6cFa86a352339E766FF1cA119c8C40824f41F22D, 2311627906953628 [2.311e15], 99400000000 [9.94e10], 0x307863616c6c666c617368","Flash(param0: 0x6cFa86a352339E766FF1cA119c8C40824f41F22D, param1: 0x6cFa86a352339E766FF1cA119c8C40824f41F22D, param2: 2311627906953628 [2.311e15], param3: 99400...",yes,,,,
C23,reentrancy,test,yes,0x6bfd9e286e37061ed279e4f139fbc03c8bd707a2cdd15f7260549052cbba79b7,25,2,24,    [STATICCALL] 0xebF209..aa52.balanceOf(),STATICCALL,0xebF2096E01455108bAdCbAF86cE30b6e5A72aa52,,balanceOf,yes,,1615,Return,0x46161158b1947D9149E066d6d31AF1283b2d377C,,,,,,
C23,reentrancy,test,yes,0x6bfd9e286e37061ed279e4f139fbc03c8bd707a2cdd15f7260549052cbba79b7,26,3,25,      [DELEGATECALL] 0x78fe13..b472.balanceOf(),DELEGATECALL,0x78fe13802Ba4E487F69c87850eA557CfC292b472,,balanceOf,yes,,836,Return,0x46161158b1947D9149E066d6d31AF1283b2d377C,,,,,,
C23,reentrancy,test,yes,0x6bfd9e286e37061ed279e4f139fbc03c8bd707a2cdd15f7260549052cbba79b7,27,2,24,    [STATICCALL] 0xA0b869..eB48.balanceOf(),STATICCALL,0xA0b86991c6218b36c1d19D4a2e9Eb0cE3606eB48,,balanceOf,yes,,1315,Return,0x46161158b1947D9149E066d6d31AF1283b2d377C,,,,,,
C23,reentrancy,test,yes,0x6bfd9e286e37061ed279e4f139fbc03c8bd707a2cdd15f7260549052cbba79b7,28,3,27,      [DELEGATECALL] 0xa2327a..bDCF.balanceOf(),DELEGATECALL,0xa2327a938Febf5FEC13baCFb16Ae10EcBc4cbDCF,,balanceOf,yes,,529,Return,0x46161158b1947D9149E066d6d31AF1283b2d377C,,,,,,
C23,reentrancy,test,yes,0x6bfd9e286e37061ed279e4f139fbc03c8bd707a2cdd15f7260549052cbba79b7,29,2,24,    [STATICCALL] 0xebF209..aa52.balanceOf(),STATICCALL,0xebF2096E01455108bAdCbAF86cE30b6e5A72aa52,,balanceOf,yes,,1615,Return,0x46161158b1947D9149E066d6d31AF1283b2d377C,,,,,,
C23,reentrancy,test,yes,0x6bfd9e286e37061ed279e4f139fbc03c8bd707a2cdd15f7260549052cbba79b7,30,3,29,      [DELEGATECALL] 0x78fe13..b472.balanceOf(),DELEGATECALL,0x78fe13802Ba4E487F69c87850eA557CfC292b472,,balanceOf,yes,,836,Return,0x46161158b1947D9149E066d6d31AF1283b2d377C,,,,,,
C23,reentrancy,test,yes,0x6bfd9e286e37061ed279e4f139fbc03c8bd707a2cdd15f7260549052cbba79b7,31,2,24,    [STATICCALL] 0xA0b869..eB48.balanceOf(),STATICCALL,0xA0b86991c6218b36c1d19D4a2e9Eb0cE3606eB48,,balanceOf,yes,,1315,Return,0x46161158b1947D9149E066d6d31AF1283b2d377C,,,,,,
C23,reentrancy,test,yes,0x6bfd9e286e37061ed279e4f139fbc03c8bd707a2cdd15f7260549052cbba79b7,32,3,31,      [DELEGATECALL] 0xa2327a..bDCF.balanceOf(),DELEGATECALL,0xa2327a938Febf5FEC13baCFb16Ae10EcBc4cbDCF,,balanceOf,yes,,529,Return,0x46161158b1947D9149E066d6d31AF1283b2d377C,,,,,,
C23,reentrancy,test,yes,0x6bfd9e286e37061ed279e4f139fbc03c8bd707a2cdd15f7260549052cbba79b7,33,2,24,    [CALL] 0xebF209..aa52.transfer(),CALL,0xebF2096E01455108bAdCbAF86cE30b6e5A72aa52,,transfer,yes,,19021,Return,"0x6cFa86a352339E766FF1cA119c8C40824f41F22D, 2311627906953628 [2.311e15]",,,,,,
C23,reentrancy,test,yes,0x6bfd9e286e37061ed279e4f139fbc03c8bd707a2cdd15f7260549052cbba79b7,34,3,33,      [DELEGATECALL] 0x78fe13..b472.transfer(),DELEGATECALL,0x78fe13802Ba4E487F69c87850eA557CfC292b472,,transfer,yes,,18239,Return,"0x6cFa86a352339E766FF1cA119c8C40824f41F22D, 2311627906953628 [2.311e15]","Transfer(from: 0x46161158b1947D9149E066d6d31AF1283b2d377C, to: 0x6cFa86a352339E766FF1cA119c8C40824f41F22D, amount: 2311627906953628 [2.311e15])",,,,,
C23,reentrancy,test,yes,0x6bfd9e286e37061ed279e4f139fbc03c8bd707a2cdd15f7260549052cbba79b7,35,2,24,    [CALL] 0xA0b869..eB48.transfer(),CALL,0xA0b86991c6218b36c1d19D4a2e9Eb0cE3606eB48,,transfer,yes,,18417,Return,"0x6cFa86a352339E766FF1cA119c8C40824f41F22D, 99400000000 [9.94e10]",,,,,,
C23,reentrancy,test,yes,0x6bfd9e286e37061ed279e4f139fbc03c8bd707a2cdd15f7260549052cbba79b7,36,3,35,      [DELEGATECALL] 0xa2327a..bDCF.transfer(),DELEGATECALL,0xa2327a938Febf5FEC13baCFb16Ae10EcBc4cbDCF,,transfer,yes,,17628,Return,"0x6cFa86a352339E766FF1cA119c8C40824f41F22D, 99400000000 [9.94e10]","Transfer(from: 0x46161158b1947D9149E066d6d31AF1283b2d377C, to: 0x6cFa86a352339E766FF1cA119c8C40824f41F22D, amount: 99400000000 [9.94e10])",,,,,
C23,reentrancy,test,yes,0x6bfd9e286e37061ed279e4f139fbc03c8bd707a2cdd15f7260549052cbba79b7,37,2,24,    [CALL] 0x6cFa86..F22D.flashCallback(),CALL,0x6cFa86a352339E766FF1cA119c8C40824f41F22D,attack_contract,flashCallback,yes,,95310,Stop,"11558139534769 [1.155e13], 497000000 [4.97e8], 0x307863616c6c666c617368",,,,,,
C23,reentrancy,test,yes,0x6bfd9e286e37061ed279e4f139fbc03c8bd707a2cdd15f7260549052cbba79b7,38,3,37,      [CALL] 0x461611..377C.deposit(),CALL,0x46161158b1947D9149E066d6d31AF1283b2d377C,victim,deposit,yes,,93551,Return,"200000000000000000000000 [2e23], 16666017386600 [1.666e13]",,yes,,,,
C23,reentrancy,test,yes,0x6bfd9e286e37061ed279e4f139fbc03c8bd707a2cdd15f7260549052cbba79b7,39,4,38,        [DELEGATECALL] 0x5fcA00..be0f.445cc62b(),DELEGATECALL,0x5fcA000F8A1eF45Fe2412A8e305FF36D8757be0f,,445cc62b,no,,87961,Return,0000000000000000000000000000000000000000000000000000000000000000000000000000000000000000000000000000000000002a5a058fc295ed000000,"Transfer(from: 0x0000000000000000000000000000000000000000, to: 0x6cFa86a352339E766FF1cA119c8C40824f41F22D, amount: 387023837944937266146579 [3.87e23])",,,,,
C23,reentrancy,test,yes,0x6bfd9e286e37061ed279e4f139fbc03c8bd707a2cdd15f7260549052cbba79b7,40,5,39,          [STATICCALL] 0x08CD9D..f700.viewNumeraireBalanceLPRatio(),STATICCALL,0x08CD9D993840ccA86546f4Ebf166C78c7d8ff700,,viewNumeraireBalanceLPRatio,yes,,5493,Return,"500000000000000000 [5e17], 500000000000000000 [5e17], 0x46161158b1947D9149E066d6d31AF1283b2d377C",,,,,,
C23,reentrancy,test,yes,0x6bfd9e286e37061ed279e4f139fbc03c8bd707a2cdd15f7260549052cbba79b7,41,6,40,            [STATICCALL] 0xebF209..aa52.balanceOf(),STATICCALL,0xebF2096E01455108bAdCbAF86cE30b6e5A72aa52,,balanceOf,yes,,1615,Return,0x46161158b1947D9149E066d6d31AF1283b2d377C,,,,,,
C23,reentrancy,test,yes,0x6bfd9e286e37061ed279e4f139fbc03c8bd707a2cdd15f7260549052cbba79b7,42,7,41,              [DELEGATECALL] 0x78fe13..b472.balanceOf(),DELEGATECALL,0x78fe13802Ba4E487F69c87850eA557CfC292b472,,balanceOf,yes,,836,Return,0x46161158b1947D9149E066d6d31AF1283b2d377C,,,,,,
C23,reentrancy,test,yes,0x6bfd9e286e37061ed279e4f139fbc03c8bd707a2cdd15f7260549052cbba79b7,43,6,40,            [STATICCALL] 0xA0b869..eB48.balanceOf(),STATICCALL,0xA0b86991c6218b36c1d19D4a2e9Eb0cE3606eB48,,balanceOf,yes,,1315,Return,0x46161158b1947D9149E066d6d31AF1283b2d377C,,,,,,
C23,reentrancy,test,yes,0x6bfd9e286e37061ed279e4f139fbc03c8bd707a2cdd15f7260549052cbba79b7,44,7,43,              [DELEGATECALL] 0xa2327a..bDCF.balanceOf(),DELEGATECALL,0xa2327a938Febf5FEC13baCFb16Ae10EcBc4cbDCF,,balanceOf,yes,,529,Return,0x46161158b1947D9149E066d6d31AF1283b2d377C,,,,,,
C23,reentrancy,test,yes,0x6bfd9e286e37061ed279e4f139fbc03c8bd707a2cdd15f7260549052cbba79b7,45,5,39,          [STATICCALL] 0xc2E645..AB95.viewNumeraireBalanceLPRatio(),STATICCALL,0xc2E645C253FAf984B6Af2668798719b7c6AbAB95,,viewNumeraireBalanceLPRatio,yes,,5193,Return,"500000000000000000 [5e17], 500000000000000000 [5e17], 0x46161158b1947D9149E066d6d31AF1283b2d377C",,,,,,
C23,reentrancy,test,yes,0x6bfd9e286e37061ed279e4f139fbc03c8bd707a2cdd15f7260549052cbba79b7,46,6,45,            [STATICCALL] 0xA0b869..eB48.balanceOf(),STATICCALL,0xA0b86991c6218b36c1d19D4a2e9Eb0cE3606eB48,,balanceOf,yes,,1315,Return,0x46161158b1947D9149E066d6d31AF1283b2d377C,,,,,,
C23,reentrancy,test,yes,0x6bfd9e286e37061ed279e4f139fbc03c8bd707a2cdd15f7260549052cbba79b7,47,7,46,              [DELEGATECALL] 0xa2327a..bDCF.balanceOf(),DELEGATECALL,0xa2327a938Febf5FEC13baCFb16Ae10EcBc4cbDCF,,balanceOf,yes,,529,Return,0x46161158b1947D9149E066d6d31AF1283b2d377C,,,,,,
C23,reentrancy,test,yes,0x6bfd9e286e37061ed279e4f139fbc03c8bd707a2cdd15f7260549052cbba79b7,48,6,45,            [STATICCALL] 0xA0b869..eB48.balanceOf(),STATICCALL,0xA0b86991c6218b36c1d19D4a2e9Eb0cE3606eB48,,balanceOf,yes,,1315,Return,0x46161158b1947D9149E066d6d31AF1283b2d377C,,,,,,
C23,reentrancy,test,yes,0x6bfd9e286e37061ed279e4f139fbc03c8bd707a2cdd15f7260549052cbba79b7,49,7,48,              [DELEGATECALL] 0xa2327a..bDCF.balanceOf(),DELEGATECALL,0xa2327a938Febf5FEC13baCFb16Ae10EcBc4cbDCF,,balanceOf,yes,,529,Return,0x46161158b1947D9149E066d6d31AF1283b2d377C,,,,,,
C23,reentrancy,test,yes,0x6bfd9e286e37061ed279e4f139fbc03c8bd707a2cdd15f7260549052cbba79b7,50,5,39,          [DELEGATECALL] 0x08CD9D..f700.intakeNumeraireLPRatio(),DELEGATECALL,0x08CD9D993840ccA86546f4Ebf166C78c7d8ff700,,intakeNumeraireLPRatio,yes,,18954,Return,"500000000000000000 [5e17], 500000000000000000 [5e17], 0x46161158b1947D9149E066d6d31AF1283b2d377C, 1844674407370947551139059 [1.844e24]",,,,,,
C23,reentrancy,test,yes,0x6bfd9e286e37061ed279e4f139fbc03c8bd707a2cdd15f7260549052cbba79b7,51,6,50,            [STATICCALL] 0xebF209..aa52.balanceOf(),STATICCALL,0xebF2096E01455108bAdCbAF86cE30b6e5A72aa52,,balanceOf,yes,,1615,Return,0x46161158b1947D9149E066d6d31AF1283b2d377C,,,,,,
C23,reentrancy,test,yes,0x6bfd9e286e37061ed279e4f139fbc03c8bd707a2cdd15f7260549052cbba79b7,52,7,51,              [DELEGATECALL] 0x78fe13..b472.balanceOf(),DELEGATECALL,0x78fe13802Ba4E487F69c87850eA557CfC292b472,,balanceOf,yes,,836,Return,0x46161158b1947D9149E066d6d31AF1283b2d377C,,,,,,
C23,reentrancy,test,yes,0x6bfd9e286e37061ed279e4f139fbc03c8bd707a2cdd15f7260549052cbba79b7,53,6,50,            [STATICCALL] 0xA0b869..eB48.balanceOf(),STATICCALL,0xA0b86991c6218b36c1d19D4a2e9Eb0cE3606eB48,,balanceOf,yes,,1315,Return,0x46161158b1947D9149E066d6d31AF1283b2d377C,,,,,,
C23,reentrancy,test,yes,0x6bfd9e286e37061ed279e4f139fbc03c8bd707a2cdd15f7260549052cbba79b7,54,7,53,              [DELEGATECALL] 0xa2327a..bDCF.balanceOf(),DELEGATECALL,0xa2327a938Febf5FEC13baCFb16Ae10EcBc4cbDCF,,balanceOf,yes,,529,Return,0x46161158b1947D9149E066d6d31AF1283b2d377C,,,,,,
C23,reentrancy,test,yes,0x6bfd9e286e37061ed279e4f139fbc03c8bd707a2cdd15f7260549052cbba79b7,55,6,50,            [CALL] 0xebF209..aa52.transferFrom(),CALL,0xebF2096E01455108bAdCbAF86cE30b6e5A72aa52,,transferFrom,yes,,11279,Return,"0x6cFa86a352339E766FF1cA119c8C40824f41F22D, 0x46161158b1947D9149E066d6d31AF1283b2d377C, 2325581395325581 [2.325e15]",,,,,,
C23,reentrancy,test,yes,0x6bfd9e286e37061ed279e4f139fbc03c8bd707a2cdd15f7260549052cbba79b7,56,7,55,              [DELEGATECALL] 0x78fe13..b472.transferFrom(),DELEGATECALL,0x78fe13802Ba4E487F69c87850eA557CfC292b472,,transferFrom,yes,,10491,Return,"0x6cFa86a352339E766FF1cA119c8C40824f41F22D, 0x46161158b1947D9149E066d6d31AF1283b2d377C, 2325581395325581 [2.325e15]","Transfer(from: 0x6cFa86a352339E766FF1cA119c8C40824f41F22D, to: 0x46161158b1947D9149E066d6d31AF1283b2d377C, amount: 2325581395325581 [2.325e15])",,,,,
C23,reentrancy,test,yes,0x6bfd9e286e37061ed279e4f139fbc03c8bd707a2cdd15f7260549052cbba79b7,57,5,39,          [DELEGATECALL] 0xc2E645..AB95.intakeNumeraireLPRatio(),DELEGATECALL,0xc2E645C253FAf984B6Af2668798719b7c6AbAB95,,intakeNumeraireLPRatio,yes,,18167,Return,"500000000000000000 [5e17], 500000000000000000 [5e17], 0x46161158b1947D9149E066d6d31AF1283b2d377C, 1844674407370962771661645 [1.844e24]",,,,,,
C23,reentrancy,test,yes,0x6bfd9e286e37061ed279e4f139fbc03c8bd707a2cdd15f7260549052cbba79b7,58,6,57,            [STATICCALL] 0xA0b869..eB48.balanceOf(),STATICCALL,0xA0b86991c6218b36c1d19D4a2e9Eb0cE3606eB48,,balanceOf,yes,,1315,Return,0x46161158b1947D9149E066d6d31AF1283b2d377C,,,,,,
C23,reentrancy,test,yes,0x6bfd9e286e37061ed279e4f139fbc03c8bd707a2cdd15f7260549052cbba79b7,59,7,58,              [DELEGATECALL] 0xa2327a..bDCF.balanceOf(),DELEGATECALL,0xa2327a938Febf5FEC13baCFb16Ae10EcBc4cbDCF,,balanceOf,yes,,529,Return,0x46161158b1947D9149E066d6d31AF1283b2d377C,,,,,,
C23,reentrancy,test,yes,0x6bfd9e286e37061ed279e4f139fbc03c8bd707a2cdd15f7260549052cbba79b7,60,6,57,            [STATICCALL] 0xA0b869..eB48.balanceOf(),STATICCALL,0xA0b86991c6218b36c1d19D4a2e9Eb0cE3606eB48,,balanceOf,yes,,1315,Return,0x46161158b1947D9149E066d6d31AF1283b2d377C,,,,,,
C23,reentrancy,test,yes,0x6bfd9e286e37061ed279e4f139fbc03c8bd707a2cdd15f7260549052cbba79b7,61,7,60,              [DELEGATECALL] 0xa2327a..bDCF.balanceOf(),DELEGATECALL,0xa2327a938Febf5FEC13baCFb16Ae10EcBc4cbDCF,,balanceOf,yes,,529,Return,0x46161158b1947D9149E066d6d31AF1283b2d377C,,,,,,
C23,reentrancy,test,yes,0x6bfd9e286e37061ed279e4f139fbc03c8bd707a2cdd15f7260549052cbba79b7,62,6,57,            [CALL] 0xA0b869..eB48.transferFrom(),CALL,0xA0b86991c6218b36c1d19D4a2e9Eb0cE3606eB48,,transferFrom,yes,,10792,Return,"0x6cFa86a352339E766FF1cA119c8C40824f41F22D, 0x46161158b1947D9149E066d6d31AF1283b2d377C, 100000000000 [1e11]",,,,,,
C23,reentrancy,test,yes,0x6bfd9e286e37061ed279e4f139fbc03c8bd707a2cdd15f7260549052cbba79b7,63,7,62,              [DELEGATECALL] 0xa2327a..bDCF.transferFrom(),DELEGATECALL,0xa2327a938Febf5FEC13baCFb16Ae10EcBc4cbDCF,,transferFrom,yes,,9997,Return,"0x6cFa86a352339E766FF1cA119c8C40824f41F22D, 0x46161158b1947D9149E066d6d31AF1283b2d377C, 100000000000 [1e11]","Transfer(from: 0x6cFa86a352339E766FF1cA119c8C40824f41F22D, to: 0x46161158b1947D9149E066d6d31AF1283b2d377C, amount: 100000000000 [1e11])",,,,,
C23,reentrancy,test,yes,0x6bfd9e286e37061ed279e4f139fbc03c8bd707a2cdd15f7260549052cbba79b7,64,2,24,    [STATICCALL] 0xebF209..aa52.balanceOf(),STATICCALL,0xebF2096E01455108bAdCbAF86cE30b6e5A72aa52,,balanceOf,yes,,1615,Return,0x46161158b1947D9149E066d6d31AF1283b2d377C,,,,,,
C23,reentrancy,test,yes,0x6bfd9e286e37061ed279e4f139fbc03c8bd707a2cdd15f7260549052cbba79b7,65,3,64,      [DELEGATECALL] 0x78fe13..b472.balanceOf(),DELEGATECALL,0x78fe13802Ba4E487F69c87850eA557CfC292b472,,balanceOf,yes,,836,Return,0x46161158b1947D9149E066d6d31AF1283b2d377C,,,,,,
C23,reentrancy,test,yes,0x6bfd9e286e37061ed279e4f139fbc03c8bd707a2cdd15f7260549052cbba79b7,66,2,24,    [STATICCALL] 0xA0b869..eB48.balanceOf(),STATICCALL,0xA0b86991c6218b36c1d19D4a2e9Eb0cE3606eB48,,balanceOf,yes,,1315,Return,0x46161158b1947D9149E066d6d31AF1283b2d377C,,,,,,
C23,reentrancy,test,yes,0x6bfd9e286e37061ed279e4f139fbc03c8bd707a2cdd15f7260549052cbba79b7,67,3,66,      [DELEGATECALL] 0xa2327a..bDCF.balanceOf(),DELEGATECALL,0xa2327a938Febf5FEC13baCFb16Ae10EcBc4cbDCF,,balanceOf,yes,,529,Return,0x46161158b1947D9149E066d6d31AF1283b2d377C,,,,,,
C23,reentrancy,test,yes,0x6bfd9e286e37061ed279e4f139fbc03c8bd707a2cdd15f7260549052cbba79b7,68,2,24,    [CALL] 0xebF209..aa52.transfer(),CALL,0xebF2096E01455108bAdCbAF86cE30b6e5A72aa52,,transfer,yes,,12221,Return,"0x27E843260c71443b4CC8cB6bF226C3f77b9695AF, 13953488371953 [1.395e13]",,,,,,
C23,reentrancy,test,yes,0x6bfd9e286e37061ed279e4f139fbc03c8bd707a2cdd15f7260549052cbba79b7,69,3,68,      [DELEGATECALL] 0x78fe13..b472.transfer(),DELEGATECALL,0x78fe13802Ba4E487F69c87850eA557CfC292b472,,transfer,yes,,11439,Return,"0x27E843260c71443b4CC8cB6bF226C3f77b9695AF, 13953488371953 [1.395e13]","Transfer(from: 0x46161158b1947D9149E066d6d31AF1283b2d377C, to: 0x27E843260c71443b4CC8cB6bF226C3f77b9695AF, amount: 13953488371953 [1.395e13])",,,,,
C23,reentrancy,test,yes,0x6bfd9e286e37061ed279e4f139fbc03c8bd707a2cdd15f7260549052cbba79b7,70,2,24,    [CALL] 0xA0b869..eB48.transfer(),CALL,0xA0b86991c6218b36c1d19D4a2e9Eb0cE3606eB48,,transfer,yes,,11617,Return,"0x27E843260c71443b4CC8cB6bF226C3f77b9695AF, 600000000 [6e8]",,,,,,
C23,reentrancy,test,yes,0x6bfd9e286e37061ed279e4f139fbc03c8bd707a2cdd15f7260549052cbba79b7,71,3,70,      [DELEGATECALL] 0xa2327a..bDCF.transfer(),DELEGATECALL,0xa2327a938Febf5FEC13baCFb16Ae10EcBc4cbDCF,,transfer,yes,,10828,Return,"0x27E843260c71443b4CC8cB6bF226C3f77b9695AF, 600000000 [6e8]","Transfer(from: 0x46161158b1947D9149E066d6d31AF1283b2d377C, to: 0x27E843260c71443b4CC8cB6bF226C3f77b9695AF, amount: 600000000 [6e8])",,,,,
C23,reentrancy,test,yes,0x6bfd9e286e37061ed279e4f139fbc03c8bd707a2cdd15f7260549052cbba79b7,72,1,1,  [STATICCALL] 0x461611..377C.balanceOf(),STATICCALL,0x46161158b1947D9149E066d6d31AF1283b2d377C,victim,balanceOf,yes,,583,Return,0x6cFa86a352339E766FF1cA119c8C40824f41F22D,,,,,,
C23,reentrancy,test,yes,0x6bfd9e286e37061ed279e4f139fbc03c8bd707a2cdd15f7260549052cbba79b7,73,1,1,  [CALL] 0x461611..377C.withdraw(),CALL,0x46161158b1947D9149E066d6d31AF1283b2d377C,victim,withdraw,yes,,91104,Return,"387023837944937266146579 [3.87e23], 16666017386600 [1.666e13]",,,,,,
C23,reentrancy,test,yes,0x6bfd9e286e37061ed279e4f139fbc03c8bd707a2cdd15f7260549052cbba79b7,74,2,73,    [DELEGATECALL] 0x5fcA00..be0f.44fd3db0(),DELEGATECALL,0x5fcA000F8A1eF45Fe2412A8e305FF36D8757be0f,,44fd3db0,no,,85776,Return,00000000000000000000000000000000000000000000000000000000000000000000000000000000000000000000000000000000000051f49ab316beacf1ed13,"Transfer(from: 0x6cFa86a352339E766FF1cA119c8C40824f41F22D, to: 0x0000000000000000000000000000000000000000, amount: 387023837944937266146579 [3.87e23])",,,,,
C23,reentrancy,test,yes,0x6bfd9e286e37061ed279e4f139fbc03c8bd707a2cdd15f7260549052cbba79b7,75,3,74,      [STATICCALL] 0x08CD9D..f700.viewNumeraireBalance(),STATICCALL,0x08CD9D993840ccA86546f4Ebf166C78c7d8ff700,,viewNumeraireBalance,yes,,22434,Return,0x46161158b1947D9149E066d6d31AF1283b2d377C,,,,,,
C23,reentrancy,test,yes,0x6bfd9e286e37061ed279e4f139fbc03c8bd707a2cdd15f7260549052cbba79b7,76,4,75,        [STATICCALL] 0x91b99C..7030.latestRoundData(),STATICCALL,0x91b99C9b75aF469a71eE1AB528e8da994A5D7030,,latestRoundData,yes,,15643,Return,,,,,,,
C23,reentrancy,test,yes,0x6bfd9e286e37061ed279e4f139fbc03c8bd707a2cdd15f7260549052cbba79b7,77,5,76,          [STATICCALL] 0x156710..5c9A.latestRoundData(),STATICCALL,0x156710f56dC5F0C022505A9ffE95b0b51A7c5c9A,,latestRoundData,yes,,7410,Return,,,,,,,
C23,reentrancy,test,yes,0x6bfd9e286e37061ed279e4f139fbc03c8bd707a2cdd15f7260549052cbba79b7,78,4,75,        [STATICCALL] 0xebF209..aa52.balanceOf(),STATICCALL,0xebF2096E01455108bAdCbAF86cE30b6e5A72aa52,,balanceOf,yes,,1615,Return,0x46161158b1947D9149E066d6d31AF1283b2d377C,,,,,,
C23,reentrancy,test,yes,0x6bfd9e286e37061ed279e4f139fbc03c8bd707a2cdd15f7260549052cbba79b7,79,5,78,          [DELEGATECALL] 0x78fe13..b472.balanceOf(),DELEGATECALL,0x78fe13802Ba4E487F69c87850eA557CfC292b472,,balanceOf,yes,,836,Return,0x46161158b1947D9149E066d6d31AF1283b2d377C,,,,,,
C23,reentrancy,test,yes,0x6bfd9e286e37061ed279e4f139fbc03c8bd707a2cdd15f7260549052cbba79b7,80,3,74,      [STATICCALL] 0xc2E645..AB95.viewNumeraireBalance(),STATICCALL,0xc2E645C253FAf984B6Af2668798719b7c6AbAB95,,viewNumeraireBalance,yes,,22134,Return,0x46161158b1947D9149E066d6d31AF1283b2d377C,,,,,,
C23,reentrancy,test,yes,0x6bfd9e286e37061ed279e4f139fbc03c8bd707a2cdd15f7260549052cbba79b7,81,4,80,        [STATICCALL] 0x8fFfFf..18f6.latestRoundData(),STATICCALL,0x8fFfFfd4AfB6115b954Bd326cbe7B4BA576818f6,,latestRoundData,yes,,15643,Return,,,,,,,
C23,reentrancy,test,yes,0x6bfd9e286e37061ed279e4f139fbc03c8bd707a2cdd15f7260549052cbba79b7,82,5,81,          [STATICCALL] 0x789190..A26C.latestRoundData(),STATICCALL,0x789190466E21a8b78b8027866CBBDc151542A26C,,latestRoundData,yes,,7410,Return,,,,,,,
C23,reentrancy,test,yes,0x6bfd9e286e37061ed279e4f139fbc03c8bd707a2cdd15f7260549052cbba79b7,83,4,80,        [STATICCALL] 0xA0b869..eB48.balanceOf(),STATICCALL,0xA0b86991c6218b36c1d19D4a2e9Eb0cE3606eB48,,balanceOf,yes,,1315,Return,0x46161158b1947D9149E066d6d31AF1283b2d377C,,,,,,
C23,reentrancy,test,yes,0x6bfd9e286e37061ed279e4f139fbc03c8bd707a2cdd15f7260549052cbba79b7,84,5,83,          [DELEGATECALL] 0xa2327a..bDCF.balanceOf(),DELEGATECALL,0xa2327a938Febf5FEC13baCFb16Ae10EcBc4cbDCF,,balanceOf,yes,,529,Return,0x46161158b1947D9149E066d6d31AF1283b2d377C,,,,,,
C23,reentrancy,test,yes,0x6bfd9e286e37061ed279e4f139fbc03c8bd707a2cdd15f7260549052cbba79b7,85,3,74,      [DELEGATECALL] 0x08CD9D..f700.outputNumeraire(),DELEGATECALL,0x08CD9D993840ccA86546f4Ebf166C78c7d8ff700,,outputNumeraire,yes,,15070,Return,"0x6cFa86a352339E766FF1cA119c8C40824f41F22D, 2702559414789168101397823 [2.702e24]",,,,,,
C23,reentrancy,test,yes,0x6bfd9e286e37061ed279e4f139fbc03c8bd707a2cdd15f7260549052cbba79b7,86,4,85,        [STATICCALL] 0x91b99C..7030.latestRoundData(),STATICCALL,0x91b99C9b75aF469a71eE1AB528e8da994A5D7030,,latestRoundData,yes,,3143,Return,,,,,,,
C23,reentrancy,test,yes,0x6bfd9e286e37061ed279e4f139fbc03c8bd707a2cdd15f7260549052cbba79b7,87,5,86,          [STATICCALL] 0x156710..5c9A.latestRoundData(),STATICCALL,0x156710f56dC5F0C022505A9ffE95b0b51A7c5c9A,,latestRoundData,yes,,1410,Return,,,,,,,
C23,reentrancy,test,yes,0x6bfd9e286e37061ed279e4f139fbc03c8bd707a2cdd15f7260549052cbba79b7,88,4,85,        [CALL] 0xebF209..aa52.transfer(),CALL,0xebF2096E01455108bAdCbAF86cE30b6e5A72aa52,,transfer,yes,,8221,Return,"0x6cFa86a352339E766FF1cA119c8C40824f41F22D, 2283092402041452 [2.283e15]",,,,,,
C23,reentrancy,test,yes,0x6bfd9e286e37061ed279e4f139fbc03c8bd707a2cdd15f7260549052cbba79b7,89,5,88,          [DELEGATECALL] 0x78fe13..b472.transfer(),DELEGATECALL,0x78fe13802Ba4E487F69c87850eA557CfC292b472,,transfer,yes,,7439,Return,"0x6cFa86a352339E766FF1cA119c8C40824f41F22D, 2283092402041452 [2.283e15]","Transfer(from: 0x46161158b1947D9149E066d6d31AF1283b2d377C, to: 0x6cFa86a352339E766FF1cA119c8C40824f41F22D, amount: 2283092402041452 [2.283e15])",,,,,
C23,reentrancy,test,yes,0x6bfd9e286e37061ed279e4f139fbc03c8bd707a2cdd15f7260549052cbba79b7,90,3,74,      [DELEGATECALL] 0xc2E645..AB95.outputNumeraire(),DELEGATECALL,0xc2E645C253FAf984B6Af2668798719b7c6AbAB95,,outputNumeraire,yes,,14466,Return,"0x6cFa86a352339E766FF1cA119c8C40824f41F22D, 1841898904115402453108322 [1.841e24]",,,,,,
C23,reentrancy,test,yes,0x6bfd9e286e37061ed279e4f139fbc03c8bd707a2cdd15f7260549052cbba79b7,91,4,90,        [STATICCALL] 0x8fFfFf..18f6.latestRoundData(),STATICCALL,0x8fFfFfd4AfB6115b954Bd326cbe7B4BA576818f6,,latestRoundData,yes,,3143,Return,,,,,,,
C23,reentrancy,test,yes,0x6bfd9e286e37061ed279e4f139fbc03c8bd707a2cdd15f7260549052cbba79b7,92,5,91,          [STATICCALL] 0x789190..A26C.latestRoundData(),STATICCALL,0x789190466E21a8b78b8027866CBBDc151542A26C,,latestRoundData,yes,,1410,Return,,,,,,,
C23,reentrancy,test,yes,0x6bfd9e286e37061ed279e4f139fbc03c8bd707a2cdd15f7260549052cbba79b7,93,4,90,        [CALL] 0xA0b869..eB48.transfer(),CALL,0xA0b86991c6218b36c1d19D4a2e9Eb0cE3606eB48,,transfer,yes,,7617,Return,"0x6cFa86a352339E766FF1cA119c8C40824f41F22D, 99866263271 [9.986e10]",,,,,,
C23,reentrancy,test,yes,0x6bfd9e286e37061ed279e4f139fbc03c8bd707a2cdd15f7260549052cbba79b7,94,5,93,          [DELEGATECALL] 0xa2327a..bDCF.transfer(),DELEGATECALL,0xa2327a938Febf5FEC13baCFb16Ae10EcBc4cbDCF,,transfer,yes,,6828,Return,"0x6cFa86a352339E766FF1cA119c8C40824f41F22D, 99866263271 [9.986e10]","Transfer(from: 0x46161158b1947D9149E066d6d31AF1283b2d377C, to: 0x6cFa86a352339E766FF1cA119c8C40824f41F22D, amount: 99866263271 [9.986e10])",,,,,
C24,reentrancy,test,yes,0x0eb8f8d148508e752d9643ccf49ac4cb0c21cbad346b5bbcf2d06974d31bd5c4,1,0,,[CALL] 0x8d4dE2..D12a.e8b00990() value=600000000000000000,CALL,0x8d4dE2Bc1a566b266bD4B387f62C21e15474D12a,attack_contract,e8b00990,no,600000000000000000,796282,Stop,,,,,,,
C24,reentrancy,test,yes,0x0eb8f8d148508e752d9643ccf49ac4cb0c21cbad346b5bbcf2d06974d31bd5c4,2,1,1,  [CALL] 0x52d69c..dBD6.makeBid() value=294000000000000000,CALL,0x52d69c67536f55EfEfe02941868e5e762538dBD6,victim,makeBid,yes,294000000000000000,29901,Stop,,,yes,,,,
C24,reentrancy,test,yes,0x0eb8f8d148508e752d9643ccf49ac4cb0c21cbad346b5bbcf2d06974d31bd5c4,3,2,2,    [CALL] 0x1298EF..9B80.receive() value=3675000000000001,CALL,0x1298EF04e9e878DaE51e605816ce3E6A99aD9B80,,receive,yes,3675000000000001,4429,Stop,,,,,,,
C24,reentrancy,test,yes,0x0eb8f8d148508e752d9643ccf49ac4cb0c21cbad346b5bbcf2d06974d31bd5c4,4,1,1,  [STATICCALL] 0x52d69c..dBD6.newBidEtherMin(),STATICCALL,0x52d69c67536f55EfEfe02941868e5e762538dBD6,victim,newBidEtherMin,yes,,518,Return,,,,,,,
C24,reentrancy,test,yes,0x0eb8f8d148508e752d9643ccf49ac4cb0c21cbad346b5bbcf2d06974d31bd5c4,5,1,1,  [CALL] 0x52d69c..dBD6.makeBid() value=14700000000000001,CALL,0x52d69c67536f55EfEfe02941868e5e762538dBD6,victim,makeBid,yes,14700000000000001,728775,Stop,,,yes,,,,
C24,reentrancy,test,yes,0x0eb8f8d148508e752d9643ccf49ac4cb0c21cbad346b5bbcf2d06974d31bd5c4,6,2,5,    [CALL] 0x8d4dE2..D12a.receive() value=294000000000000000,CALL,0x8d4dE2Bc1a566b266bD4B387f62C21e15474D12a,attack_contract,receive,yes,294000000000000000,720203,Stop,,,,,,,
C24,reentrancy,test,yes,0x0eb8f8d148508e752d9643ccf49ac4cb0c21cbad346b5bbcf2d06974d31bd5c4,7,3,6,      [STATICCALL] 0x52d69c..dBD6.newBidEtherMin(),STATICCALL,0x52d69c67536f55EfEfe02941868e5e762538dBD6,victim,newBidEtherMin,yes,,518,Return,,,,,,,
C24,reentrancy,test,yes,0x0eb8f8d148508e752d9643ccf49ac4cb0c21cbad346b5bbcf2d06974d31bd5c4,8,3,6,      [CALL] 0x52d69c..dBD6.makeBid() value=14700000000000001,CALL,0x52d69c67536f55EfEfe02941868e5e762538dBD6,victim,makeBid,yes,14700000000000001,687481,Stop,,,yes,,,,
C24,reentrancy,test,yes,0x0eb8f8d148508e752d9643ccf49ac4cb0c21cbad346b5bbcf2d06974d31bd5c4,9,4,8,        [CALL] 0x8d4dE2..D12a.receive() value=294000000000000000,CALL,0x8d4dE2Bc1a566b266bD4B387f62C21e15474D12a,attack_contract,receive,yes,294000000000000000,678909,Stop,,,,,,,
C24,reentrancy,test,yes,0x0eb8f8d148508e752d9643ccf49ac4cb0c21cbad346b5bbcf2d06974d31bd5c4,10,5,9,          [STATICCALL] 0x52d69c..dBD6.newBidEtherMin(),STATICCALL,0x52d69c67536f55EfEfe02941868e5e762538dBD6,victim,newBidEtherMin,yes,,518,Return,,,,,,,
C24,reentrancy,test,yes,0x0eb8f8d148508e752d9643ccf49ac4cb0c21cbad346b5bbcf2d06974d31bd5c4,11,5,9,          [CALL] 0x52d69c..dBD6.makeBid() value=14700000000000001,CALL,0x52d69c67536f55EfEfe02941868e5e762538dBD6,victim,makeBid,yes,14700000000000001,670087,Stop,,,yes,,,,
C24,reentrancy,test,yes,0x0eb8f8d148508e752d9643ccf49ac4cb0c21cbad346b5bbcf2d06974d31bd5c4,12,6,11,            [CALL] 0x8d4dE2..D12a.receive() value=294000000000000000,CALL,0x8d4dE2Bc1a566b266bD4B387f62C21e15474D12a,attack_contract,receive,yes,294000000000000000,661515,Stop,,,,,,,
C24,reentrancy,test,yes,0x0eb8f8d148508e752d9643ccf49ac4cb0c21cbad346b5bbcf2d06974d31bd5c4,13,7,12,              [STATICCALL] 0x52d69c..dBD6.newBidEtherMin(),STATICCALL,0x52d69c67536f55EfEfe02941868e5e762538dBD6,victim,newBidEtherMin,yes,,518,Return,,,,,,,
C24,reentrancy,test,yes,0x0eb8f8d148508e752d9643ccf49ac4cb0c21cbad346b5bbcf2d06974d31bd5c4,14,7,12,              [CALL] 0x52d69c..dBD6.makeBid() value=14700000000000001,CALL,0x52d69c67536f55EfEfe02941868e5e762538dBD6,victim,makeBid,yes,14700000000000001,652693,Stop,,,yes,,,,
C24,reentrancy,test,yes,0x0eb8f8d148508e752d9643ccf49ac4cb0c21cbad346b5bbcf2d06974d31bd5c4,15,8,14,                [CALL] 0x8d4dE2..D12a.receive() value=294000000000000000,CALL,0x8d4dE2Bc1a566b266bD4B387f62C21e15474D12a,attack_contract,receive,yes,294000000000000000,644121,Stop,,,,,,,
C24,reentrancy,test,yes,0x0eb8f8d148508e752d9643ccf49ac4cb0c21cbad346b5bbcf2d06974d31bd5c4,16,9,15,                  [STATICCALL] 0x52d69c..dBD6.newBidEtherMin(),STATICCALL,0x52d69c67536f55EfEfe02941868e5e762538dBD6,victim,newBidEtherMin,yes,,518,Return,,,,,,,
C24,reentrancy,test,yes,0x0eb8f8d148508e752d9643ccf49ac4cb0c21cbad346b5bbcf2d06974d31bd5c4,17,9,15,                  [CALL] 0x52d69c..dBD6.makeBid() value=14700000000000001,CALL,0x52d69c67536f55EfEfe02941868e5e762538dBD6,victim,makeBid,yes,14700000000000001,635299,Stop,,,yes,,,,
C24,reentrancy,test,yes,0x0eb8f8d148508e752d9643ccf49ac4cb0c21cbad346b5bbcf2d06974d31bd5c4,18,10,17,                    [CALL] 0x8d4dE2..D12a.receive() value=294000000000000000,CALL,0x8d4dE2Bc1a566b266bD4B387f62C21e15474D12a,attack_contract,receive,yes,294000000000000000,626727,Stop,,,,,,,
C24,reentrancy,test,yes,0x0eb8f8d148508e752d9643ccf49ac4cb0c21cbad346b5bbcf2d06974d31bd5c4,19,11,18,                      [STATICCALL] 0x52d69c..dBD6.newBidEtherMin(),STATICCALL,0x52d69c67536f55EfEfe02941868e5e762538dBD6,victim,newBidEtherMin,yes,,518,Return,,,,,,,
C24,reentrancy,test,yes,0x0eb8f8d148508e752d9643ccf49ac4cb0c21cbad346b5bbcf2d06974d31bd5c4,20,11,18,                      [CALL] 0x52d69c..dBD6.makeBid() value=14700000000000001,CALL,0x52d69c67536f55EfEfe02941868e5e762538dBD6,victim,makeBid,yes,14700000000000001,617905,Stop,,,yes,,,,
C24,reentrancy,test,yes,0x0eb8f8d148508e752d9643ccf49ac4cb0c21cbad346b5bbcf2d06974d31bd5c4,21,12,20,                        [CALL] 0x8d4dE2..D12a.receive() value=294000000000000000,CALL,0x8d4dE2Bc1a566b266bD4B387f62C21e15474D12a,attack_contract,receive,yes,294000000000000000,609333,Stop,,,,,,,
C24,reentrancy,test,yes,0x0eb8f8d148508e752d9643ccf49ac4cb0c21cbad346b5bbcf2d06974d31bd5c4,22,13,21,                          [STATICCALL] 0x52d69c..dBD6.newBidEtherMin(),STATICCALL,0x52d69c67536f55EfEfe02941868e5e762538dBD6,victim,newBidEtherMin,yes,,518,Return,,,,,,,
C24,reentrancy,test,yes,0x0eb8f8d148508e752d9643ccf49ac4cb0c21cbad346b5bbcf2d06974d31bd5c4,23,13,21,                          [CALL] 0x52d69c..dBD6.makeBid() value=14700000000000001,CALL,0x52d69c67536f55EfEfe02941868e5e762538dBD6,victim,makeBid,yes,14700000000000001,600511,Stop,,,yes,,,,
C24,reentrancy,test,yes,0x0eb8f8d148508e752d9643ccf49ac4cb0c21cbad346b5bbcf2d06974d31bd5c4,24,14,23,                            [CALL] 0x8d4dE2..D12a.receive() value=294000000000000000,CALL,0x8d4dE2Bc1a566b266bD4B387f62C21e15474D12a,attack_contract,receive,yes,294000000000000000,591939,Stop,,,,,,,
C24,reentrancy,test,yes,0x0eb8f8d148508e752d9643ccf49ac4cb0c21cbad346b5bbcf2d06974d31bd5c4,25,15,24,                              [STATICCALL] 0x52d69c..dBD6.newBidEtherMin(),STATICCALL,0x52d69c67536f55EfEfe02941868e5e762538dBD6,victim,newBidEtherMin,yes,,518,Return,,,,,,,
C24,reentrancy,test,yes,0x0eb8f8d148508e752d9643ccf49ac4cb0c21cbad346b5bbcf2d06974d31bd5c4,26,15,24,                              [CALL] 0x52d69c..dBD6.makeBid() value=14700000000000001,CALL,0x52d69c67536f55EfEfe02941868e5e762538dBD6,victim,makeBid,yes,14700000000000001,583117,Stop,,,yes,,,,
C24,reentrancy,test,yes,0x0eb8f8d148508e752d9643ccf49ac4cb0c21cbad346b5bbcf2d06974d31bd5c4,27,16,26,                                [CALL] 0x8d4dE2..D12a.receive() value=294000000000000000,CALL,0x8d4dE2Bc1a566b266bD4B387f62C21e15474D12a,attack_contract,receive,yes,294000000000000000,574545,Stop,,,,,,,
C24,reentrancy,test,yes,0x0eb8f8d148508e752d9643ccf49ac4cb0c21cbad346b5bbcf2d06974d31bd5c4,28,17,27,                                  [STATICCALL] 0x52d69c..dBD6.newBidEtherMin(),STATICCALL,0x52d69c67536f55EfEfe02941868e5e762538dBD6,victim,newBidEtherMin,yes,,518,Return,,,,,,,
C24,reentrancy,test,yes,0x0eb8f8d148508e752d9643ccf49ac4cb0c21cbad346b5bbcf2d06974d31bd5c4,29,17,27,                                  [CALL] 0x52d69c..dBD6.makeBid() value=14700000000000001,CALL,0x52d69c67536f55EfEfe02941868e5e762538dBD6,victim,makeBid,yes,14700000000000001,565723,Stop,,,yes,,,,
C24,reentrancy,test,yes,0x0eb8f8d148508e752d9643ccf49ac4cb0c21cbad346b5bbcf2d06974d31bd5c4,30,18,29,                                    [CALL] 0x8d4dE2..D12a.receive() value=294000000000000000,CALL,0x8d4dE2Bc1a566b266bD4B387f62C21e15474D12a,attack_contract,receive,yes,294000000000000000,557151,Stop,,,,,,,
C24,reentrancy,test,yes,0x0eb8f8d148508e752d9643ccf49ac4cb0c21cbad346b5bbcf2d06974d31bd5c4,31,19,30,                                      [STATICCALL] 0x52d69c..dBD6.newBidEtherMin(),STATICCALL,0x52d69c67536f55EfEfe02941868e5e762538dBD6,victim,newBidEtherMin,yes,,518,Return,,,,,,,
C24,reentrancy,test,yes,0x0eb8f8d148508e752d9643ccf49ac4cb0c21cbad346b5bbcf2d06974d31bd5c4,32,19,30,                                      [CALL] 0x52d69c..dBD6.makeBid() value=14700000000000001,CALL,0x52d69c67536f55EfEfe02941868e5e762538dBD6,victim,makeBid,yes,14700000000000001,548329,Stop,,,yes,,,,
C24,reentrancy,test,yes,0x0eb8f8d148508e752d9643ccf49ac4cb0c21cbad346b5bbcf2d06974d31bd5c4,33,20,32,                                        [CALL] 0x8d4dE2..D12a.receive() value=294000000000000000,CALL,0x8d4dE2Bc1a566b266bD4B387f62C21e15474D12a,attack_contract,receive,yes,294000000000000000,539757,Stop,,,,,,,
C24,reentrancy,test,yes,0x0eb8f8d148508e752d9643ccf49ac4cb0c21cbad346b5bbcf2d06974d31bd5c4,34,21,33,                                          [STATICCALL] 0x52d69c..dBD6.newBidEtherMin(),STATICCALL,0x52d69c67536f55EfEfe02941868e5e762538dBD6,victim,newBidEtherMin,yes,,518,Return,,,,,,,
C24,reentrancy,test,yes,0x0eb8f8d148508e752d9643ccf49ac4cb0c21cbad346b5bbcf2d06974d31bd5c4,35,21,33,                                          [CALL] 0x52d69c..dBD6.makeBid() value=14700000000000001,CALL,0x52d69c67536f55EfEfe02941868e5e762538dBD6,victim,makeBid,yes,14700000000000001,530935,Stop,,,yes,,,,
C24,reentrancy,test,yes,0x0eb8f8d148508e752d9643ccf49ac4cb0c21cbad346b5bbcf2d06974d31bd5c4,36,22,35,                                            [CALL] 0x8d4dE2..D12a.receive() value=294000000000000000,CALL,0x8d4dE2Bc1a566b266bD4B387f62C21e15474D12a,attack_contract,receive,yes,294000000000000000,522363,Stop,,,,,,,
C24,reentrancy,test,yes,0x0eb8f8d148508e752d9643ccf49ac4cb0c21cbad346b5bbcf2d06974d31bd5c4,37,23,36,                                              [STATICCALL] 0x52d69c..dBD6.newBidEtherMin(),STATICCALL,0x52d69c67536f55EfEfe02941868e5e762538dBD6,victim,newBidEtherMin,yes,,518,Return,,,,,,,
C24,reentrancy,test,yes,0x0eb8f8d148508e752d9643ccf49ac4cb0c21cbad346b5bbcf2d06974d31bd5c4,38,23,36,                                              [CALL] 0x52d69c..dBD6.makeBid() value=14700000000000001,CALL,0x52d69c67536f55EfEfe02941868e5e762538dBD6,victim,makeBid,yes,14700000000000001,513541,Stop,,,yes,,,,
C24,reentrancy,test,yes,0x0eb8f8d148508e752d9643ccf49ac4cb0c21cbad346b5bbcf2d06974d31bd5c4,39,24,38,                                                [CALL] 0x8d4dE2..D12a.receive() value=294000000000000000,CALL,0x8d4dE2Bc1a566b266bD4B387f62C21e15474D12a,attack_contract,receive,yes,294000000000000000,504969,Stop,,,,,,,
C24,reentrancy,test,yes,0x0eb8f8d148508e752d9643ccf49ac4cb0c21cbad346b5bbcf2d06974d31bd5c4,40,25,39,                                                  [STATICCALL] 0x52d69c..dBD6.newBidEtherMin(),STATICCALL,0x52d69c67536f55EfEfe02941868e5e762538dBD6,victim,newBidEtherMin,yes,,518,Return,,,,,,,
C24,reentrancy,test,yes,0x0eb8f8d148508e752d9643ccf49ac4cb0c21cbad346b5bbcf2d06974d31bd5c4,41,25,39,                                                  [CALL] 0x52d69c..dBD6.makeBid() value=14700000000000001,CALL,0x52d69c67536f55EfEfe02941868e5e762538dBD6,victim,makeBid,yes,14700000000000001,496147,Stop,,,yes,,,,
C24,reentrancy,test,yes,0x0eb8f8d148508e752d9643ccf49ac4cb0c21cbad346b5bbcf2d06974d31bd5c4,42,26,41,                                                    [CALL] 0x8d4dE2..D12a.receive() value=294000000000000000,CALL,0x8d4dE2Bc1a566b266bD4B387f62C21e15474D12a,attack_contract,receive,yes,294000000000000000,487575,Stop,,,,,,,
C24,reentrancy,test,yes,0x0eb8f8d148508e752d9643ccf49ac4cb0c21cbad346b5bbcf2d06974d31bd5c4,43,27,42,                                                      [STATICCALL] 0x52d69c..dBD6.newBidEtherMin(),STATICCALL,0x52d69c67536f55EfEfe02941868e5e762538dBD6,victim,newBidEtherMin,yes,,518,Return,,,,,,,
C24,reentrancy,test,yes,0x0eb8f8d148508e752d9643ccf49ac4cb0c21cbad346b5bbcf2d06974d31bd5c4,44,27,42,                                                      [CALL] 0x52d69c..dBD6.makeBid() value=14700000000000001,CALL,0x52d69c67536f55EfEfe02941868e5e762538dBD6,victim,makeBid,yes,14700000000000001,478753,Stop,,,yes,,,,
C24,reentrancy,test,yes,0x0eb8f8d148508e752d9643ccf49ac4cb0c21cbad346b5bbcf2d06974d31bd5c4,45,28,44,                                                        [CALL] 0x8d4dE2..D12a.receive() value=294000000000000000,CALL,0x8d4dE2Bc1a566b266bD4B387f62C21e15474D12a,attack_contract,receive,yes,294000000000000000,470181,Stop,,,,,,,
C24,reentrancy,test,yes,0x0eb8f8d148508e752d9643ccf49ac4cb0c21cbad346b5bbcf2d06974d31bd5c4,46,29,45,                                                          [STATICCALL] 0x52d69c..dBD6.newBidEtherMin(),STATICCALL,0x52d69c67536f55EfEfe02941868e5e762538dBD6,victim,newBidEtherMin,yes,,518,Return,,,,,,,
C24,reentrancy,test,yes,0x0eb8f8d148508e752d9643ccf49ac4cb0c21cbad346b5bbcf2d06974d31bd5c4,47,29,45,                                                          [CALL] 0x52d69c..dBD6.makeBid() value=14700000000000001,CALL,0x52d69c67536f55EfEfe02941868e5e762538dBD6,victim,makeBid,yes,14700000000000001,461359,Stop,,,yes,,,,
C24,reentrancy,test,yes,0x0eb8f8d148508e752d9643ccf49ac4cb0c21cbad346b5bbcf2d06974d31bd5c4,48,30,47,                                                            [CALL] 0x8d4dE2..D12a.receive() value=294000000000000000,CALL,0x8d4dE2Bc1a566b266bD4B387f62C21e15474D12a,attack_contract,receive,yes,294000000000000000,452787,Stop,,,,,,,
C24,reentrancy,test,yes,0x0eb8f8d148508e752d9643ccf49ac4cb0c21cbad346b5bbcf2d06974d31bd5c4,49,31,48,                                                              [STATICCALL] 0x52d69c..dBD6.newBidEtherMin(),STATICCALL,0x52d69c67536f55EfEfe02941868e5e762538dBD6,victim,newBidEtherMin,yes,,518,Return,,,,,,,
C24,reentrancy,test,yes,0x0eb8f8d148508e752d9643ccf49ac4cb0c21cbad346b5bbcf2d06974d31bd5c4,50,31,48,                                                              [CALL] 0x52d69c..dBD6.makeBid() value=14700000000000001,CALL,0x52d69c67536f55EfEfe02941868e5e762538dBD6,victim,makeBid,yes,14700000000000001,443965,Stop,,,yes,,,,
C24,reentrancy,test,yes,0x0eb8f8d148508e752d9643ccf49ac4cb0c21cbad346b5bbcf2d06974d31bd5c4,51,32,50,                                                                [CALL] 0x8d4dE2..D12a.receive() value=294000000000000000,CALL,0x8d4dE2Bc1a566b266bD4B387f62C21e15474D12a,attack_contract,receive,yes,294000000000000000,435393,Stop,,,,,,,
C24,reentrancy,test,yes,0x0eb8f8d148508e752d9643ccf49ac4cb0c21cbad346b5bbcf2d06974d31bd5c4,52,33,51,                                                                  [STATICCALL] 0x52d69c..dBD6.newBidEtherMin(),STATICCALL,0x52d69c67536f55EfEfe02941868e5e762538dBD6,victim,newBidEtherMin,yes,,518,Return,,,,,,,
C24,reentrancy,test,yes,0x0eb8f8d148508e752d9643ccf49ac4cb0c21cbad346b5bbcf2d06974d31bd5c4,53,33,51,                                                                  [CALL] 0x52d69c..dBD6.makeBid() value=14700000000000001,CALL,0x52d69c67536f55EfEfe02941868e5e762538dBD6,victim,makeBid,yes,14700000000000001,426571,Stop,,,yes,,,,
C24,reentrancy,test,yes,0x0eb8f8d148508e752d9643ccf49ac4cb0c21cbad346b5bbcf2d06974d31bd5c4,54,34,53,                                                                    [CALL] 0x8d4dE2..D12a.receive() value=294000000000000000,CALL,0x8d4dE2Bc1a566b266bD4B387f62C21e15474D12a,attack_contract,receive,yes,294000000000000000,417999,Stop,,,,,,,
C24,reentrancy,test,yes,0x0eb8f8d148508e752d9643ccf49ac4cb0c21cbad346b5bbcf2d06974d31bd5c4,55,35,54,                                                                      [STATICCALL] 0x52d69c..dBD6.newBidEtherMin(),STATICCALL,0x52d69c67536f55EfEfe02941868e5e762538dBD6,victim,newBidEtherMin,yes,,518,Return,,,,,,,
C24,reentrancy,test,yes,0x0eb8f8d148508e752d9643ccf49ac4cb0c21cbad346b5bbcf2d06974d31bd5c4,56,35,54,                                                                      [CALL] 0x52d69c..dBD6.makeBid() value=14700000000000001,CALL,0x52d69c67536f55EfEfe02941868e5e762538dBD6,victim,makeBid,yes,14700000000000001,409177,Stop,,,yes,,,,
C24,reentrancy,test,yes,0x0eb8f8d148508e752d9643ccf49ac4cb0c21cbad346b5bbcf2d06974d31bd5c4,57,36,56,                                                                        [CALL] 0x8d4dE2..D12a.receive() value=294000000000000000,CALL,0x8d4dE2Bc1a566b266bD4B387f62C21e15474D12a,attack_contract,receive,yes,294000000000000000,400605,Stop,,,,,,,
C24,reentrancy,test,yes,0x0eb8f8d148508e752d9643ccf49ac4cb0c21cbad346b5bbcf2d06974d31bd5c4,58,37,57,                                                                          [STATICCALL] 0x52d69c..dBD6.newBidEtherMin(),STATICCALL,0x52d69c67536f55EfEfe02941868e5e762538dBD6,victim,newBidEtherMin,yes,,518,Return,,,,,,,
C24,reentrancy,test,yes,0x0eb8f8d148508e752d9643ccf49ac4cb0c21cbad346b5bbcf2d06974d31bd5c4,59,37,57,                                                                          [CALL] 0x52d69c..dBD6.makeBid() value=14700000000000001,CALL,0x52d69c67536f55EfEfe02941868e5e762538dBD6,victim,makeBid,yes,14700000000000001,391783,Stop,,,yes,,,,
C24,reentrancy,test,yes,0x0eb8f8d148508e752d9643ccf49ac4cb0c21cbad346b5bbcf2d06974d31bd5c4,60,38,59,                                                                            [CALL] 0x8d4dE2..D12a.receive() value=294000000000000000,CALL,0x8d4dE2Bc1a566b266bD4B387f62C21e15474D12a,attack_contract,receive,yes,294000000000000000,383211,Stop,,,,,,,
C24,reentrancy,test,yes,0x0eb8f8d148508e752d9643ccf49ac4cb0c21cbad346b5bbcf2d06974d31bd5c4,61,39,60,                                                                              [STATICCALL] 0x52d69c..dBD6.newBidEtherMin(),STATICCALL,0x52d69c67536f55EfEfe02941868e5e762538dBD6,victim,newBidEtherMin,yes,,518,Return,,,,,,,
C24,reentrancy,test,yes,0x0eb8f8d148508e752d9643ccf49ac4cb0c21cbad346b5bbcf2d06974d31bd5c4,62,39,60,                                                                              [CALL] 0x52d69c..dBD6.makeBid() value=14700000000000001,CALL,0x52d69c67536f55EfEfe02941868e5e762538dBD6,victim,makeBid,yes,14700000000000001,374389,Stop,,,yes,,,,
C24,reentrancy,test,yes,0x0eb8f8d148508e752d9643ccf49ac4cb0c21cbad346b5bbcf2d06974d31bd5c4,63,40,62,                                                                                [CALL] 0x8d4dE2..D12a.receive() value=294000000000000000,CALL,0x8d4dE2Bc1a566b266bD4B387f62C21e15474D12a,attack_contract,receive,yes,294000000000000000,365817,Stop,,,,,,,
C24,reentrancy,test,yes,0x0eb8f8d148508e752d9643ccf49ac4cb0c21cbad346b5bbcf2d06974d31bd5c4,64,41,63,                                                                                  [STATICCALL] 0x52d69c..dBD6.newBidEtherMin(),STATICCALL,0x52d69c67536f55EfEfe02941868e5e762538dBD6,victim,newBidEtherMin,yes,,518,Return,,,,,,,
C24,reentrancy,test,yes,0x0eb8f8d148508e752d9643ccf49ac4cb0c21cbad346b5bbcf2d06974d31bd5c4,65,41,63,                                                                                  [CALL] 0x52d69c..dBD6.makeBid() value=14700000000000001,CALL,0x52d69c67536f55EfEfe02941868e5e762538dBD6,victim,makeBid,yes,14700000000000001,356995,Stop,,,yes,,,,
C24,reentrancy,test,yes,0x0eb8f8d148508e752d9643ccf49ac4cb0c21cbad346b5bbcf2d06974d31bd5c4,66,42,65,                                                                                    [CALL] 0x8d4dE2..D12a.receive() value=294000000000000000,CALL,0x8d4dE2Bc1a566b266bD4B387f62C21e15474D12a,attack_contract,receive,yes,294000000000000000,348423,Stop,,,,,,,
C24,reentrancy,test,yes,0x0eb8f8d148508e752d9643ccf49ac4cb0c21cbad346b5bbcf2d06974d31bd5c4,67,43,66,                                                                                      [STATICCALL] 0x52d69c..dBD6.newBidEtherMin(),STATICCALL,0x52d69c67536f55EfEfe02941868e5e762538dBD6,victim,newBidEtherMin,yes,,518,Return,,,,,,,
C24,reentrancy,test,yes,0x0eb8f8d148508e752d9643ccf49ac4cb0c21cbad346b5bbcf2d06974d31bd5c4,68,43,66,                                                                                      [CALL] 0x52d69c..dBD6.makeBid() value=14700000000000001,CALL,0x52d69c67536f55EfEfe02941868e5e762538dBD6,victim,makeBid,yes,14700000000000001,339601,Stop,,,yes,,,,
C24,reentrancy,test,yes,0x0eb8f8d148508e752d9643ccf49ac4cb0c21cbad346b5bbcf2d06974d31bd5c4,69,44,68,                                                                                        [CALL] 0x8d4dE2..D12a.receive() value=294000000000000000,CALL,0x8d4dE2Bc1a566b266bD4B387f62C21e15474D12a,attack_contract,receive,yes,294000000000000000,331029,Stop,,,,,,,
C24,reentrancy,test,yes,0x0eb8f8d148508e752d9643ccf49ac4cb0c21cbad346b5bbcf2d06974d31bd5c4,70,45,69,                                                                                          [STATICCALL] 0x52d69c..dBD6.newBidEtherMin(),STATICCALL,0x52d69c67536f55EfEfe02941868e5e762538dBD6,victim,newBidEtherMin,yes,,518,Return,,,,,,,
C24,reentrancy,test,yes,0x0eb8f8d148508e752d9643ccf49ac4cb0c21cbad346b5bbcf2d06974d31bd5c4,71,45,69,                                                                                          [CALL] 0x52d69c..dBD6.makeBid() value=14700000000000001,CALL,0x52d69c67536f55EfEfe02941868e5e762538dBD6,victim,makeBid,yes,14700000000000001,322207,Stop,,,yes,,,,
C24,reentrancy,test,yes,0x0eb8f8d148508e752d9643ccf49ac4cb0c21cbad346b5bbcf2d06974d31bd5c4,72,46,71,                                                                                            [CALL] 0x8d4dE2..D12a.receive() value=294000000000000000,CALL,0x8d4dE2Bc1a566b266bD4B387f62C21e15474D12a,attack_contract,receive,yes,294000000000000000,313635,Stop,,,,,,,
C24,reentrancy,test,yes,0x0eb8f8d148508e752d9643ccf49ac4cb0c21cbad346b5bbcf2d06974d31bd5c4,73,47,72,                                                                                              [STATICCALL] 0x52d69c..dBD6.newBidEtherMin(),STATICCALL,0x52d69c67536f55EfEfe02941868e5e762538dBD6,victim,newBidEtherMin,yes,,518,Return,,,,,,,
C24,reentrancy,test,yes,0x0eb8f8d148508e752d9643ccf49ac4cb0c21cbad346b5bbcf2d06974d31bd5c4,74,47,72,                                                                                              [CALL] 0x52d69c..dBD6.makeBid() value=14700000000000001,CALL,0x52d69c67536f55EfEfe02941868e5e762538dBD6,victim,makeBid,yes,14700000000000001,304813,Stop,,,yes,,,,
C24,reentrancy,test,yes,0x0eb8f8d148508e752d9643ccf49ac4cb0c21cbad346b5bbcf2d06974d31bd5c4,75,48,74,                                                                                                [CALL] 0x8d4dE2..D12a.receive() value=294000000000000000,CALL,0x8d4dE2Bc1a566b266bD4B387f62C21e15474D12a,attack_contract,receive,yes,294000000000000000,296241,Stop,,,,,,,
C24,reentrancy,test,yes,0x0eb8f8d148508e752d9643ccf49ac4cb0c21cbad346b5bbcf2d06974d31bd5c4,76,49,75,                                                                                                  [STATICCALL] 0x52d69c..dBD6.newBidEtherMin(),STATICCALL,0x52d69c67536f55EfEfe02941868e5e762538dBD6,victim,newBidEtherMin,yes,,518,Return,,,,,,,
C24,reentrancy,test,yes,0x0eb8f8d148508e752d9643ccf49ac4cb0c21cbad346b5bbcf2d06974d31bd5c4,77,49,75,                                                                                                  [CALL] 0x52d69c..dBD6.makeBid() value=14700000000000001,CALL,0x52d69c67536f55EfEfe02941868e5e762538dBD6,victim,makeBid,yes,14700000000000001,287419,Stop,,,yes,,,,
C24,reentrancy,test,yes,0x0eb8f8d148508e752d9643ccf49ac4cb0c21cbad346b5bbcf2d06974d31bd5c4,78,50,77,                                                                                                    [CALL] 0x8d4dE2..D12a.receive() value=294000000000000000,CALL,0x8d4dE2Bc1a566b266bD4B387f62C21e15474D12a,attack_contract,receive,yes,294000000000000000,278847,Stop,,,,,,,
C24,reentrancy,test,yes,0x0eb8f8d148508e752d9643ccf49ac4cb0c21cbad346b5bbcf2d06974d31bd5c4,79,51,78,                                                                                                      [STATICCALL] 0x52d69c..dBD6.newBidEtherMin(),STATICCALL,0x52d69c67536f55EfEfe02941868e5e762538dBD6,victim,newBidEtherMin,yes,,518,Return,,,,,,,
C24,reentrancy,test,yes,0x0eb8f8d148508e752d9643ccf49ac4cb0c21cbad346b5bbcf2d06974d31bd5c4,80,51,78,                                                                                                      [CALL] 0x52d69c..dBD6.makeBid() value=14700000000000001,CALL,0x52d69c67536f55EfEfe02941868e5e762538dBD6,victim,makeBid,yes,14700000000000001,270025,Stop,,,yes,,,,
C24,reentrancy,test,yes,0x0eb8f8d148508e752d9643ccf49ac4cb0c21cbad346b5bbcf2d06974d31bd5c4,81,52,80,                                                                                                        [CALL] 0x8d4dE2..D12a.receive() value=294000000000000000,CALL,0x8d4dE2Bc1a566b266bD4B387f62C21e15474D12a,attack_contract,receive,yes,294000000000000000,261453,Stop,,,,,,,
C24,reentrancy,test,yes,0x0eb8f8d148508e752d9643ccf49ac4cb0c21cbad346b5bbcf2d06974d31bd5c4,82,53,81,                                                                                                          [STATICCALL] 0x52d69c..dBD6.newBidEtherMin(),STATICCALL,0x52d69c67536f55EfEfe02941868e5e762538dBD6,victim,newBidEtherMin,yes,,518,Return,,,,,,,
C24,reentrancy,test,yes,0x0eb8f8d148508e752d9643ccf49ac4cb0c21cbad346b5bbcf2d06974d31bd5c4,83,53,81,                                                                                                          [CALL] 0x52d69c..dBD6.makeBid() value=14700000000000001,CALL,0x52d69c67536f55EfEfe02941868e5e762538dBD6,victim,makeBid,yes,14700000000000001,252631,Stop,,,yes,,,,
C24,reentrancy,test,yes,0x0eb8f8d148508e752d9643ccf49ac4cb0c21cbad346b5bbcf2d06974d31bd5c4,84,54,83,                                                                                                            [CALL] 0x8d4dE2..D12a.receive() value=294000000000000000,CALL,0x8d4dE2Bc1a566b266bD4B387f62C21e15474D12a,attack_contract,receive,yes,294000000000000000,244059,Stop,,,,,,,
C24,reentrancy,test,yes,0x0eb8f8d148508e752d9643ccf49ac4cb0c21cbad346b5bbcf2d06974d31bd5c4,85,55,84,                                                                                                              [STATICCALL] 0x52d69c..dBD6.newBidEtherMin(),STATICCALL,0x52d69c67536f55EfEfe02941868e5e762538dBD6,victim,newBidEtherMin,yes,,518,Return,,,,,,,
C24,reentrancy,test,yes,0x0eb8f8d148508e752d9643ccf49ac4cb0c21cbad346b5bbcf2d06974d31bd5c4,86,55,84,                                                                                                              [CALL] 0x52d69c..dBD6.makeBid() value=14700000000000001,CALL,0x52d69c67536f55EfEfe02941868e5e762538dBD6,victim,makeBid,yes,14700000000000001,235237,Stop,,,yes,,,,
C24,reentrancy,test,yes,0x0eb8f8d148508e752d9643ccf49ac4cb0c21cbad346b5bbcf2d06974d31bd5c4,87,56,86,                                                                                                                [CALL] 0x8d4dE2..D12a.receive() value=294000000000000000,CALL,0x8d4dE2Bc1a566b266bD4B387f62C21e15474D12a,attack_contract,receive,yes,294000000000000000,226665,Stop,,,,,,,
C24,reentrancy,test,yes,0x0eb8f8d148508e752d9643ccf49ac4cb0c21cbad346b5bbcf2d06974d31bd5c4,88,57,87,                                                                                                                  [STATICCALL] 0x52d69c..dBD6.newBidEtherMin(),STATICCALL,0x52d69c67536f55EfEfe02941868e5e762538dBD6,victim,newBidEtherMin,yes,,518,Return,,,,,,,
C24,reentrancy,test,yes,0x0eb8f8d148508e752d9643ccf49ac4cb0c21cbad346b5bbcf2d06974d31bd5c4,89,57,87,                                                                                                                  [CALL] 0x52d69c..dBD6.makeBid() value=14700000000000001,CALL,0x52d69c67536f55EfEfe02941868e5e762538dBD6,victim,makeBid,yes,14700000000000001,217843,Stop,,,yes,,,,
C24,reentrancy,test,yes,0x0eb8f8d148508e752d9643ccf49ac4cb0c21cbad346b5bbcf2d06974d31bd5c4,90,58,89,                                                                                                                    [CALL] 0x8d4dE2..D12a.receive() value=294000000000000000,CALL,0x8d4dE2Bc1a566b266bD4B387f62C21e15474D12a,attack_contract,receive,yes,294000000000000000,209271,Stop,,,,,,,
C24,reentrancy,test,yes,0x0eb8f8d148508e752d9643ccf49ac4cb0c21cbad346b5bbcf2d06974d31bd5c4,91,59,90,                                                                                                                      [STATICCALL] 0x52d69c..dBD6.newBidEtherMin(),STATICCALL,0x52d69c67536f55EfEfe02941868e5e762538dBD6,victim,newBidEtherMin,yes,,518,Return,,,,,,,
C24,reentrancy,test,yes,0x0eb8f8d148508e752d9643ccf49ac4cb0c21cbad346b5bbcf2d06974d31bd5c4,92,59,90,                                                                                                                      [CALL] 0x52d69c..dBD6.makeBid() value=14700000000000001,CALL,0x52d69c67536f55EfEfe02941868e5e762538dBD6,victim,makeBid,yes,14700000000000001,200449,Stop,,,yes,,,,
C24,reentrancy,test,yes,0x0eb8f8d148508e752d9643ccf49ac4cb0c21cbad346b5bbcf2d06974d31bd5c4,93,60,92,                                                                                                                        [CALL] 0x8d4dE2..D12a.receive() value=294000000000000000,CALL,0x8d4dE2Bc1a566b266bD4B387f62C21e15474D12a,attack_contract,receive,yes,294000000000000000,191877,Stop,,,,,,,
C24,reentrancy,test,yes,0x0eb8f8d148508e752d9643ccf49ac4cb0c21cbad346b5bbcf2d06974d31bd5c4,94,61,93,                                                                                                                          [STATICCALL] 0x52d69c..dBD6.newBidEtherMin(),STATICCALL,0x52d69c67536f55EfEfe02941868e5e762538dBD6,victim,newBidEtherMin,yes,,518,Return,,,,,,,
C24,reentrancy,test,yes,0x0eb8f8d148508e752d9643ccf49ac4cb0c21cbad346b5bbcf2d06974d31bd5c4,95,61,93,                                                                                                                          [CALL] 0x52d69c..dBD6.makeBid() value=14700000000000001,CALL,0x52d69c67536f55EfEfe02941868e5e762538dBD6,victim,makeBid,yes,14700000000000001,183055,Stop,,,yes,,,,
C24,reentrancy,test,yes,0x0eb8f8d148508e752d9643ccf49ac4cb0c21cbad346b5bbcf2d06974d31bd5c4,96,62,95,                                                                                                                            [CALL] 0x8d4dE2..D12a.receive() value=294000000000000000,CALL,0x8d4dE2Bc1a566b266bD4B387f62C21e15474D12a,attack_contract,receive,yes,294000000000000000,174483,Stop,,,,,,,
C24,reentrancy,test,yes,0x0eb8f8d148508e752d9643ccf49ac4cb0c21cbad346b5bbcf2d06974d31bd5c4,97,63,96,                                                                                                                              [STATICCALL] 0x52d69c..dBD6.newBidEtherMin(),STATICCALL,0x52d69c67536f55EfEfe02941868e5e762538dBD6,victim,newBidEtherMin,yes,,518,Return,,,,,,,
C24,reentrancy,test,yes,0x0eb8f8d148508e752d9643ccf49ac4cb0c21cbad346b5bbcf2d06974d31bd5c4,98,63,96,                                                                                                                              [CALL] 0x52d69c..dBD6.makeBid() value=14700000000000001,CALL,0x52d69c67536f55EfEfe02941868e5e762538dBD6,victim,makeBid,yes,14700000000000001,165661,Stop,,,yes,,,,
C24,reentrancy,test,yes,0x0eb8f8d148508e752d9643ccf49ac4cb0c21cbad346b5bbcf2d06974d31bd5c4,99,64,98,                                                                                                                                [CALL] 0x8d4dE2..D12a.receive() value=294000000000000000,CALL,0x8d4dE2Bc1a566b266bD4B387f62C21e15474D12a,attack_contract,receive,yes,294000000000000000,157089,Stop,,,,,,,
C24,reentrancy,test,yes,0x0eb8f8d148508e752d9643ccf49ac4cb0c21cbad346b5bbcf2d06974d31bd5c4,100,65,99,                                                                                                                                  [STATICCALL] 0x52d69c..dBD6.newBidEtherMin(),STATICCALL,0x52d69c67536f55EfEfe02941868e5e762538dBD6,victim,newBidEtherMin,yes,,518,Return,,,,,,,
C24,reentrancy,test,yes,0x0eb8f8d148508e752d9643ccf49ac4cb0c21cbad346b5bbcf2d06974d31bd5c4,101,65,99,                                                                                                                                  [CALL] 0x52d69c..dBD6.makeBid() value=14700000000000001,CALL,0x52d69c67536f55EfEfe02941868e5e762538dBD6,victim,makeBid,yes,14700000000000001,148267,Stop,,,yes,,,,
C24,reentrancy,test,yes,0x0eb8f8d148508e752d9643ccf49ac4cb0c21cbad346b5bbcf2d06974d31bd5c4,102,66,101,                                                                                                                                    [CALL] 0x8d4dE2..D12a.receive() value=294000000000000000,CALL,0x8d4dE2Bc1a566b266bD4B387f62C21e15474D12a,attack_contract,receive,yes,294000000000000000,139695,Stop,,,,,,,
C24,reentrancy,test,yes,0x0eb8f8d148508e752d9643ccf49ac4cb0c21cbad346b5bbcf2d06974d31bd5c4,103,67,102,                                                                                                                                      [STATICCALL] 0x52d69c..dBD6.newBidEtherMin(),STATICCALL,0x52d69c67536f55EfEfe02941868e5e762538dBD6,victim,newBidEtherMin,yes,,518,Return,,,,,,,
C24,reentrancy,test,yes,0x0eb8f8d148508e752d9643ccf49ac4cb0c21cbad346b5bbcf2d06974d31bd5c4,104,67,102,                                                                                                                                      [CALL] 0x52d69c..dBD6.makeBid() value=14700000000000001,CALL,0x52d69c67536f55EfEfe02941868e5e762538dBD6,victim,makeBid,yes,14700000000000001,130873,Stop,,,yes,,,,
C24,reentrancy,test,yes,0x0eb8f8d148508e752d9643ccf49ac4cb0c21cbad346b5bbcf2d06974d31bd5c4,105,68,104,                                                                                                                                        [CALL] 0x8d4dE2..D12a.receive() value=294000000000000000,CALL,0x8d4dE2Bc1a566b266bD4B387f62C21e15474D12a,attack_contract,receive,yes,294000000000000000,122301,Stop,,,,,,,
C24,reentrancy,test,yes,0x0eb8f8d148508e752d9643ccf49ac4cb0c21cbad346b5bbcf2d06974d31bd5c4,106,69,105,                                                                                                                                          [STATICCALL] 0x52d69c..dBD6.newBidEtherMin(),STATICCALL,0x52d69c67536f55EfEfe02941868e5e762538dBD6,victim,newBidEtherMin,yes,,518,Return,,,,,,,
C24,reentrancy,test,yes,0x0eb8f8d148508e752d9643ccf49ac4cb0c21cbad346b5bbcf2d06974d31bd5c4,107,69,105,                                                                                                                                          [CALL] 0x52d69c..dBD6.makeBid() value=14700000000000001,CALL,0x52d69c67536f55EfEfe02941868e5e762538dBD6,victim,makeBid,yes,14700000000000001,113479,Stop,,,yes,,,,
C24,reentrancy,test,yes,0x0eb8f8d148508e752d9643ccf49ac4cb0c21cbad346b5bbcf2d06974d31bd5c4,108,70,107,                                                                                                                                            [CALL] 0x8d4dE2..D12a.receive() value=294000000000000000,CALL,0x8d4dE2Bc1a566b266bD4B387f62C21e15474D12a,attack_contract,receive,yes,294000000000000000,104907,Stop,,,,,,,
C24,reentrancy,test,yes,0x0eb8f8d148508e752d9643ccf49ac4cb0c21cbad346b5bbcf2d06974d31bd5c4,109,71,108,                                                                                                                                              [STATICCALL] 0x52d69c..dBD6.newBidEtherMin(),STATICCALL,0x52d69c67536f55EfEfe02941868e5e762538dBD6,victim,newBidEtherMin,yes,,518,Return,,,,,,,
C24,reentrancy,test,yes,0x0eb8f8d148508e752d9643ccf49ac4cb0c21cbad346b5bbcf2d06974d31bd5c4,110,71,108,                                                                                                                                              [CALL] 0x52d69c..dBD6.makeBid() value=14700000000000001,CALL,0x52d69c67536f55EfEfe02941868e5e762538dBD6,victim,makeBid,yes,14700000000000001,96085,Stop,,,yes,,,,
C24,reentrancy,test,yes,0x0eb8f8d148508e752d9643ccf49ac4cb0c21cbad346b5bbcf2d06974d31bd5c4,111,72,110,                                                                                                                                                [CALL] 0x8d4dE2..D12a.receive() value=294000000000000000,CALL,0x8d4dE2Bc1a566b266bD4B387f62C21e15474D12a,attack_contract,receive,yes,294000000000000000,87513,Stop,,,,,,,
C24,reentrancy,test,yes,0x0eb8f8d148508e752d9643ccf49ac4cb0c21cbad346b5bbcf2d06974d31bd5c4,112,73,111,                                                                                                                                                  [STATICCALL] 0x52d69c..dBD6.newBidEtherMin(),STATICCALL,0x52d69c67536f55EfEfe02941868e5e762538dBD6,victim,newBidEtherMin,yes,,518,Return,,,,,,,
C24,reentrancy,test,yes,0x0eb8f8d148508e752d9643ccf49ac4cb0c21cbad346b5bbcf2d06974d31bd5c4,113,73,111,                                                                                                                                                  [CALL] 0x52d69c..dBD6.makeBid() value=14700000000000001,CALL,0x52d69c67536f55EfEfe02941868e5e762538dBD6,victim,makeBid,yes,14700000000000001,78691,Stop,,,yes,,,,
C24,reentrancy,test,yes,0x0eb8f8d148508e752d9643ccf49ac4cb0c21cbad346b5bbcf2d06974d31bd5c4,114,74,113,                                                                                                                                                    [CALL] 0x8d4dE2..D12a.receive() value=294000000000000000,CALL,0x8d4dE2Bc1a566b266bD4B387f62C21e15474D12a,attack_contract,receive,yes,294000000000000000,70119,Stop,,,,,,,
C24,reentrancy,test,yes,0x0eb8f8d148508e752d9643ccf49ac4cb0c21cbad346b5bbcf2d06974d31bd5c4,115,75,114,                                                                                                                                                      [STATICCALL] 0x52d69c..dBD6.newBidEtherMin(),STATICCALL,0x52d69c67536f55EfEfe02941868e5e762538dBD6,victim,newBidEtherMin,yes,,518,Return,,,,,,,
C24,reentrancy,test,yes,0x0eb8f8d148508e752d9643ccf49ac4cb0c21cbad346b5bbcf2d06974d31bd5c4,116,75,114,                                                                                                                                                      [CALL] 0x52d69c..dBD6.makeBid() value=14700000000000001,CALL,0x52d69c67536f55EfEfe02941868e5e762538dBD6,victim,makeBid,yes,14700000000000001,61297,Stop,,,yes,,,,
C24,reentrancy,test,yes,0x0eb8f8d148508e752d9643ccf49ac4cb0c21cbad346b5bbcf2d06974d31bd5c4,117,76,116,                                                                                                                                                        [CALL] 0x8d4dE2..D12a.receive() value=294000000000000000,CALL,0x8d4dE2Bc1a566b266bD4B387f62C21e15474D12a,attack_contract,receive,yes,294000000000000000,52725,Stop,,,,,,,
C24,reentrancy,test,yes,0x0eb8f8d148508e752d9643ccf49ac4cb0c21cbad346b5bbcf2d06974d31bd5c4,118,77,117,                                                                                                                                                          [STATICCALL] 0x52d69c..dBD6.newBidEtherMin(),STATICCALL,0x52d69c67536f55EfEfe02941868e5e762538dBD6,victim,newBidEtherMin,yes,,518,Return,,,,,,,
C24,reentrancy,test,yes,0x0eb8f8d148508e752d9643ccf49ac4cb0c21cbad346b5bbcf2d06974d31bd5c4,119,77,117,                                                                                                                                                          [CALL] 0x52d69c..dBD6.makeBid() value=14700000000000001,CALL,0x52d69c67536f55EfEfe02941868e5e762538dBD6,victim,makeBid,yes,14700000000000001,43903,Stop,,,yes,,,,
C24,reentrancy,test,yes,0x0eb8f8d148508e752d9643ccf49ac4cb0c21cbad346b5bbcf2d06974d31bd5c4,120,78,119,                                                                                                                                                            [CALL] 0x8d4dE2..D12a.receive() value=294000000000000000,CALL,0x8d4dE2Bc1a566b266bD4B387f62C21e15474D12a,attack_contract,receive,yes,294000000000000000,35331,Stop,,,,,,,
C24,reentrancy,test,yes,0x0eb8f8d148508e752d9643ccf49ac4cb0c21cbad346b5bbcf2d06974d31bd5c4,121,79,120,                                                                                                                                                              [STATICCALL] 0x52d69c..dBD6.newBidEtherMin(),STATICCALL,0x52d69c67536f55EfEfe02941868e5e762538dBD6,victim,newBidEtherMin,yes,,518,Return,,,,,,,
C24,reentrancy,test,yes,0x0eb8f8d148508e752d9643ccf49ac4cb0c21cbad346b5bbcf2d06974d31bd5c4,122,79,120,                                                                                                                                                              [CALL] 0x52d69c..dBD6.makeBid() value=14700000000000001,CALL,0x52d69c67536f55EfEfe02941868e5e762538dBD6,victim,makeBid,yes,14700000000000001,26509,Stop,,,yes,,,,
C24,reentrancy,test,yes,0x0eb8f8d148508e752d9643ccf49ac4cb0c21cbad346b5bbcf2d06974d31bd5c4,123,80,122,                                                                                                                                                                [CALL] 0x8d4dE2..D12a.receive() value=294000000000000000,CALL,0x8d4dE2Bc1a566b266bD4B387f62C21e15474D12a,attack_contract,receive,yes,294000000000000000,17937,Stop,,,,,,,
C24,reentrancy,test,yes,0x0eb8f8d148508e752d9643ccf49ac4cb0c21cbad346b5bbcf2d06974d31bd5c4,124,81,123,                                                                                                                                                                  [STATICCALL] 0x52d69c..dBD6.newBidEtherMin(),STATICCALL,0x52d69c67536f55EfEfe02941868e5e762538dBD6,victim,newBidEtherMin,yes,,518,Return,,,,,,,
C24,reentrancy,test,yes,0x0eb8f8d148508e752d9643ccf49ac4cb0c21cbad346b5bbcf2d06974d31bd5c4,125,81,123,                                                                                                                                                                  [CALL] 0x52d69c..dBD6.makeBid() value=14700000000000001,CALL,0x52d69c67536f55EfEfe02941868e5e762538dBD6,victim,makeBid,yes,14700000000000001,9115,Stop,,,yes,,,,
C24,reentrancy,test,yes,0x0eb8f8d148508e752d9643ccf49ac4cb0c21cbad346b5bbcf2d06974d31bd5c4,126,82,125,                                                                                                                                                                    [CALL] 0x8d4dE2..D12a.receive() value=294000000000000000,CALL,0x8d4dE2Bc1a566b266bD4B387f62C21e15474D12a,attack_contract,receive,yes,294000000000000000,543,Stop,,,,,,,
C24,reentrancy,test,yes,0x0eb8f8d148508e752d9643ccf49ac4cb0c21cbad346b5bbcf2d06974d31bd5c4,127,1,1,  [CALL] 0x145766..5A0B.receive() value=11760974999999999960,CALL,0x145766A51ae96E69810fE76f6f68Fd0e95675A0B,attacker,receive,yes,11760974999999999960,0,Stop,,,,,,,
C25,token_specific,dev,yes,0x6200bf5c43c214caa1177c3676293442059b4f39eb5dbae6cfd4e6ad16305668,1,0,,[CALL] 0xDb2d86..12a9.faab0cea(),CALL,0xDb2d869ac23715af204093e933f5EB57F2DC12a9,attack_contract,faab0cea,no,,458627,SelfDestruct,0000000000000000000000002d0e64b6bf13660a4c0de42a0b88144a7c10991f000000000000000000000000b835752feb00c278484c464b697e03b03c53e11b00000000000000000000000000000000...,,,,,,
C25,token_specific,dev,yes,0x6200bf5c43c214caa1177c3676293442059b4f39eb5dbae6cfd4e6ad16305668,2,1,1,  [STATICCALL] 0xC02aaA..6Cc2.balanceOf(),STATICCALL,0xC02aaA39b223FE8D0A0e5C4F27eAD9083C756Cc2,,balanceOf,yes,,2534,Return,0xBA12222222228d8Ba445958a75a0704d566BF2C8,,,,,,
C25,token_specific,dev,yes,0x6200bf5c43c214caa1177c3676293442059b4f39eb5dbae6cfd4e6ad16305668,3,1,1,  [CALL] 0xBA1222..F2C8.flashLoan(),CALL,0xBA12222222228d8Ba445958a75a0704d566BF2C8,,flashLoan,yes,,370661,Stop,"0xDb2d869ac23715af204093e933f5EB57F2DC12a9, [0xC02aaA39b223FE8D0A0e5C4F27eAD9083C756Cc2], [139039729301264180297254 [1.39e23]], 0x","FlashLoan(param0: 0xDb2d869ac23715af204093e933f5EB57F2DC12a9, param1: 0xC02aaA39b223FE8D0A0e5C4F27eAD9083C756Cc2, param2: 139039729301264180297254 [1.39e23], pa...",,,,,
C25,token_specific,dev,yes,0x6200bf5c43c214caa1177c3676293442059b4f39eb5dbae6cfd4e6ad16305668,4,2,3,    [STATICCALL] 0xC02aaA..6Cc2.balanceOf(),STATICCALL,0xC02aaA39b223FE8D0A0e5C4F27eAD9083C756Cc2,,balanceOf,yes,,534,Return,0xBA12222222228d8Ba445958a75a0704d566BF2C8,,,,,,
C25,token_specific,dev,yes,0x6200bf5c43c214caa1177c3676293442059b4f39eb5dbae6cfd4e6ad16305668,5,2,3,    [STATICCALL] 0xce8868..9f9F.getFlashLoanFeePercentage(),STATICCALL,0xce88686553686DA562CE7Cea497CE749DA109f9F,,getFlashLoanFeePercentage,yes,,2350,Return,,,,,,,
C25,token_specific,dev,yes,0x6200bf5c43c214caa1177c3676293442059b4f39eb5dbae6cfd4e6ad16305668,6,2,3,    [CALL] 0xC02aaA..6Cc2.transfer(),CALL,0xC02aaA39b223FE8D0A0e5C4F27eAD9083C756Cc2,,transfer,yes,,27962,Return,"0xDb2d869ac23715af204093e933f5EB57F2DC12a9, 139039729301264180297254 [1.39e23]","Transfer(from: 0xBA12222222228d8Ba445958a75a0704d566BF2C8, to: 0xDb2d869ac23715af204093e933f5EB57F2DC12a9, amount: 139039729301264180297254 [1.39e23])",,,,,
C25,token_specific,dev,yes,0x6200bf5c43c214caa1177c3676293442059b4f39eb5dbae6cfd4e6ad16305668,7,2,3,    [CALL] 0xDb2d86..12a9.receiveFlashLoan(),CALL,0xDb2d869ac23715af204093e933f5EB57F2DC12a9,attack_contract,receiveFlashLoan,yes,,321352,Stop,"[0xC02aaA39b223FE8D0A0e5C4F27eAD9083C756Cc2], [139039729301264180297254 [1.39e23]], [0], 0x",,,,,,
C25,token_specific,dev,yes,0x6200bf5c43c214caa1177c3676293442059b4f39eb5dbae6cfd4e6ad16305668,8,3,7,      [STATICCALL] 0xC02aaA..6Cc2.balanceOf(),STATICCALL,0xC02aaA39b223FE8D0A0e5C4F27eAD9083C756Cc2,,balanceOf,yes,,534,Return,0xDb2d869ac23715af204093e933f5EB57F2DC12a9,,,,,,
C25,token_specific,dev,yes,0x6200bf5c43c214caa1177c3676293442059b4f39eb5dbae6cfd4e6ad16305668,9,3,7,      [CALL] 0xC02aaA..6Cc2.approve(),CALL,0xC02aaA39b223FE8D0A0e5C4F27eAD9083C756Cc2,,approve,yes,,24420,Return,"0x7a250d5630B4cF539739dF2C5dAcb4c659F2488D, 104850000000000000000 [1.048e20]","Approval(owner: 0xDb2d869ac23715af204093e933f5EB57F2DC12a9, spender: 0x7a250d5630B4cF539739dF2C5dAcb4c659F2488D, amount: 104850000000000000000 [1.048e20])",,,,,
C25,token_specific,dev,yes,0x6200bf5c43c214caa1177c3676293442059b4f39eb5dbae6cfd4e6ad16305668,10,3,7,      [CALL] 0x7a250d..488D.swapExactTokensForTokensSupportingFeeOnTransferTokens(),CALL,0x7a250d5630B4cF539739dF2C5dAcb4c659F2488D,,swapExactTokensForTokensSupportingFeeOnTransferTokens,yes,,194637,Stop,"104850000000000000000 [1.048e20], 0, [0xC02aaA39b223FE8D0A0e5C4F27eAD9083C756Cc2, 0x2d0E64B6bF13660a4c0De42a0B88144a7C10991F], 0xDb2d869ac23715af204093e933f5EB5...",,,,,,
C25,token_specific,dev,yes,0x6200bf5c43c214caa1177c3676293442059b4f39eb5dbae6cfd4e6ad16305668,11,4,10,        [CALL] 0xC02aaA..6Cc2.transferFrom(),CALL,0xC02aaA39b223FE8D0A0e5C4F27eAD9083C756Cc2,,transferFrom,yes,,8948,Return,"0xDb2d869ac23715af204093e933f5EB57F2DC12a9, 0xb835752Feb00c278484c464b697e03b03C53E11B, 104850000000000000000 [1.048e20]","Transfer(from: 0xDb2d869ac23715af204093e933f5EB57F2DC12a9, to: 0xb835752Feb00c278484c464b697e03b03C53E11B, amount: 104850000000000000000 [1.048e20])",,,,,
C25,token_specific,dev,yes,0x6200bf5c43c214caa1177c3676293442059b4f39eb5dbae6cfd4e6ad16305668,12,4,10,        [STATICCALL] 0x2d0E64..991F.balanceOf(),STATICCALL,0x2d0E64B6bF13660a4c0De42a0B88144a7C10991F,victim,balanceOf,yes,,20777,Return,0xDb2d869ac23715af204093e933f5EB57F2DC12a9,,,,,,
C25,token_specific,dev,yes,0x6200bf5c43c214caa1177c3676293442059b4f39eb5dbae6cfd4e6ad16305668,13,4,10,        [STATICCALL] 0xb83575..E11B.getReserves(),STATICCALL,0xb835752Feb00c278484c464b697e03b03C53E11B,,getReserves,yes,,2504,Return,,,,,,,
C25,token_specific,dev,yes,0x6200bf5c43c214caa1177c3676293442059b4f39eb5dbae6cfd4e6ad16305668,14,4,10,        [STATICCALL] 0xC02aaA..6Cc2.balanceOf(),STATICCALL,0xC02aaA39b223FE8D0A0e5C4F27eAD9083C756Cc2,,balanceOf,yes,,534,Return,0xb835752Feb00c278484c464b697e03b03C53E11B,,,,,,
C25,token_specific,dev,yes,0x6200bf5c43c214caa1177c3676293442059b4f39eb5dbae6cfd4e6ad16305668,15,4,10,        [CALL] 0xb83575..E11B.swap(),CALL,0xb835752Feb00c278484c464b697e03b03C53E11B,,swap,yes,,144905,Stop,"1470449218539614064547 [1.47e21], 0, 0xDb2d869ac23715af204093e933f5EB57F2DC12a9, 0x","Sync(: 316871513264115731249 [3.168e20], : 126994561461014981232 [1.269e20]) | Swap(param0: 0x7a250d5630B4cF539739dF2C5dAcb4c659F2488D, param1: 5374761729091646...",,,,,
C25,token_specific,dev,yes,0x6200bf5c43c214caa1177c3676293442059b4f39eb5dbae6cfd4e6ad16305668,16,5,15,          [CALL] 0x2d0E64..991F.transfer(),CALL,0x2d0E64B6bF13660a4c0De42a0B88144a7C10991F,victim,transfer,yes,,108274,Return,"0xDb2d869ac23715af204093e933f5EB57F2DC12a9, 1470449218539614064547 [1.47e21]","Transfer(from: 0xb835752Feb00c278484c464b697e03b03C53E11B, to: 0xDb2d869ac23715af204093e933f5EB57F2DC12a9, amount: 1352813281056444939385 [1.352e21])",,,,,
C25,token_specific,dev,yes,0x6200bf5c43c214caa1177c3676293442059b4f39eb5dbae6cfd4e6ad16305668,17,5,15,          [STATICCALL] 0x2d0E64..991F.balanceOf(),STATICCALL,0x2d0E64B6bF13660a4c0De42a0B88144a7C10991F,victim,balanceOf,yes,,4777,Return,0xb835752Feb00c278484c464b697e03b03C53E11B,,,,,,
C25,token_specific,dev,yes,0x6200bf5c43c214caa1177c3676293442059b4f39eb5dbae6cfd4e6ad16305668,18,5,15,          [STATICCALL] 0xC02aaA..6Cc2.balanceOf(),STATICCALL,0xC02aaA39b223FE8D0A0e5C4F27eAD9083C756Cc2,,balanceOf,yes,,534,Return,0xb835752Feb00c278484c464b697e03b03C53E11B,,,,,,
C25,token_specific,dev,yes,0x6200bf5c43c214caa1177c3676293442059b4f39eb5dbae6cfd4e6ad16305668,19,4,10,        [STATICCALL] 0x2d0E64..991F.balanceOf(),STATICCALL,0x2d0E64B6bF13660a4c0De42a0B88144a7C10991F,victim,balanceOf,yes,,4777,Return,0xDb2d869ac23715af204093e933f5EB57F2DC12a9,,,,,,
C25,token_specific,dev,yes,0x6200bf5c43c214caa1177c3676293442059b4f39eb5dbae6cfd4e6ad16305668,20,3,7,      [STATICCALL] 0x2d0E64..991F.balanceOf(),STATICCALL,0x2d0E64B6bF13660a4c0De42a0B88144a7C10991F,victim,balanceOf,yes,,4777,Return,0xDb2d869ac23715af204093e933f5EB57F2DC12a9,,,,,,
C25,token_specific,dev,yes,0x6200bf5c43c214caa1177c3676293442059b4f39eb5dbae6cfd4e6ad16305668,21,3,7,      [CALL] 0x2d0E64..991F.deliver(),CALL,0x2d0E64B6bF13660a4c0De42a0B88144a7C10991F,victim,deliver,yes,,7383,Stop,1465904852700232013011 [1.465e21],,yes,,,,
C25,token_specific,dev,yes,0x6200bf5c43c214caa1177c3676293442059b4f39eb5dbae6cfd4e6ad16305668,22,3,7,      [CALL] 0xb83575..E11B.skim(),CALL,0xb835752Feb00c278484c464b697e03b03C53E11B,,skim,yes,,38606,Stop,0xDb2d869ac23715af204093e933f5EB57F2DC12a9,,,,,,
C25,token_specific,dev,yes,0x6200bf5c43c214caa1177c3676293442059b4f39eb5dbae6cfd4e6ad16305668,23,4,22,        [STATICCALL] 0x2d0E64..991F.balanceOf(),STATICCALL,0x2d0E64B6bF13660a4c0De42a0B88144a7C10991F,victim,balanceOf,yes,,4777,Return,0xb835752Feb00c278484c464b697e03b03C53E11B,,,,,,
C25,token_specific,dev,yes,0x6200bf5c43c214caa1177c3676293442059b4f39eb5dbae6cfd4e6ad16305668,24,4,22,        [CALL] 0x2d0E64..991F.transfer(),CALL,0x2d0E64B6bF13660a4c0De42a0B88144a7C10991F,victim,transfer,yes,,23174,Return,"0xDb2d869ac23715af204093e933f5EB57F2DC12a9, 1733770910894426471783 [1.733e21]","Transfer(from: 0xb835752Feb00c278484c464b697e03b03C53E11B, to: 0xDb2d869ac23715af204093e933f5EB57F2DC12a9, amount: 1595069238022872354042 [1.595e21])",,,,,
C25,token_specific,dev,yes,0x6200bf5c43c214caa1177c3676293442059b4f39eb5dbae6cfd4e6ad16305668,25,4,22,        [STATICCALL] 0xC02aaA..6Cc2.balanceOf(),STATICCALL,0xC02aaA39b223FE8D0A0e5C4F27eAD9083C756Cc2,,balanceOf,yes,,534,Return,0xb835752Feb00c278484c464b697e03b03C53E11B,,,,,,
C25,token_specific,dev,yes,0x6200bf5c43c214caa1177c3676293442059b4f39eb5dbae6cfd4e6ad16305668,26,4,22,        [CALL] 0xC02aaA..6Cc2.transfer(),CALL,0xC02aaA39b223FE8D0A0e5C4F27eAD9083C756Cc2,,transfer,yes,,3262,Return,"0xDb2d869ac23715af204093e933f5EB57F2DC12a9, 0","Transfer(from: 0xb835752Feb00c278484c464b697e03b03C53E11B, to: 0xDb2d869ac23715af204093e933f5EB57F2DC12a9, amount: 0)",,,,,
C25,token_specific,dev,yes,0x6200bf5c43c214caa1177c3676293442059b4f39eb5dbae6cfd4e6ad16305668,27,3,7,      [STATICCALL] 0x2d0E64..991F.balanceOf(),STATICCALL,0x2d0E64B6bF13660a4c0De42a0B88144a7C10991F,victim,balanceOf,yes,,4777,Return,0xDb2d869ac23715af204093e933f5EB57F2DC12a9,,,,,,
C25,token_specific,dev,yes,0x6200bf5c43c214caa1177c3676293442059b4f39eb5dbae6cfd4e6ad16305668,28,3,7,      [CALL] 0x2d0E64..991F.deliver(),CALL,0x2d0E64B6bF13660a4c0De42a0B88144a7C10991F,victim,deliver,yes,,7383,Stop,1733769909104888397946 [1.733e21],,yes,,,,
C25,token_specific,dev,yes,0x6200bf5c43c214caa1177c3676293442059b4f39eb5dbae6cfd4e6ad16305668,29,3,7,      [STATICCALL] 0xC02aaA..6Cc2.balanceOf(),STATICCALL,0xC02aaA39b223FE8D0A0e5C4F27eAD9083C756Cc2,,balanceOf,yes,,534,Return,0xb835752Feb00c278484c464b697e03b03C53E11B,,,,,,
C25,token_specific,dev,yes,0x6200bf5c43c214caa1177c3676293442059b4f39eb5dbae6cfd4e6ad16305668,30,3,7,      [CALL] 0xb83575..E11B.swap(),CALL,0xb835752Feb00c278484c464b697e03b03C53E11B,,swap,yes,,20680,Stop,"0, 126990751624171150782 [1.269e20], 0xDb2d869ac23715af204093e933f5EB57F2DC12a9, 0x","Sync(: 11191855315120216048899805 [1.119e25], : 3809836843830450 [3.809e15]) | Swap(param0: 0xDb2d869ac23715af204093e933f5EB57F2DC12a9, param1: 1119153844360695...",,,,,
C25,token_specific,dev,yes,0x6200bf5c43c214caa1177c3676293442059b4f39eb5dbae6cfd4e6ad16305668,31,4,30,        [CALL] 0xC02aaA..6Cc2.transfer(),CALL,0xC02aaA39b223FE8D0A0e5C4F27eAD9083C756Cc2,,transfer,yes,,3262,Return,"0xDb2d869ac23715af204093e933f5EB57F2DC12a9, 126990751624171150782 [1.269e20]","Transfer(from: 0xb835752Feb00c278484c464b697e03b03C53E11B, to: 0xDb2d869ac23715af204093e933f5EB57F2DC12a9, amount: 126990751624171150782 [1.269e20])",,,,,
C25,token_specific,dev,yes,0x6200bf5c43c214caa1177c3676293442059b4f39eb5dbae6cfd4e6ad16305668,32,4,30,        [STATICCALL] 0x2d0E64..991F.balanceOf(),STATICCALL,0x2d0E64B6bF13660a4c0De42a0B88144a7C10991F,victim,balanceOf,yes,,4777,Return,0xb835752Feb00c278484c464b697e03b03C53E11B,,,,,,
C25,token_specific,dev,yes,0x6200bf5c43c214caa1177c3676293442059b4f39eb5dbae6cfd4e6ad16305668,33,4,30,        [STATICCALL] 0xC02aaA..6Cc2.balanceOf(),STATICCALL,0xC02aaA39b223FE8D0A0e5C4F27eAD9083C756Cc2,,balanceOf,yes,,534,Return,0xb835752Feb00c278484c464b697e03b03C53E11B,,,,,,
C25,token_specific,dev,yes,0x6200bf5c43c214caa1177c3676293442059b4f39eb5dbae6cfd4e6ad16305668,34,3,7,      [CALL] 0xC02aaA..6Cc2.transfer(),CALL,0xC02aaA39b223FE8D0A0e5C4F27eAD9083C756Cc2,,transfer,yes,,3262,Return,"0xBA12222222228d8Ba445958a75a0704d566BF2C8, 139039729301264180297254 [1.39e23]","Transfer(from: 0xDb2d869ac23715af204093e933f5EB57F2DC12a9, to: 0xBA12222222228d8Ba445958a75a0704d566BF2C8, amount: 139039729301264180297254 [1.39e23])",,,,,
C25,token_specific,dev,yes,0x6200bf5c43c214caa1177c3676293442059b4f39eb5dbae6cfd4e6ad16305668,35,2,3,    [STATICCALL] 0xC02aaA..6Cc2.balanceOf(),STATICCALL,0xC02aaA39b223FE8D0A0e5C4F27eAD9083C756Cc2,,balanceOf,yes,,534,Return,0xBA12222222228d8Ba445958a75a0704d566BF2C8,,,,,,
C25,token_specific,dev,yes,0x6200bf5c43c214caa1177c3676293442059b4f39eb5dbae6cfd4e6ad16305668,36,1,1,  [STATICCALL] 0xC02aaA..6Cc2.balanceOf(),STATICCALL,0xC02aaA39b223FE8D0A0e5C4F27eAD9083C756Cc2,,balanceOf,yes,,534,Return,0xDb2d869ac23715af204093e933f5EB57F2DC12a9,,,,,,
C25,token_specific,dev,yes,0x6200bf5c43c214caa1177c3676293442059b4f39eb5dbae6cfd4e6ad16305668,37,1,1,  [CALL] 0xC02aaA..6Cc2.withdraw(),CALL,0xC02aaA39b223FE8D0A0e5C4F27eAD9083C756Cc2,,withdraw,yes,,9180,Stop,22140751624171150782 [2.214e19],"Withdrawal(param0: 0xDb2d869ac23715af204093e933f5EB57F2DC12a9, param1: 22140751624171150782 [2.214e19])",,,,,
C25,token_specific,dev,yes,0x6200bf5c43c214caa1177c3676293442059b4f39eb5dbae6cfd4e6ad16305668,38,2,37,    [CALL] 0xDb2d86..12a9.receive() value=22140751624171150782,CALL,0xDb2d869ac23715af204093e933f5EB57F2DC12a9,attack_contract,receive,yes,22140751624171150782,40,Stop,,,,,,,
C25,token_specific,dev,yes,0x6200bf5c43c214caa1177c3676293442059b4f39eb5dbae6cfd4e6ad16305668,39,1,1,  [CALL] 0xDAFEA4..8Bc5.receive() value=30000000000000000,CALL,0xDAFEA492D9c6733ae3d56b7Ed1ADB60692c98Bc5,,receive,yes,30000000000000000,0,Stop,,,,,,,
C26,token_specific,test,no,0x24a68d2a4bbb02f398d3601acfd87b09f543d935fc24862c314aaf64c295acdb,1,0,,[CREATE] 0x731049..9a44.new <unknown>(),CREATE,0x731049AC78C13e1Bf8e10F993Ce7f1bA45AE9a44,attack_contract,new <unknown>,yes,,756792,Return,,,,,,,
C26,token_specific,test,no,0x24a68d2a4bbb02f398d3601acfd87b09f543d935fc24862c314aaf64c295acdb,2,1,1,  [CREATE] 0x509090..82D1.new <unknown>(),CREATE,0x5090906Fe938Ce8F0746eC46D482658bEBcb82D1,,new <unknown>,yes,,425128,Return,,,,,,,
C26,token_specific,test,no,0x24a68d2a4bbb02f398d3601acfd87b09f543d935fc24862c314aaf64c295acdb,3,2,2,    [STATICCALL] 0xb4B843..9520.token0(),STATICCALL,0xb4B84375Ae9bb94d19F416D3db553827Be349520,,token0,yes,,2426,Return,,,,,,,
C26,token_specific,test,no,0x24a68d2a4bbb02f398d3601acfd87b09f543d935fc24862c314aaf64c295acdb,4,2,2,    [STATICCALL] 0xb4B843..9520.token1(),STATICCALL,0xb4B84375Ae9bb94d19F416D3db553827Be349520,,token1,yes,,2557,Return,,,,,,,
C26,token_specific,test,no,0x24a68d2a4bbb02f398d3601acfd87b09f543d935fc24862c314aaf64c295acdb,5,1,1,  [CALL] 0x509090..82D1.call(),CALL,0x5090906Fe938Ce8F0746eC46D482658bEBcb82D1,,call,yes,,197309,Stop,"44000000000000000000 [4.4e19], 1000000000000 [1e12], 990000000000 [9.9e11]",,,,,,
C26,token_specific,test,no,0x24a68d2a4bbb02f398d3601acfd87b09f543d935fc24862c314aaf64c295acdb,6,2,5,    [CALL] 0xb4B843..9520.swap(),CALL,0xb4B84375Ae9bb94d19F416D3db553827Be349520,,swap,yes,,172955,Stop,"44000000000000000000 [4.4e19], 1000000000000 [1e12], 0x5090906Fe938Ce8F0746eC46D482658bEBcb82D1, 0x00","Sync(: 9453031216447006008 [9.453e18], : 52240860222579 [5.224e13]) | Swap(param0: 0x5090906Fe938Ce8F0746eC46D482658bEBcb82D1, param1: 0, param2: 44537507669584...",,,,,
C26,token_specific,test,no,0x24a68d2a4bbb02f398d3601acfd87b09f543d935fc24862c314aaf64c295acdb,7,3,6,      [CALL] 0xbb4CdB..095c.transfer(),CALL,0xbb4CdB9CBd36B01bD1cBaEBF2De08d9173bc095c,,transfer,yes,,29962,Return,"0x5090906Fe938Ce8F0746eC46D482658bEBcb82D1, 44000000000000000000 [4.4e19]","Transfer(from: 0xb4B84375Ae9bb94d19F416D3db553827Be349520, to: 0x5090906Fe938Ce8F0746eC46D482658bEBcb82D1, amount: 44000000000000000000 [4.4e19])",,,,,
C26,token_specific,test,no,0x24a68d2a4bbb02f398d3601acfd87b09f543d935fc24862c314aaf64c295acdb,8,3,6,      [CALL] 0xc54AAe..3039.transfer(),CALL,0xc54AAecF5fA1b6c007d019a9d14dFb4a77CC3039,victim,transfer,yes,,79826,Return,"0x5090906Fe938Ce8F0746eC46D482658bEBcb82D1, 1000000000000 [1e12]","Transfer(from: 0xb4B84375Ae9bb94d19F416D3db553827Be349520, to: 0x5090906Fe938Ce8F0746eC46D482658bEBcb82D1, amount: 1000000000000 [1e12])",,,,,
C26,token_specific,test,no,0x24a68d2a4bbb02f398d3601acfd87b09f543d935fc24862c314aaf64c295acdb,9,3,6,      [CALL] 0x509090..82D1.pancakeCall(),CALL,0x5090906Fe938Ce8F0746eC46D482658bEBcb82D1,,pancakeCall,yes,,18384,Stop,"0x5090906Fe938Ce8F0746eC46D482658bEBcb82D1, 44000000000000000000 [4.4e19], 1000000000000 [1e12], 0x00",,,,,,
C26,token_specific,test,no,0x24a68d2a4bbb02f398d3601acfd87b09f543d935fc24862c314aaf64c295acdb,10,4,9,        [CALL] 0xc54AAe..3039.deliver(),CALL,0xc54AAecF5fA1b6c007d019a9d14dFb4a77CC3039,victim,deliver,yes,,17334,Stop,990000000000 [9.9e11],,yes,,,,
C26,token_specific,test,no,0x24a68d2a4bbb02f398d3601acfd87b09f543d935fc24862c314aaf64c295acdb,11,3,6,      [STATICCALL] 0xbb4CdB..095c.balanceOf(),STATICCALL,0xbb4CdB9CBd36B01bD1cBaEBF2De08d9173bc095c,,balanceOf,yes,,534,Return,0xb4B84375Ae9bb94d19F416D3db553827Be349520,,,,,,
C26,token_specific,test,no,0x24a68d2a4bbb02f398d3601acfd87b09f543d935fc24862c314aaf64c295acdb,12,3,6,      [STATICCALL] 0xc54AAe..3039.balanceOf(),STATICCALL,0xc54AAecF5fA1b6c007d019a9d14dFb4a77CC3039,victim,balanceOf,yes,,7833,Return,0xb4B84375Ae9bb94d19F416D3db553827Be349520,,,,,,
C26,token_specific,test,no,0x24a68d2a4bbb02f398d3601acfd87b09f543d935fc24862c314aaf64c295acdb,13,1,1,  [CALL] 0x509090..82D1.call(),CALL,0x5090906Fe938Ce8F0746eC46D482658bEBcb82D1,,call,yes,,63937,Stop,"8000000000000000000 [8e18], 1000000000000 [1e12], 990000000000 [9.9e11]",,,,,,
C26,token_specific,test,no,0x24a68d2a4bbb02f398d3601acfd87b09f543d935fc24862c314aaf64c295acdb,14,2,13,    [CALL] 0xb4B843..9520.swap(),CALL,0xb4B84375Ae9bb94d19F416D3db553827Be349520,,swap,yes,,61583,Stop,"8000000000000000000 [8e18], 1000000000000 [1e12], 0x5090906Fe938Ce8F0746eC46D482658bEBcb82D1, 0x00","Sync(: 1453031216447006008 [1.453e18], : 347268423609734 [3.472e14]) | Swap(param0: 0x5090906Fe938Ce8F0746eC46D482658bEBcb82D1, param1: 0, param2: 2960275633871...",,,,,
C26,token_specific,test,no,0x24a68d2a4bbb02f398d3601acfd87b09f543d935fc24862c314aaf64c295acdb,15,3,14,      [CALL] 0xbb4CdB..095c.transfer(),CALL,0xbb4CdB9CBd36B01bD1cBaEBF2De08d9173bc095c,,transfer,yes,,3262,Return,"0x5090906Fe938Ce8F0746eC46D482658bEBcb82D1, 8000000000000000000 [8e18]","Transfer(from: 0xb4B84375Ae9bb94d19F416D3db553827Be349520, to: 0x5090906Fe938Ce8F0746eC46D482658bEBcb82D1, amount: 8000000000000000000 [8e18])",,,,,
C26,token_specific,test,no,0x24a68d2a4bbb02f398d3601acfd87b09f543d935fc24862c314aaf64c295acdb,16,3,14,      [CALL] 0xc54AAe..3039.transfer(),CALL,0xc54AAecF5fA1b6c007d019a9d14dFb4a77CC3039,victim,transfer,yes,,23126,Return,"0x5090906Fe938Ce8F0746eC46D482658bEBcb82D1, 1000000000000 [1e12]","Transfer(from: 0xb4B84375Ae9bb94d19F416D3db553827Be349520, to: 0x5090906Fe938Ce8F0746eC46D482658bEBcb82D1, amount: 1000000000000 [1e12])",,,,,
C26,token_specific,test,no,0x24a68d2a4bbb02f398d3601acfd87b09f543d935fc24862c314aaf64c295acdb,17,3,14,      [CALL] 0x509090..82D1.pancakeCall(),CALL,0x5090906Fe938Ce8F0746eC46D482658bEBcb82D1,,pancakeCall,yes,,12784,Stop,"0x5090906Fe938Ce8F0746eC46D482658bEBcb82D1, 8000000000000000000 [8e18], 1000000000000 [1e12], 0x00",,,,,,
C26,token_specific,test,no,0x24a68d2a4bbb02f398d3601acfd87b09f543d935fc24862c314aaf64c295acdb,18,4,17,        [CALL] 0xc54AAe..3039.deliver(),CALL,0xc54AAecF5fA1b6c007d019a9d14dFb4a77CC3039,victim,deliver,yes,,11734,Stop,990000000000 [9.9e11],,yes,,,,
C26,token_specific,test,no,0x24a68d2a4bbb02f398d3601acfd87b09f543d935fc24862c314aaf64c295acdb,19,3,14,      [STATICCALL] 0xbb4CdB..095c.balanceOf(),STATICCALL,0xbb4CdB9CBd36B01bD1cBaEBF2De08d9173bc095c,,balanceOf,yes,,534,Return,0xb4B84375Ae9bb94d19F416D3db553827Be349520,,,,,,
C26,token_specific,test,no,0x24a68d2a4bbb02f398d3601acfd87b09f543d935fc24862c314aaf64c295acdb,20,3,14,      [STATICCALL] 0xc54AAe..3039.balanceOf(),STATICCALL,0xc54AAecF5fA1b6c007d019a9d14dFb4a77CC3039,victim,balanceOf,yes,,7833,Return,0xb4B84375Ae9bb94d19F416D3db553827Be349520,,,,,,
C26,token_specific,test,no,0x24a68d2a4bbb02f398d3601acfd87b09f543d935fc24862c314aaf64c295acdb,21,1,1,  [CALL] 0x509090..82D1.call2(),CALL,0x5090906Fe938Ce8F0746eC46D482658bEBcb82D1,,call2,yes,,23119,SelfDestruct,,,,,,,
C26,token_specific,test,no,0x24a68d2a4bbb02f398d3601acfd87b09f543d935fc24862c314aaf64c295acdb,22,2,21,    [STATICCALL] 0xbb4CdB..095c.balanceOf(),STATICCALL,0xbb4CdB9CBd36B01bD1cBaEBF2De08d9173bc095c,,balanceOf,yes,,534,Return,0x5090906Fe938Ce8F0746eC46D482658bEBcb82D1,,,,,,
C26,token_specific,test,no,0x24a68d2a4bbb02f398d3601acfd87b09f543d935fc24862c314aaf64c295acdb,23,2,21,    [CALL] 0xbb4CdB..095c.withdraw(),CALL,0xbb4CdB9CBd36B01bD1cBaEBF2De08d9173bc095c,,withdraw,yes,,9362,Stop,52000000000000000000 [5.2e19],"Withdrawal(param0: 0x5090906Fe938Ce8F0746eC46D482658bEBcb82D1, param1: 52000000000000000000 [5.2e19])",,,,,
C26,token_specific,test,no,0x24a68d2a4bbb02f398d3601acfd87b09f543d935fc24862c314aaf64c295acdb,24,3,23,      [CALL] 0x509090..82D1.receive() value=52000000000000000000,CALL,0x5090906Fe938Ce8F0746eC46D482658bEBcb82D1,,receive,yes,52000000000000000000,222,Stop,,,,,,,
C26,token_specific,test,no,0x24a68d2a4bbb02f398d3601acfd87b09f543d935fc24862c314aaf64c295acdb,25,2,21,    [CALL] 0x731049..9a44.receive() value=52000000000000000000,CALL,0x731049AC78C13e1Bf8e10F993Ce7f1bA45AE9a44,attack_contract,receive,yes,52000000000000000000,0,Stop,,,,,,,
C26,token_specific,test,no,0x24a68d2a4bbb02f398d3601acfd87b09f543d935fc24862c314aaf64c295acdb,26,1,1,  [CALL] 0xE2512f..4B28.receive() value=52000000000000000000,CALL,0xE2512f5a3714F473AB2bc3D95E3459FDe7Cc4B28,attacker,receive,yes,52000000000000000000,0,Stop,,,,,,,
C27,token_specific,test,no,0x09925028ce5d6a54801d04ff8f39e79af6c24289e84b301ddcdb6adfa51e901b,1,0,,[CALL] 0xE02970..bc83.292e8e54(),CALL,0xE02970BD38b283C3079720C1E71001abE001bc83,attack_contract,292e8e54,no,,413564,Stop,,,,,,,
C27,token_specific,test,no,0x09925028ce5d6a54801d04ff8f39e79af6c24289e84b301ddcdb6adfa51e901b,2,1,1,  [CALL] 0x01b2c7..DB37.aaa94bfa(),CALL,0x01b2c773B37483d280366DdF48097D79D68cDB37,,aaa94bfa,no,,2351,Return,,,,,,,
C27,token_specific,test,no,0x09925028ce5d6a54801d04ff8f39e79af6c24289e84b301ddcdb6adfa51e901b,3,1,1,  [CALL] 0x1954b6..CC07.approve(),CALL,0x1954b6bd198c29c3ecF2D6F6bc70A4D41eA1CC07,victim,approve,yes,,24681,Return,"0x10ED43C718714eb63d5aA57B78B54704E256024E, 115792089237316195423570985008687907853269984665640564039457584007913129639935 [1.157e77]","Approval(owner: 0xE02970BD38b283C3079720C1E71001abE001bc83, spender: 0x10ED43C718714eb63d5aA57B78B54704E256024E, amount: 115792089237316195423570985008687907853...",,,,,
C27,token_specific,test,no,0x09925028ce5d6a54801d04ff8f39e79af6c24289e84b301ddcdb6adfa51e901b,4,1,1,  [CALL] 0xbb4CdB..095c.approve(),CALL,0xbb4CdB9CBd36B01bD1cBaEBF2De08d9173bc095c,,approve,yes,,24420,Return,"0x10ED43C718714eb63d5aA57B78B54704E256024E, 115792089237316195423570985008687907853269984665640564039457584007913129639935 [1.157e77]","Approval(owner: 0xE02970BD38b283C3079720C1E71001abE001bc83, spender: 0x10ED43C718714eb63d5aA57B78B54704E256024E, amount: 115792089237316195423570985008687907853...",,,,,
C27,token_specific,test,no,0x09925028ce5d6a54801d04ff8f39e79af6c24289e84b301ddcdb6adfa51e901b,5,1,1,  [STATICCALL] 0xbb4CdB..095c.balanceOf(),STATICCALL,0xbb4CdB9CBd36B01bD1cBaEBF2De08d9173bc095c,,balanceOf,yes,,2534,Return,0xFeAFe253802b77456B4627F8c2306a9CeBb5d681,,,,,,
C27,token_specific,test,no,0x09925028ce5d6a54801d04ff8f39e79af6c24289e84b301ddcdb6adfa51e901b,6,1,1,  [CALL] 0xFeAFe2..d681.flashLoan(),CALL,0xFeAFe253802b77456B4627F8c2306a9CeBb5d681,,flashLoan,yes,,311899,Stop,"1363426920555815103015 [1.363e21], 0, 0xE02970BD38b283C3079720C1E71001abE001bc83, 0x00","DODOFlashLoan(: 0xE02970BD38b283C3079720C1E71001abE001bc83, : 0xE02970BD38b283C3079720C1E71001abE001bc83, : 1363426920555815103015 [1.363e21], : 0)",,,,,
C27,token_specific,test,no,0x09925028ce5d6a54801d04ff8f39e79af6c24289e84b301ddcdb6adfa51e901b,7,2,6,    [CALL] 0xbb4CdB..095c.transfer(),CALL,0xbb4CdB9CBd36B01bD1cBaEBF2De08d9173bc095c,,transfer,yes,,27962,Return,"0xE02970BD38b283C3079720C1E71001abE001bc83, 1363426920555815103015 [1.363e21]","Transfer(from: 0xFeAFe253802b77456B4627F8c2306a9CeBb5d681, to: 0xE02970BD38b283C3079720C1E71001abE001bc83, amount: 1363426920555815103015 [1.363e21])",,,,,
C27,token_specific,test,no,0x09925028ce5d6a54801d04ff8f39e79af6c24289e84b301ddcdb6adfa51e901b,8,2,6,    [CALL] 0xE02970..bc83.DPPFlashLoanCall(),CALL,0xE02970BD38b283C3079720C1E71001abE001bc83,attack_contract,DPPFlashLoanCall,yes,,257594,Stop,"0xE02970BD38b283C3079720C1E71001abE001bc83, 1363426920555815103015 [1.363e21], 0, 0x00",,,,,,
C27,token_specific,test,no,0x09925028ce5d6a54801d04ff8f39e79af6c24289e84b301ddcdb6adfa51e901b,9,3,8,      [STATICCALL] 0xbb4CdB..095c.balanceOf(),STATICCALL,0xbb4CdB9CBd36B01bD1cBaEBF2De08d9173bc095c,,balanceOf,yes,,2534,Return,0x6db8209C3583E7Cecb01d3025c472D1eDDBE49F3,,,,,,
C27,token_specific,test,no,0x09925028ce5d6a54801d04ff8f39e79af6c24289e84b301ddcdb6adfa51e901b,10,3,8,      [CALL] 0x10ED43..024E.swapExactTokensForTokensSupportingFeeOnTransferTokens(),CALL,0x10ED43C718714eb63d5aA57B78B54704E256024E,,swapExactTokensForTokensSupportingFeeOnTransferTokens,yes,,137129,Stop,"16326701609462839506 [1.632e19], 0, [0xbb4CdB9CBd36B01bD1cBaEBF2De08d9173bc095c, 0x1954b6bd198c29c3ecF2D6F6bc70A4D41eA1CC07], 0xE02970BD38b283C3079720C1E71001ab...",,,,,,
C27,token_specific,test,no,0x09925028ce5d6a54801d04ff8f39e79af6c24289e84b301ddcdb6adfa51e901b,11,4,10,        [CALL] 0xbb4CdB..095c.transferFrom(),CALL,0xbb4CdB9CBd36B01bD1cBaEBF2De08d9173bc095c,,transferFrom,yes,,6225,Return,"0xE02970BD38b283C3079720C1E71001abE001bc83, 0x6db8209C3583E7Cecb01d3025c472D1eDDBE49F3, 16326701609462839506 [1.632e19]","Transfer(from: 0xE02970BD38b283C3079720C1E71001abE001bc83, to: 0x6db8209C3583E7Cecb01d3025c472D1eDDBE49F3, amount: 16326701609462839506 [1.632e19])",,,,,
C27,token_specific,test,no,0x09925028ce5d6a54801d04ff8f39e79af6c24289e84b301ddcdb6adfa51e901b,12,4,10,        [STATICCALL] 0x1954b6..CC07.balanceOf(),STATICCALL,0x1954b6bd198c29c3ecF2D6F6bc70A4D41eA1CC07,victim,balanceOf,yes,,21152,Return,0xE02970BD38b283C3079720C1E71001abE001bc83,,,,,,
C27,token_specific,test,no,0x09925028ce5d6a54801d04ff8f39e79af6c24289e84b301ddcdb6adfa51e901b,13,4,10,        [STATICCALL] 0x6db820..49F3.getReserves(),STATICCALL,0x6db8209C3583E7Cecb01d3025c472D1eDDBE49F3,,getReserves,yes,,2893,Return,,,,,,,
C27,token_specific,test,no,0x09925028ce5d6a54801d04ff8f39e79af6c24289e84b301ddcdb6adfa51e901b,14,4,10,        [STATICCALL] 0xbb4CdB..095c.balanceOf(),STATICCALL,0xbb4CdB9CBd36B01bD1cBaEBF2De08d9173bc095c,,balanceOf,yes,,534,Return,0x6db8209C3583E7Cecb01d3025c472D1eDDBE49F3,,,,,,
C27,token_specific,test,no,0x09925028ce5d6a54801d04ff8f39e79af6c24289e84b301ddcdb6adfa51e901b,15,4,10,        [CALL] 0x6db820..49F3.swap(),CALL,0x6db8209C3583E7Cecb01d3025c472D1eDDBE49F3,,swap,yes,,91481,Stop,"49935372988746381368951 [4.993e22], 0, 0xE02970BD38b283C3079720C1E71001abE001bc83, 0x","Sync(: 50060579699495119166869 [5.006e22], : 32653403218925679012 [3.265e19]) | Swap(param0: 0x10ED43C718714eb63d5aA57B78B54704E256024E, param1: 554000000000000...",,,,,
C27,token_specific,test,no,0x09925028ce5d6a54801d04ff8f39e79af6c24289e84b301ddcdb6adfa51e901b,16,5,15,          [CALL] 0x1954b6..CC07.transfer(),CALL,0x1954b6bd198c29c3ecF2D6F6bc70A4D41eA1CC07,victim,transfer,yes,,52486,Return,"0xE02970BD38b283C3079720C1E71001abE001bc83, 49935372988746381368951 [4.993e22]","Transfer(from: 0x6db8209C3583E7Cecb01d3025c472D1eDDBE49F3, to: 0xE02970BD38b283C3079720C1E71001abE001bc83, amount: 49935372988746381368951 [4.993e22])",,,,,
C27,token_specific,test,no,0x09925028ce5d6a54801d04ff8f39e79af6c24289e84b301ddcdb6adfa51e901b,17,5,15,          [STATICCALL] 0x1954b6..CC07.balanceOf(),STATICCALL,0x1954b6bd198c29c3ecF2D6F6bc70A4D41eA1CC07,victim,balanceOf,yes,,5152,Return,0x6db8209C3583E7Cecb01d3025c472D1eDDBE49F3,,,,,,
C27,token_specific,test,no,0x09925028ce5d6a54801d04ff8f39e79af6c24289e84b301ddcdb6adfa51e901b,18,5,15,          [STATICCALL] 0xbb4CdB..095c.balanceOf(),STATICCALL,0xbb4CdB9CBd36B01bD1cBaEBF2De08d9173bc095c,,balanceOf,yes,,534,Return,0x6db8209C3583E7Cecb01d3025c472D1eDDBE49F3,,,,,,
C27,token_specific,test,no,0x09925028ce5d6a54801d04ff8f39e79af6c24289e84b301ddcdb6adfa51e901b,19,4,10,        [STATICCALL] 0x1954b6..CC07.balanceOf(),STATICCALL,0x1954b6bd198c29c3ecF2D6F6bc70A4D41eA1CC07,victim,balanceOf,yes,,5152,Return,0xE02970BD38b283C3079720C1E71001abE001bc83,,,,,,
C27,token_specific,test,no,0x09925028ce5d6a54801d04ff8f39e79af6c24289e84b301ddcdb6adfa51e901b,20,3,8,      [STATICCALL] 0x1954b6..CC07.balanceOf(),STATICCALL,0x1954b6bd198c29c3ecF2D6F6bc70A4D41eA1CC07,victim,balanceOf,yes,,5152,Return,0xE02970BD38b283C3079720C1E71001abE001bc83,,,,,,
C27,token_specific,test,no,0x09925028ce5d6a54801d04ff8f39e79af6c24289e84b301ddcdb6adfa51e901b,21,3,8,      [CALL] 0x1954b6..CC07.deliver(),CALL,0x1954b6bd198c29c3ecF2D6F6bc70A4D41eA1CC07,victim,deliver,yes,,31732,Stop,28463162603585437380302 [2.846e22],,yes,,,,
C27,token_specific,test,no,0x09925028ce5d6a54801d04ff8f39e79af6c24289e84b301ddcdb6adfa51e901b,22,3,8,      [STATICCALL] 0x6db820..49F3.getReserves(),STATICCALL,0x6db8209C3583E7Cecb01d3025c472D1eDDBE49F3,,getReserves,yes,,893,Return,,,,,,,
C27,token_specific,test,no,0x09925028ce5d6a54801d04ff8f39e79af6c24289e84b301ddcdb6adfa51e901b,23,3,8,      [STATICCALL] 0x1954b6..CC07.balanceOf(),STATICCALL,0x1954b6bd198c29c3ecF2D6F6bc70A4D41eA1CC07,victim,balanceOf,yes,,5152,Return,0x6db8209C3583E7Cecb01d3025c472D1eDDBE49F3,,,,,,
C27,token_specific,test,no,0x09925028ce5d6a54801d04ff8f39e79af6c24289e84b301ddcdb6adfa51e901b,24,3,8,      [STATICCALL] 0x10ED43..024E.getAmountsOut(),STATICCALL,0x10ED43C718714eb63d5aA57B78B54704E256024E,,getAmountsOut,yes,,5111,Return,"11072216999130749991444561 [1.107e25], [0x1954b6bd198c29c3ecF2D6F6bc70A4D41eA1CC07, 0xbb4CdB9CBd36B01bD1cBaEBF2De08d9173bc095c]",,,,,,
C27,token_specific,test,no,0x09925028ce5d6a54801d04ff8f39e79af6c24289e84b301ddcdb6adfa51e901b,25,4,24,        [STATICCALL] 0x6db820..49F3.getReserves(),STATICCALL,0x6db8209C3583E7Cecb01d3025c472D1eDDBE49F3,,getReserves,yes,,893,Return,,,,,,,
C27,token_specific,test,no,0x09925028ce5d6a54801d04ff8f39e79af6c24289e84b301ddcdb6adfa51e901b,26,3,8,      [CALL] 0x01b2c7..DB37.5365f1be(),CALL,0x01b2c773B37483d280366DdF48097D79D68cDB37,,5365f1be,no,,45789,Stop,0000000000000000000000006db8209c3583e7cecb01d3025c472d1eddbe49f3000000000000000000000000000000000000000000000000000000000000000000000000000000000000000000000000...,,,,,,
C27,token_specific,test,no,0x09925028ce5d6a54801d04ff8f39e79af6c24289e84b301ddcdb6adfa51e901b,27,4,26,        [CALL] 0x6db820..49F3.swap(),CALL,0x6db8209C3583E7Cecb01d3025c472D1eDDBE49F3,,swap,yes,,44876,Stop,"0, 32506065889868331731 [3.25e19], 0x01b2c773B37483d280366DdF48097D79D68cDB37, 0x","Sync(: 11122277578830245110611430 [1.112e25], : 147337329057347281 [1.473e17]) | Swap(param0: 0x01b2c773B37483d280366DdF48097D79D68cDB37, param1: 11072216999130...",,,,,
C27,token_specific,test,no,0x09925028ce5d6a54801d04ff8f39e79af6c24289e84b301ddcdb6adfa51e901b,28,5,27,          [CALL] 0xbb4CdB..095c.transfer(),CALL,0xbb4CdB9CBd36B01bD1cBaEBF2De08d9173bc095c,,transfer,yes,,25162,Return,"0x01b2c773B37483d280366DdF48097D79D68cDB37, 32506065889868331731 [3.25e19]","Transfer(from: 0x6db8209C3583E7Cecb01d3025c472D1eDDBE49F3, to: 0x01b2c773B37483d280366DdF48097D79D68cDB37, amount: 32506065889868331731 [3.25e19])",,,,,
C27,token_specific,test,no,0x09925028ce5d6a54801d04ff8f39e79af6c24289e84b301ddcdb6adfa51e901b,29,5,27,          [STATICCALL] 0x1954b6..CC07.balanceOf(),STATICCALL,0x1954b6bd198c29c3ecF2D6F6bc70A4D41eA1CC07,victim,balanceOf,yes,,5152,Return,0x6db8209C3583E7Cecb01d3025c472D1eDDBE49F3,,,,,,
C27,token_specific,test,no,0x09925028ce5d6a54801d04ff8f39e79af6c24289e84b301ddcdb6adfa51e901b,30,5,27,          [STATICCALL] 0xbb4CdB..095c.balanceOf(),STATICCALL,0xbb4CdB9CBd36B01bD1cBaEBF2De08d9173bc095c,,balanceOf,yes,,534,Return,0x6db8209C3583E7Cecb01d3025c472D1eDDBE49F3,,,,,,
C27,token_specific,test,no,0x09925028ce5d6a54801d04ff8f39e79af6c24289e84b301ddcdb6adfa51e901b,31,3,8,      [STATICCALL] 0xbb4CdB..095c.balanceOf(),STATICCALL,0xbb4CdB9CBd36B01bD1cBaEBF2De08d9173bc095c,,balanceOf,yes,,534,Return,0xE02970BD38b283C3079720C1E71001abE001bc83,,,,,,
C27,token_specific,test,no,0x09925028ce5d6a54801d04ff8f39e79af6c24289e84b301ddcdb6adfa51e901b,32,3,8,      [CALL] 0x01b2c7..DB37.e9bf54a2(),CALL,0x01b2c773B37483d280366DdF48097D79D68cDB37,,e9bf54a2,no,,4212,Stop,000000000000000000000000bb4cdb9cbd36b01bd1cbaebf2de08d9173bc095c000000000000000000000000000000000000000000000000e294189c79d4b8d2,,,,,,
C27,token_specific,test,no,0x09925028ce5d6a54801d04ff8f39e79af6c24289e84b301ddcdb6adfa51e901b,33,4,32,        [CALL] 0xbb4CdB..095c.transfer(),CALL,0xbb4CdB9CBd36B01bD1cBaEBF2De08d9173bc095c,,transfer,yes,,3262,Return,"0xE02970BD38b283C3079720C1E71001abE001bc83, 16326701609462839506 [1.632e19]","Transfer(from: 0x01b2c773B37483d280366DdF48097D79D68cDB37, to: 0xE02970BD38b283C3079720C1E71001abE001bc83, amount: 16326701609462839506 [1.632e19])",,,,,
C27,token_specific,test,no,0x09925028ce5d6a54801d04ff8f39e79af6c24289e84b301ddcdb6adfa51e901b,34,3,8,      [CALL] 0xbb4CdB..095c.transfer(),CALL,0xbb4CdB9CBd36B01bD1cBaEBF2De08d9173bc095c,,transfer,yes,,3262,Return,"0xFeAFe253802b77456B4627F8c2306a9CeBb5d681, 1363426920555815103015 [1.363e21]","Transfer(from: 0xE02970BD38b283C3079720C1E71001abE001bc83, to: 0xFeAFe253802b77456B4627F8c2306a9CeBb5d681, amount: 1363426920555815103015 [1.363e21])",,,,,
C27,token_specific,test,no,0x09925028ce5d6a54801d04ff8f39e79af6c24289e84b301ddcdb6adfa51e901b,35,2,6,    [STATICCALL] 0xbb4CdB..095c.balanceOf(),STATICCALL,0xbb4CdB9CBd36B01bD1cBaEBF2De08d9173bc095c,,balanceOf,yes,,534,Return,0xFeAFe253802b77456B4627F8c2306a9CeBb5d681,,,,,,
C27,token_specific,test,no,0x09925028ce5d6a54801d04ff8f39e79af6c24289e84b301ddcdb6adfa51e901b,36,2,6,    [STATICCALL] 0x55d398..7955.balanceOf(),STATICCALL,0x55d398326f99059fF775485246999027B3197955,,balanceOf,yes,,2531,Return,0xFeAFe253802b77456B4627F8c2306a9CeBb5d681,,,,,,
C27,token_specific,test,no,0x09925028ce5d6a54801d04ff8f39e79af6c24289e84b301ddcdb6adfa51e901b,37,2,6,    [STATICCALL] 0xbb4CdB..095c.balanceOf(),STATICCALL,0xbb4CdB9CBd36B01bD1cBaEBF2De08d9173bc095c,,balanceOf,yes,,534,Return,0xFeAFe253802b77456B4627F8c2306a9CeBb5d681,,,,,,
C27,token_specific,test,no,0x09925028ce5d6a54801d04ff8f39e79af6c24289e84b301ddcdb6adfa51e901b,38,2,6,    [STATICCALL] 0x55d398..7955.balanceOf(),STATICCALL,0x55d398326f99059fF775485246999027B3197955,,balanceOf,yes,,531,Return,0xFeAFe253802b77456B4627F8c2306a9CeBb5d681,,,,,,
C28,token_specific,test,yes,0x8a8145ab28b5d2a2e61d74c02c12350731f479b3175893de2014124f998bff32,1,0,,[CALL] 0x000000..7d00.56603732(),CALL,0x00000000000747D525E898424E8774F7Eb317d00,attack_contract,56603732,no,,285405,Return,00000000000747d525e898424e8774f7eb317d000000000000f49912000000000000000000000000000000008c0bf10ff5c5fa2828b5e32b00a68cce4d90302b728ad60a0fd7bac7737cd3545f0024ef...,,,,,,
C28,token_specific,test,yes,0x8a8145ab28b5d2a2e61d74c02c12350731f479b3175893de2014124f998bff32,2,1,1,  [CALL] 0x000000..7d00.28b5e32b(),CALL,0x00000000000747D525E898424E8774F7Eb317d00,attack_contract,28b5e32b,no,,268641,Return,00a68cce4d90302b728ad60a0fd7bac7737cd3545f0024ef78cabc00000000000000000000000078ac2624a2cd193e8defe9f39a9528e8bd4a368c,,,,,,
C28,token_specific,test,yes,0x8a8145ab28b5d2a2e61d74c02c12350731f479b3175893de2014124f998bff32,3,2,2,    [CALL] 0xa68ccE..545F.ef78cabc(),CALL,0xa68ccE4D90302B728aD60A0fD7baC7737cD3545F,,ef78cabc,no,,267934,Stop,00000000000000000000000078ac2624a2cd193e8defe9f39a9528e8bd4a368c,,,,,,
C28,token_specific,test,yes,0x8a8145ab28b5d2a2e61d74c02c12350731f479b3175893de2014124f998bff32,4,3,3,      [STATICCALL] 0x3496B5..3079.balanceOf(),STATICCALL,0x3496B523e5C00a4b4150D6721320CdDb234c3079,,balanceOf,yes,,4049,Return,0x78AC2624a2Cd193E8dEfE9F39A9528e8bd4a368c,,,,,,
C28,token_specific,test,yes,0x8a8145ab28b5d2a2e61d74c02c12350731f479b3175893de2014124f998bff32,5,4,4,        [DELEGATECALL] 0xd39015..888c.balanceOf(),DELEGATECALL,0xd39015041518064743D955cF550C611b0b68888c,,balanceOf,yes,,770,Return,0x78AC2624a2Cd193E8dEfE9F39A9528e8bd4a368c,,,,,,
C28,token_specific,test,yes,0x8a8145ab28b5d2a2e61d74c02c12350731f479b3175893de2014124f998bff32,6,3,3,      [STATICCALL] 0x3496B5..3079.allowance(),STATICCALL,0x3496B523e5C00a4b4150D6721320CdDb234c3079,,allowance,yes,,1962,Return,"0x78AC2624a2Cd193E8dEfE9F39A9528e8bd4a368c, 0x765277EebeCA2e31912C9946eAe1021199B39C61",,,,,,
C28,token_specific,test,yes,0x8a8145ab28b5d2a2e61d74c02c12350731f479b3175893de2014124f998bff32,7,4,6,        [DELEGATECALL] 0xd39015..888c.allowance(),DELEGATECALL,0xd39015041518064743D955cF550C611b0b68888c,,allowance,yes,,1180,Return,"0x78AC2624a2Cd193E8dEfE9F39A9528e8bd4a368c, 0x765277EebeCA2e31912C9946eAe1021199B39C61",,,,,,
C28,token_specific,test,yes,0x8a8145ab28b5d2a2e61d74c02c12350731f479b3175893de2014124f998bff32,8,3,3,      [CALL] 0x765277..9C61.anySwapOutUnderlyingWithPermit(),CALL,0x765277EebeCA2e31912C9946eAe1021199B39C61,victim,anySwapOutUnderlyingWithPermit,yes,,41098,Stop,"0x78AC2624a2Cd193E8dEfE9F39A9528e8bd4a368c, 0xa68ccE4D90302B728aD60A0fD7baC7737cD3545F, 0xa68ccE4D90302B728aD60A0fD7baC7737cD3545F, 557754450001980916242788 [5....","LogAnySwapOut(param0: 0xa68ccE4D90302B728aD60A0fD7baC7737cD3545F, param1: 0x78AC2624a2Cd193E8dEfE9F39A9528e8bd4a368c, param2: 0xa68ccE4D90302B728aD60A0fD7baC773...",yes,,,,
C28,token_specific,test,yes,0x8a8145ab28b5d2a2e61d74c02c12350731f479b3175893de2014124f998bff32,9,4,8,        [STATICCALL] 0xa68ccE..545F.underlying(),STATICCALL,0xa68ccE4D90302B728aD60A0fD7baC7737cD3545F,,underlying,yes,,365,Return,,,,,,,
C28,token_specific,test,yes,0x8a8145ab28b5d2a2e61d74c02c12350731f479b3175893de2014124f998bff32,10,4,8,        [CALL] 0x3496B5..3079.permit(),CALL,0x3496B523e5C00a4b4150D6721320CdDb234c3079,,permit,yes,,1507,Return,"0x78AC2624a2Cd193E8dEfE9F39A9528e8bd4a368c, 0x765277EebeCA2e31912C9946eAe1021199B39C61, 557754450001980916242788 [5.577e23], 100000000000000000000 [1e20], 0, 0x...",,,,,,
C28,token_specific,test,yes,0x8a8145ab28b5d2a2e61d74c02c12350731f479b3175893de2014124f998bff32,11,5,10,          [DELEGATECALL] 0xd39015..888c.permit(),DELEGATECALL,0xd39015041518064743D955cF550C611b0b68888c,,permit,yes,,698,Stop,"0x78AC2624a2Cd193E8dEfE9F39A9528e8bd4a368c, 0x765277EebeCA2e31912C9946eAe1021199B39C61, 557754450001980916242788 [5.577e23], 100000000000000000000 [1e20], 0, 0x...",,,,,,
C28,token_specific,test,yes,0x8a8145ab28b5d2a2e61d74c02c12350731f479b3175893de2014124f998bff32,12,4,8,        [CALL] 0x3496B5..3079.transferFrom(),CALL,0x3496B523e5C00a4b4150D6721320CdDb234c3079,,transferFrom,yes,,31089,Return,"0x78AC2624a2Cd193E8dEfE9F39A9528e8bd4a368c, 0xa68ccE4D90302B728aD60A0fD7baC7737cD3545F, 557754450001980916242788 [5.577e23]",,,,,,
C28,token_specific,test,yes,0x8a8145ab28b5d2a2e61d74c02c12350731f479b3175893de2014124f998bff32,13,5,12,          [DELEGATECALL] 0xd39015..888c.transferFrom(),DELEGATECALL,0xd39015041518064743D955cF550C611b0b68888c,,transferFrom,yes,,30301,Return,"0x78AC2624a2Cd193E8dEfE9F39A9528e8bd4a368c, 0xa68ccE4D90302B728aD60A0fD7baC7737cD3545F, 557754450001980916242788 [5.577e23]","Transfer(from: 0x78AC2624a2Cd193E8dEfE9F39A9528e8bd4a368c, to: 0xa68ccE4D90302B728aD60A0fD7baC7737cD3545F, amount: 557754450001980916242788 [5.577e23])",,,,,
C28,token_specific,test,yes,0x8a8145ab28b5d2a2e61d74c02c12350731f479b3175893de2014124f998bff32,14,4,8,        [CALL] 0xa68ccE..545F.depositVault(),CALL,0xa68ccE4D90302B728aD60A0fD7baC7737cD3545F,,depositVault,yes,,444,Return,"557754450001980916242788 [5.577e23], 0x78AC2624a2Cd193E8dEfE9F39A9528e8bd4a368c",,,,,,
C28,token_specific,test,yes,0x8a8145ab28b5d2a2e61d74c02c12350731f479b3175893de2014124f998bff32,15,4,8,        [CALL] 0xa68ccE..545F.burn(),CALL,0xa68ccE4D90302B728aD60A0fD7baC7737cD3545F,,burn,yes,,409,Return,"0x78AC2624a2Cd193E8dEfE9F39A9528e8bd4a368c, 557754450001980916242788 [5.577e23]",,,,,,
C28,token_specific,test,yes,0x8a8145ab28b5d2a2e61d74c02c12350731f479b3175893de2014124f998bff32,16,3,3,      [STATICCALL] 0x3496B5..3079.balanceOf(),STATICCALL,0x3496B523e5C00a4b4150D6721320CdDb234c3079,,balanceOf,yes,,1549,Return,0xa68ccE4D90302B728aD60A0fD7baC7737cD3545F,,,,,,
C28,token_specific,test,yes,0x8a8145ab28b5d2a2e61d74c02c12350731f479b3175893de2014124f998bff32,17,4,16,        [DELEGATECALL] 0xd39015..888c.balanceOf(),DELEGATECALL,0xd39015041518064743D955cF550C611b0b68888c,,balanceOf,yes,,770,Return,0xa68ccE4D90302B728aD60A0fD7baC7737cD3545F,,,,,,
C28,token_specific,test,yes,0x8a8145ab28b5d2a2e61d74c02c12350731f479b3175893de2014124f998bff32,18,3,3,      [CALL] 0x3496B5..3079.transfer(),CALL,0x3496B523e5C00a4b4150D6721320CdDb234c3079,,transfer,yes,,34627,Return,"0x68b3465833fb72A70ecDF485E0e4C7bD8665Fc45, 557754450001980916242788 [5.577e23]",,,,,,
C28,token_specific,test,yes,0x8a8145ab28b5d2a2e61d74c02c12350731f479b3175893de2014124f998bff32,19,4,18,        [DELEGATECALL] 0xd39015..888c.transfer(),DELEGATECALL,0xd39015041518064743D955cF550C611b0b68888c,,transfer,yes,,33845,Return,"0x68b3465833fb72A70ecDF485E0e4C7bD8665Fc45, 557754450001980916242788 [5.577e23]","Transfer(from: 0xa68ccE4D90302B728aD60A0fD7baC7737cD3545F, to: 0x68b3465833fb72A70ecDF485E0e4C7bD8665Fc45, amount: 557754450001980916242788 [5.577e23]) | Contra...",,,,,
C28,token_specific,test,yes,0x8a8145ab28b5d2a2e61d74c02c12350731f479b3175893de2014124f998bff32,20,5,19,          [CALL] 0x68b346..Fc45.onTokenTransfer(),CALL,0x68b3465833fb72A70ecDF485E0e4C7bD8665Fc45,,onTokenTransfer,yes,,204,Revert,"0xa68ccE4D90302B728aD60A0fD7baC7737cD3545F, 557754450001980916242788 [5.577e23], 0x",,,,,,
C28,token_specific,test,yes,0x8a8145ab28b5d2a2e61d74c02c12350731f479b3175893de2014124f998bff32,21,3,3,      [CALL] 0x68b346..Fc45.swapExactTokensForTokens(),CALL,0x68b3465833fb72A70ecDF485E0e4C7bD8665Fc45,,swapExactTokensForTokens,yes,,82100,Return,"0, 0, [0x3496B523e5C00a4b4150D6721320CdDb234c3079, 0xA0b86991c6218b36c1d19D4a2e9Eb0cE3606eB48], 0x68b3465833fb72A70ecDF485E0e4C7bD8665Fc45",,,,,,
C28,token_specific,test,yes,0x8a8145ab28b5d2a2e61d74c02c12350731f479b3175893de2014124f998bff32,22,4,21,        [STATICCALL] 0x3496B5..3079.balanceOf(),STATICCALL,0x3496B523e5C00a4b4150D6721320CdDb234c3079,,balanceOf,yes,,1549,Return,0x68b3465833fb72A70ecDF485E0e4C7bD8665Fc45,,,,,,
C28,token_specific,test,yes,0x8a8145ab28b5d2a2e61d74c02c12350731f479b3175893de2014124f998bff32,23,5,22,          [DELEGATECALL] 0xd39015..888c.balanceOf(),DELEGATECALL,0xd39015041518064743D955cF550C611b0b68888c,,balanceOf,yes,,770,Return,0x68b3465833fb72A70ecDF485E0e4C7bD8665Fc45,,,,,,
C28,token_specific,test,yes,0x8a8145ab28b5d2a2e61d74c02c12350731f479b3175893de2014124f998bff32,24,4,21,        [CALL] 0x3496B5..3079.transfer(),CALL,0x3496B523e5C00a4b4150D6721320CdDb234c3079,,transfer,yes,,12060,Return,"0x22527f92f43Dc8bEa6387CE40B87EbAa21f51Df3, 557754450001980916242788 [5.577e23]",,,,,,
C28,token_specific,test,yes,0x8a8145ab28b5d2a2e61d74c02c12350731f479b3175893de2014124f998bff32,25,5,24,          [DELEGATECALL] 0xd39015..888c.transfer(),DELEGATECALL,0xd39015041518064743D955cF550C611b0b68888c,,transfer,yes,,11278,Return,"0x22527f92f43Dc8bEa6387CE40B87EbAa21f51Df3, 557754450001980916242788 [5.577e23]","Transfer(from: 0x68b3465833fb72A70ecDF485E0e4C7bD8665Fc45, to: 0x22527f92f43Dc8bEa6387CE40B87EbAa21f51Df3, amount: 557754450001980916242788 [5.577e23]) | Contra...",,,,,
C28,token_specific,test,yes,0x8a8145ab28b5d2a2e61d74c02c12350731f479b3175893de2014124f998bff32,26,6,25,            [CALL] 0x22527f..1Df3.onTokenTransfer(),CALL,0x22527f92f43Dc8bEa6387CE40B87EbAa21f51Df3,,onTokenTransfer,yes,,248,Revert,"0x68b3465833fb72A70ecDF485E0e4C7bD8665Fc45, 557754450001980916242788 [5.577e23], 0x",,,,,,
C28,token_specific,test,yes,0x8a8145ab28b5d2a2e61d74c02c12350731f479b3175893de2014124f998bff32,27,4,21,        [STATICCALL] 0xA0b869..eB48.balanceOf(),STATICCALL,0xA0b86991c6218b36c1d19D4a2e9Eb0cE3606eB48,,balanceOf,yes,,3815,Return,0x68b3465833fb72A70ecDF485E0e4C7bD8665Fc45,,,,,,
C28,token_specific,test,yes,0x8a8145ab28b5d2a2e61d74c02c12350731f479b3175893de2014124f998bff32,28,5,27,          [DELEGATECALL] 0xa2327a..bDCF.balanceOf(),DELEGATECALL,0xa2327a938Febf5FEC13baCFb16Ae10EcBc4cbDCF,,balanceOf,yes,,529,Return,0x68b3465833fb72A70ecDF485E0e4C7bD8665Fc45,,,,,,
C28,token_specific,test,yes,0x8a8145ab28b5d2a2e61d74c02c12350731f479b3175893de2014124f998bff32,29,4,21,        [STATICCALL] 0x22527f..1Df3.getReserves(),STATICCALL,0x22527f92f43Dc8bEa6387CE40B87EbAa21f51Df3,,getReserves,yes,,504,Return,,,,,,,
C28,token_specific,test,yes,0x8a8145ab28b5d2a2e61d74c02c12350731f479b3175893de2014124f998bff32,30,4,21,        [STATICCALL] 0x3496B5..3079.balanceOf(),STATICCALL,0x3496B523e5C00a4b4150D6721320CdDb234c3079,,balanceOf,yes,,1549,Return,0x22527f92f43Dc8bEa6387CE40B87EbAa21f51Df3,,,,,,
C28,token_specific,test,yes,0x8a8145ab28b5d2a2e61d74c02c12350731f479b3175893de2014124f998bff32,31,5,30,          [DELEGATECALL] 0xd39015..888c.balanceOf(),DELEGATECALL,0xd39015041518064743D955cF550C611b0b68888c,,balanceOf,yes,,770,Return,0x22527f92f43Dc8bEa6387CE40B87EbAa21f51Df3,,,,,,
C28,token_specific,test,yes,0x8a8145ab28b5d2a2e61d74c02c12350731f479b3175893de2014124f998bff32,32,4,21,        [CALL] 0x22527f..1Df3.swap(),CALL,0x22527f92f43Dc8bEa6387CE40B87EbAa21f51Df3,,swap,yes,,51704,Stop,"0, 13822280101 [1.382e10], 0x68b3465833fb72A70ecDF485E0e4C7bD8665Fc45, 0x","Sync(: 5029730437889863353567699 [5.029e24], : 111158057843 [1.111e11]) | Swap(param0: 0x68b3465833fb72A70ecDF485E0e4C7bD8665Fc45, param1: 557754450001980916242...",,,,,
C28,token_specific,test,yes,0x8a8145ab28b5d2a2e61d74c02c12350731f479b3175893de2014124f998bff32,33,5,32,          [CALL] 0xA0b869..eB48.transfer(),CALL,0xA0b86991c6218b36c1d19D4a2e9Eb0cE3606eB48,,transfer,yes,,27517,Return,"0x68b3465833fb72A70ecDF485E0e4C7bD8665Fc45, 13822280101 [1.382e10]",,,,,,
C28,token_specific,test,yes,0x8a8145ab28b5d2a2e61d74c02c12350731f479b3175893de2014124f998bff32,34,6,33,            [DELEGATECALL] 0xa2327a..bDCF.transfer(),DELEGATECALL,0xa2327a938Febf5FEC13baCFb16Ae10EcBc4cbDCF,,transfer,yes,,26728,Return,"0x68b3465833fb72A70ecDF485E0e4C7bD8665Fc45, 13822280101 [1.382e10]","Transfer(from: 0x22527f92f43Dc8bEa6387CE40B87EbAa21f51Df3, to: 0x68b3465833fb72A70ecDF485E0e4C7bD8665Fc45, amount: 13822280101 [1.382e10])",,,,,
C28,token_specific,test,yes,0x8a8145ab28b5d2a2e61d74c02c12350731f479b3175893de2014124f998bff32,35,5,32,          [STATICCALL] 0x3496B5..3079.balanceOf(),STATICCALL,0x3496B523e5C00a4b4150D6721320CdDb234c3079,,balanceOf,yes,,1549,Return,0x22527f92f43Dc8bEa6387CE40B87EbAa21f51Df3,,,,,,
C28,token_specific,test,yes,0x8a8145ab28b5d2a2e61d74c02c12350731f479b3175893de2014124f998bff32,36,6,35,            [DELEGATECALL] 0xd39015..888c.balanceOf(),DELEGATECALL,0xd39015041518064743D955cF550C611b0b68888c,,balanceOf,yes,,770,Return,0x22527f92f43Dc8bEa6387CE40B87EbAa21f51Df3,,,,,,
C28,token_specific,test,yes,0x8a8145ab28b5d2a2e61d74c02c12350731f479b3175893de2014124f998bff32,37,5,32,          [STATICCALL] 0xA0b869..eB48.balanceOf(),STATICCALL,0xA0b86991c6218b36c1d19D4a2e9Eb0cE3606eB48,,balanceOf,yes,,1315,Return,0x22527f92f43Dc8bEa6387CE40B87EbAa21f51Df3,,,,,,
C28,token_specific,test,yes,0x8a8145ab28b5d2a2e61d74c02c12350731f479b3175893de2014124f998bff32,38,6,37,            [DELEGATECALL] 0xa2327a..bDCF.balanceOf(),DELEGATECALL,0xa2327a938Febf5FEC13baCFb16Ae10EcBc4cbDCF,,balanceOf,yes,,529,Return,0x22527f92f43Dc8bEa6387CE40B87EbAa21f51Df3,,,,,,
C28,token_specific,test,yes,0x8a8145ab28b5d2a2e61d74c02c12350731f479b3175893de2014124f998bff32,39,4,21,        [STATICCALL] 0xA0b869..eB48.balanceOf(),STATICCALL,0xA0b86991c6218b36c1d19D4a2e9Eb0cE3606eB48,,balanceOf,yes,,1315,Return,0x68b3465833fb72A70ecDF485E0e4C7bD8665Fc45,,,,,,
C28,token_specific,test,yes,0x8a8145ab28b5d2a2e61d74c02c12350731f479b3175893de2014124f998bff32,40,5,39,          [DELEGATECALL] 0xa2327a..bDCF.balanceOf(),DELEGATECALL,0xa2327a938Febf5FEC13baCFb16Ae10EcBc4cbDCF,,balanceOf,yes,,529,Return,0x68b3465833fb72A70ecDF485E0e4C7bD8665Fc45,,,,,,
C28,token_specific,test,yes,0x8a8145ab28b5d2a2e61d74c02c12350731f479b3175893de2014124f998bff32,41,3,3,      [CALL] 0x68b346..Fc45.exactInputSingle(),CALL,0x68b3465833fb72A70ecDF485E0e4C7bD8665Fc45,,exactInputSingle,yes,,76547,Return,"(0xA0b86991c6218b36c1d19D4a2e9Eb0cE3606eB48, 0xC02aaA39b223FE8D0A0e5C4F27eAD9083C756Cc2, 500, 0xa68ccE4D90302B728aD60A0fD7baC7737cD3545F, 0, 0, 0)",,,,,,
C28,token_specific,test,yes,0x8a8145ab28b5d2a2e61d74c02c12350731f479b3175893de2014124f998bff32,42,4,41,        [STATICCALL] 0xA0b869..eB48.balanceOf(),STATICCALL,0xA0b86991c6218b36c1d19D4a2e9Eb0cE3606eB48,,balanceOf,yes,,1315,Return,0x68b3465833fb72A70ecDF485E0e4C7bD8665Fc45,,,,,,
C28,token_specific,test,yes,0x8a8145ab28b5d2a2e61d74c02c12350731f479b3175893de2014124f998bff32,43,5,42,          [DELEGATECALL] 0xa2327a..bDCF.balanceOf(),DELEGATECALL,0xa2327a938Febf5FEC13baCFb16Ae10EcBc4cbDCF,,balanceOf,yes,,529,Return,0x68b3465833fb72A70ecDF485E0e4C7bD8665Fc45,,,,,,
C28,token_specific,test,yes,0x8a8145ab28b5d2a2e61d74c02c12350731f479b3175893de2014124f998bff32,44,4,41,        [CALL] 0x88e6A0..5640.swap(),CALL,0x88e6A0c2dDD26FEEb64F039a2c41296FcB3f5640,,swap,yes,,69804,Return,"0xa68ccE4D90302B728aD60A0fD7baC7737cD3545F, true, 13822280101 [1.382e10], 4295128740 [4.295e9], 0x00000000000000000000000000000000000000000000000000000000000000...","Swap(param0: 0x68b3465833fb72A70ecDF485E0e4C7bD8665Fc45, param1: 0xa68ccE4D90302B728aD60A0fD7baC7737cD3545F, param2: 13822280101 [1.382e10], param3: -1192538888...",,,,,
C28,token_specific,test,yes,0x8a8145ab28b5d2a2e61d74c02c12350731f479b3175893de2014124f998bff32,45,5,44,          [CALL] 0xC02aaA..6Cc2.transfer(),CALL,0xC02aaA39b223FE8D0A0e5C4F27eAD9083C756Cc2,,transfer,yes,,25962,Return,"0xa68ccE4D90302B728aD60A0fD7baC7737cD3545F, 11925388884037488410 [1.192e19]","Transfer(from: 0x88e6A0c2dDD26FEEb64F039a2c41296FcB3f5640, to: 0xa68ccE4D90302B728aD60A0fD7baC7737cD3545F, amount: 11925388884037488410 [1.192e19])",,,,,
C28,token_specific,test,yes,0x8a8145ab28b5d2a2e61d74c02c12350731f479b3175893de2014124f998bff32,46,5,44,          [STATICCALL] 0xA0b869..eB48.balanceOf(),STATICCALL,0xA0b86991c6218b36c1d19D4a2e9Eb0cE3606eB48,,balanceOf,yes,,1315,Return,0x88e6A0c2dDD26FEEb64F039a2c41296FcB3f5640,,,,,,
C28,token_specific,test,yes,0x8a8145ab28b5d2a2e61d74c02c12350731f479b3175893de2014124f998bff32,47,6,46,            [DELEGATECALL] 0xa2327a..bDCF.balanceOf(),DELEGATECALL,0xa2327a938Febf5FEC13baCFb16Ae10EcBc4cbDCF,,balanceOf,yes,,529,Return,0x88e6A0c2dDD26FEEb64F039a2c41296FcB3f5640,,,,,,
C28,token_specific,test,yes,0x8a8145ab28b5d2a2e61d74c02c12350731f479b3175893de2014124f998bff32,48,5,44,          [CALL] 0x68b346..Fc45.uniswapV3SwapCallback(),CALL,0x68b3465833fb72A70ecDF485E0e4C7bD8665Fc45,,uniswapV3SwapCallback,yes,,11594,Stop,"13822280101 [1.382e10], -11925388884037488410 [-1.192e19], 0x000000000000000000000000000000000000000000000000000000000000002000000000000000000000000000000000000...",,,,,,
C28,token_specific,test,yes,0x8a8145ab28b5d2a2e61d74c02c12350731f479b3175893de2014124f998bff32,49,6,48,            [CALL] 0xA0b869..eB48.transfer(),CALL,0xA0b86991c6218b36c1d19D4a2e9Eb0cE3606eB48,,transfer,yes,,7617,Return,"0x88e6A0c2dDD26FEEb64F039a2c41296FcB3f5640, 13822280101 [1.382e10]",,,,,,
C28,token_specific,test,yes,0x8a8145ab28b5d2a2e61d74c02c12350731f479b3175893de2014124f998bff32,50,7,49,              [DELEGATECALL] 0xa2327a..bDCF.transfer(),DELEGATECALL,0xa2327a938Febf5FEC13baCFb16Ae10EcBc4cbDCF,,transfer,yes,,6828,Return,"0x88e6A0c2dDD26FEEb64F039a2c41296FcB3f5640, 13822280101 [1.382e10]","Transfer(from: 0x68b3465833fb72A70ecDF485E0e4C7bD8665Fc45, to: 0x88e6A0c2dDD26FEEb64F039a2c41296FcB3f5640, amount: 13822280101 [1.382e10])",,,,,
C28,token_specific,test,yes,0x8a8145ab28b5d2a2e61d74c02c12350731f479b3175893de2014124f998bff32,51,5,44,          [STATICCALL] 0xA0b869..eB48.balanceOf(),STATICCALL,0xA0b86991c6218b36c1d19D4a2e9Eb0cE3606eB48,,balanceOf,yes,,1315,Return,0x88e6A0c2dDD26FEEb64F039a2c41296FcB3f5640,,,,,,
C28,token_specific,test,yes,0x8a8145ab28b5d2a2e61d74c02c12350731f479b3175893de2014124f998bff32,52,6,51,            [DELEGATECALL] 0xa2327a..bDCF.balanceOf(),DELEGATECALL,0xa2327a938Febf5FEC13baCFb16Ae10EcBc4cbDCF,,balanceOf,yes,,529,Return,0x88e6A0c2dDD26FEEb64F039a2c41296FcB3f5640,,,,,,
C28,token_specific,test,yes,0x8a8145ab28b5d2a2e61d74c02c12350731f479b3175893de2014124f998bff32,53,3,3,      [STATICCALL] 0xC02aaA..6Cc2.balanceOf(),STATICCALL,0xC02aaA39b223FE8D0A0e5C4F27eAD9083C756Cc2,,balanceOf,yes,,534,Return,0xa68ccE4D90302B728aD60A0fD7baC7737cD3545F,,,,,,
C28,token_specific,test,yes,0x8a8145ab28b5d2a2e61d74c02c12350731f479b3175893de2014124f998bff32,54,3,3,      [CALL] 0xC02aaA..6Cc2.withdraw(),CALL,0xC02aaA39b223FE8D0A0e5C4F27eAD9083C756Cc2,,withdraw,yes,,9195,Stop,11925388884037488410 [1.192e19],"Withdrawal(param0: 0xa68ccE4D90302B728aD60A0fD7baC7737cD3545F, param1: 11925388884037488410 [1.192e19])",,,,,
C28,token_specific,test,yes,0x8a8145ab28b5d2a2e61d74c02c12350731f479b3175893de2014124f998bff32,55,4,54,        [CALL] 0xa68ccE..545F.receive() value=11925388884037488410,CALL,0xa68ccE4D90302B728aD60A0fD7baC7737cD3545F,,receive,yes,11925388884037488410,55,Stop,,,,,,,
C28,token_specific,test,yes,0x8a8145ab28b5d2a2e61d74c02c12350731f479b3175893de2014124f998bff32,56,3,3,      [CALL] 0x000000..7d00.receive() value=11925388884037488410,CALL,0x00000000000747D525E898424E8774F7Eb317d00,attack_contract,receive,yes,11925388884037488410,62,Stop,,,,,,,
C28,token_specific,test,yes,0x8a8145ab28b5d2a2e61d74c02c12350731f479b3175893de2014124f998bff32,57,1,1,  [CALL] 0x690B9A..C990.receive() value=10091424440903924264,CALL,0x690B9A9E9aa1C9dB991C7721a92d351Db4FaC990,,receive,yes,10091424440903924264,0,Stop,,,,,,,
C28,token_specific,test,yes,0x8a8145ab28b5d2a2e61d74c02c12350731f479b3175893de2014124f998bff32,58,1,1,  [CALL] 0xb792FA..9b30.receive() value=1833964443133564146,CALL,0xb792FAF099991f96c5dfEf037Ae9f248186D9b30,attacker,receive,yes,1833964443133564146,0,Stop,,,,,,,
